t_right_s,t_left_s,gait_speed_right,gait_speed_left,stride_length_right,stride_length_left,mtc_right,mtc_left,segmento_right,segmento_left,Asimetria_Velocidad_pct,Asimetria_Zancada_pct,Asimetria_MTC_pct,Gait_Speed_ms
0.13,0.11,0.5921460306135699,0.39775211131436145,0.4796382847969916,0.20683109788346796,0.08170135794248531,-0.03914692896118233,0,0,39.275539788488885,79.48123945405764,567.9704312646959,0.4949490709639657
9.09,8.94,0.4276725753566922,0.3262662399294142,0.24377336795331453,0.17944643196117785,-0.0255720657948687,0.009887013882566298,0,0,26.900415092382804,30.39883105900685,452.1385058295287,0.3769694076430532
9.66,9.49,0.14410791485962177,0.5922815509910183,0.07781827402419576,0.3316776685549703,-0.025813335889219725,0.006915472905417573,0,0,-121.72190312735908,-123.98628075866561,346.37576558460614,0.36819473292532
10.2,10.05,0.5117122930946312,0.5841917895351754,0.2763246382711009,0.32130548424434646,0.00950557962385894,0.008169308449975488,0,0,-13.227343084007392,-15.053071884636449,15.120561649967598,0.5479520413149033
10.74,10.6,0.08736276966087708,0.3418049868958626,0.048049523313482397,0.1845746929237658,0.011567394344009808,0.007917461706212122,0,0,-118.5747127307063,-117.3782951909396,37.464301798176365,0.21458387827836983
11.29,11.14,0.4967975754303217,0.23043761809847552,0.2782066422409802,0.12674068995416155,-0.0023065896648502403,-0.008320626179598136,0,0,73.25276876092185,74.80772942286139,-113.18178914921747,0.36361759676439864
11.85,11.69,0.32064159875679465,0.5610281448386799,0.16673363135353322,0.29734491676450037,-0.030033846282531963,0.0054916729810075456,0,0,-54.52983905324504,-56.28843907594173,289.5058952365304,0.4408348717977373
12.37,12.22,0.24405240240456658,0.3142881901499789,0.1293477732744203,0.1728585045824884,-0.029014106417159638,-0.00493939595585351,0,0,-25.158761043708576,-28.795385467584456,141.80987985758512,0.27917029627727274
12.9,12.77,0.446491936015278,0.34520207043793794,0.24557056480840292,0.1864091180364865,0.006213590768967228,-0.0011996883404179386,0,0,25.58813499956075,27.390846894602436,295.70894986602707,0.39584700322660793
13.45,13.31,0.06349428174083822,0.44602141862371947,0.03492185495746103,0.22747092349809694,0.007322308160456346,0.006534026062333867,0,0,-150.1532284909704,-146.76399988900485,11.377931355407853,0.25475785018227887
14.0,13.82,0.8871731803803947,0.11598676755096403,0.4524583219940013,0.06379272215303022,0.0040810422738504215,-0.008035520300637537,0,0,153.7514360336482,150.5723249366549,-612.8021191374414,0.5015799739656793
14.51,14.37,0.2765932946569391,0.30958360255314954,0.14382851322160833,0.15788763730210625,-0.02615970601447229,-0.0063492655833396,0,0,-11.256092846111109,-9.31943752834861,121.87675867584866,0.29308844860504435
15.03,14.88,0.68295362989555,0.3167127088075491,0.3619654238446415,0.17102486275607653,-0.049754136409599733,-0.008431874004262917,0,0,73.27263245917385,71.64879581815168,142.03504282703634,0.49983316935154953
15.56,15.42,0.3672695420120362,0.1240715239739613,0.19832555268649957,0.06327647722672027,0.009988848463063289,2.4108645344465048e-05,0,0,98.99356470440257,103.24772747717482,199.03690208263365,0.24567053299299876
16.1,15.93,0.13734592429728643,0.5062450239629023,0.06729950290567034,0.26830986270033824,0.020513249727011906,0.001197271470305121,0,0,-114.63775264796875,-119.7882898361339,177.94117498288196,0.32179547413009435
16.59,16.46,0.6396655182920875,0.320644758414963,0.3518160350606482,0.1699417219599304,-0.004599830967043053,-0.03524534048745933,0,0,66.44118419123075,69.71599776083232,-153.82295220091683,0.48015513835352525
17.14,16.99,0.3950893136700877,0.7495547235452189,0.24495537447545437,0.4722194758334879,-0.027499192029704005,-0.043727954613491646,0,0,-61.93460994869211,-63.37759927307363,-45.56903750499453,0.5723220186076533
17.76,17.62,0.34988657813035606,0.6844988835257951,0.18194102062778517,0.3627844082686714,-0.014048273626496105,-0.01432823576181319,0,0,-64.69779744577856,-66.3979972468888,-1.9731964314992587,0.5171927308280756
18.28,18.15,0.24743724193105746,0.21212890139239313,0.13361611064277104,0.1081857397101205,0.012176182924233161,-0.0013246365533734561,0,0,15.365945055623346,21.03405817245554,248.82756827840063,0.2297830716617253
18.82,18.66,0.2881576360493288,0.4391105120571819,0.1440788180246644,0.23272857139030642,0.013493033508679649,0.004696123390352962,0,0,-41.51230227829132,-47.053086460580914,96.72696944842507,0.3636340740532553
19.32,19.19,0.30300924556804654,0.5452860606155296,0.15453471523970375,0.2671901697016095,-0.008721866948724528,-0.009383730311424964,0,0,-57.120866585357,-53.426040760000575,-7.311146417215416,0.4241476530917881
19.83,19.68,0.504883158321809,0.378531904245255,0.27263690549377684,0.19305127116508006,-0.0610222123961676,-0.013661767132110333,0,0,28.605184455288153,34.179795974076356,126.82892787234233,0.441707531283532
20.37,20.19,0.679743242530382,0.39790705611258864,0.33307418883988715,0.20691166917854611,-0.009662408496449722,-0.023689938226807178,0,0,52.30568520654522,46.72808288880569,-84.11719778971911,0.5388251493214853
20.86,20.71,0.7571911725327972,0.5574449221796097,0.39373940971705457,0.284296910311601,0.0005814361667479018,0.0022720658263767858,0,0,30.388067261592184,32.28219379186893,-118.49507473289573,0.6573180473562035
21.38,21.22,0.2936400013992138,0.13606433758587283,0.1615020007695676,0.0721140989205126,0.013689730812217506,0.00877122308126978,0,0,73.34143480399429,76.52546375668355,43.79607165636791,0.21485216949254332
21.93,21.75,0.3142530269571225,0.5724172975278338,0.15398398320899,0.28048447578863855,-0.020219792994840394,0.0045624411631447585,0,0,-58.232302004845415,-58.23230200484543,316.55716016827,0.44333516224247815
22.42,22.24,0.5178502879742675,0.4963915988713686,0.26410364686687643,0.2581236314131117,-0.047263262201935184,0.001358661671552192,0,0,4.231473651642791,2.2901965111667772,211.8390022425132,0.507120943422818
22.93,22.76,0.5532866649678266,0.28722483251142195,0.2821761991335916,0.15222916123105365,-0.00826716105054983,-0.05009796069270931,0,0,63.30950457057216,59.82754807328288,-143.34177122483504,0.4202557487396243
23.44,23.29,0.6643552407833624,0.22546880375303288,0.34546472520734844,0.1172437779515771,-0.014767631774372552,-0.009285886333275555,0,0,98.6456681464463,98.6456681464463,45.57957315486427,0.44491202226819765
23.96,23.81,0.29667650279029134,0.3351695512692724,0.14833825139514567,0.17763986217271438,-0.002657872593177432,-0.006212912331796073,0,0,-12.184312375353485,-17.977655282963585,-80.15163863595215,0.31592302702978187
24.46,24.34,1.5271467176494025,0.19280585012143464,0.8399306947071714,0.10218710056436037,0.008151444111238582,-0.0031385749909007103,0,0,155.1601936624746,156.61387521720312,450.44140715081494,0.8599762838854186
25.01,24.87,0.9049672439128845,0.2521927496306966,0.43438427707818456,0.1336621573042692,-0.0003885961817581199,0.0009425736150326935,0,0,112.82355040346509,105.87941462948979,-480.5862899224026,0.5785799967717906
25.49,25.4,0.1916993128709586,0.830023030539271,0.09776664956418889,0.4316119758804209,-0.008780769869298814,-0.004533566386591084,0,0,-124.95052531351372,-126.12724060622773,63.79895176267436,0.5108611717051148
26.0,25.92,0.8163097096191196,0.2747225842185969,0.4244810490019422,0.14835019547804235,0.008886375491197685,-0.04991391225671316,0,0,99.2797607292603,96.40914534072634,-286.63815760605814,0.5455161469188583
26.52,26.46,0.4290094075266101,0.18904095061925424,0.21450470376330505,0.10019170382820476,0.01882201260570578,-0.011316122581929277,0,0,77.65336715514745,72.64970122155557,803.0529382169498,0.30902517907293214
27.02,26.99,0.27513492327321376,0.39373644284302206,0.14031881086933903,0.2086803147068017,-0.012438185249574813,0.0028225642306294292,0,0,-35.46317739940384,-39.17574505357798,317.4157852131739,0.3344356830581179
27.53,27.52,0.4199504140111185,0.5166284876032837,0.20997520700555924,0.26864681355370756,-0.02356331758127265,0.006699576701008891,0,0,-20.64493945475796,-24.5168855706183,358.9108074792503,0.4682894508072011
28.03,28.04,0.4757322937371256,0.6384753091237078,0.24262346980593408,0.325622407653091,-0.009553979047859568,0.004800280119739005,0,0,-29.212332597394607,-29.212332597394603,603.9195744049241,0.5571038014304167
28.54,28.55,1.6172244611008129,0.39582530784332187,0.8086122305504064,0.19791265392166094,0.0026925554488215347,-0.0014739895574647029,0,0,121.34813277846851,121.34813277846851,683.844022853279,1.0065248844720673
29.04,29.05,0.8950458071518909,0.30572440218594094,0.44752290357594543,0.14369046902739224,-0.007215049351262876,-0.012689167297658323,0,0,98.15723281325123,102.78266650521222,-55.004605737067706,0.6003851046689159
29.54,29.52,0.37034580198632705,0.5276423091155973,0.17776598495343698,0.25854473146664264,0.0020189713842013093,-0.021496673629068697,0,0,-35.033093464066276,-37.02808272782919,-241.46220860796518,0.44899405555096217
30.02,30.01,0.5886030570855473,0.4449402722166186,0.3060735896844846,0.2180207333861431,0.011581895127278552,-0.0032718639159391334,0,0,27.800050717937065,33.60191187816983,357.4898496879061,0.5167716646510829
30.54,30.5,0.34875809197217605,0.3353126539605738,0.19181695058469686,0.1844219596783156,-0.002577621663977841,-0.0017117608681366803,0,0,3.9310080401900582,3.9310080401900724,40.37228152809773,0.34203537296637493
31.09,31.05,0.6519713273388674,0.21418639183891866,0.34554480348959976,0.11780251551140528,0.004260655221946667,7.582765194454055e-05,0,0,101.08665565331982,98.30305632034982,193.00560807920368,0.43307885958889303
31.62,31.6,0.7630300151782298,0.19429101120515044,0.4120362081962441,0.10491714605078124,0.007414778856457471,-0.0013390091992565144,0,0,118.8188681328128,118.8188681328128,288.15404630552644,0.4786605131916901
32.16,32.14,1.0959905458318546,0.5145071716221431,0.5370353674576087,0.27783387267595727,0.00021957268611157849,-0.04545481110489968,0,0,72.21163593189893,63.617935741240025,-201.94160741746313,0.8052488587269988
32.65,32.68,0.2977330133243942,0.22938109564158296,0.15184383679544106,0.11239673686437565,-0.01673672292819443,-0.015257842282688899,0,0,25.93439125235901,29.856959046606978,9.244574106620286,0.2635570544829886
33.16,33.17,0.6253809756084878,0.6627980048924027,0.3126904878042439,0.33139900244620135,-0.003840653169364279,0.001200314346995765,0,0,-5.809290455797655,-5.809290455797655,381.8424721595425,0.6440894902504453
33.66,33.67,1.027241664344619,0.5121645494768122,0.5033484155288632,0.250960629243638,0.0006593734019309169,-0.006237399329327152,0,0,66.91893409851532,66.91893409851532,-247.28363837051617,0.7697031069107156
34.15,34.16,0.2449971369615397,0.14144197384050197,0.11759862574153906,0.072135406658656,0.0041411377237794735,0.00015737940680572173,0,0,53.59455615458404,47.923104261011126,185.355004805176,0.19321955540102084
34.63,34.67,0.5440906332230663,0.5747648002876434,0.27204531661153314,0.2586441601294395,0.0007164838306906174,0.0002622349995931644,0,0,-5.483133235243575,5.050470027931103,92.82519494710088,0.5594277167553549
35.13,35.12,0.6690253135572087,0.3947735259536761,0.29437113796517184,0.17764808667915424,-0.018693107692631036,-0.005958795000845482,0,0,51.56083601851428,49.456905647845275,103.31302090653925,0.5318994197554424
35.57,35.57,0.3206666621966679,0.21329320387525164,0.15391999785440058,0.10238073786012078,-0.02294173785668459,-0.0020593928340298965,0,0,40.217801053592304,40.217801053592304,167.0512048513908,0.2669799330359598
36.05,36.05,0.33080996312897654,0.18528399643442547,0.16871308119577805,0.08893631828852422,0.005841458811273598,-0.006736355930213246,0,0,56.395144332888954,61.926604965453734,-2811.0079863459896,0.258046979781701
36.56,36.53,0.7761306310709452,0.4657009292155575,0.41134923446760097,0.2235364460234676,0.015380818727221362,0.002859038991800414,0,0,49.995460219060384,59.16428554471878,137.30128741478478,0.6209157801432513
37.09,37.01,0.15207375984564914,0.4014349318766727,0.07299540472591158,0.19268876730080287,0.0010890955405373024,0.005624794578261604,0,0,-90.10198963817548,-90.10198963817548,-135.11388948783463,0.2767543458611609
37.57,37.49,0.7922553908873363,0.461932273148667,0.3882051415347948,0.2309661365743335,0.0007486675976557076,0.003978543967459132,0,0,52.675229905496316,50.79014822543111,-136.65038364852452,0.6270938320180017
38.06,37.99,0.26853383778610246,0.6433564665056702,0.12084022700374611,0.3152446685877784,-0.0035062848994882453,0.002000226711588668,0,0,-82.20783288417063,-89.15898878833382,731.2481888573727,0.4559451521458864
38.51,38.48,0.7175154829961073,0.48045610481300677,0.33723227700817043,0.23061893031024325,-0.04182055300188092,-0.00616341014839856,0,0,39.57679474129128,37.54974730137201,148.62108301395975,0.5989857939045571
38.98,38.96,0.388629116455517,0.49733974753206817,0.20597343172142402,0.24866987376603408,0.008365941590637764,-0.03618008138594817,0,0,-24.540508249299943,-18.782391175355336,-320.3120664842318,0.44298443199379256
39.51,39.46,0.3898922697313368,0.46199302996650327,0.19104721216835502,0.2402363755825817,0.01898011801379993,-0.007049465740739174,0,0,-16.927339927274318,-22.810589046867737,436.34804131059184,0.42594264984892005
40.0,39.98,0.29045314641614206,0.6174285618191886,0.1539401676005553,0.3148885665277862,-0.009588577541313792,0.007065250570734552,0,0,-72.03040053281738,-68.6597843566352,1319.9897045625755,0.4539408541176653
40.53,40.49,0.445348056503518,0.4313561483664092,0.2182205476867238,0.22430519715053276,-0.019320672427523805,-0.004411126924204008,0,0,3.1919336212570673,-2.7499640573664945,125.65035867989754,0.4383521024349636
41.02,41.01,0.37383774785116514,0.2480722360260329,0.19439562888260586,0.12155539565275612,-0.02970170146168649,-0.0005991924032572971,0,0,40.4449245342766,46.10855960158299,192.09010260980418,0.310954991938599
41.54,41.5,0.28934094941071403,0.719544187299875,0.13888365571714273,0.36696753552293626,0.008207624886102934,-0.016639520615045554,0,0,-85.28289737557508,-90.17825153150388,-589.3608341445745,0.5044425683552946
42.02,42.01,0.6223713954987105,0.3586491274655922,0.31118569774935523,0.17573807245814016,0.01003782987423656,-0.017875878094735575,0,0,53.76488296824644,55.63401648413921,-712.2617055600352,0.4905102614821513
42.52,42.5,0.23438026994655378,0.2785053877133551,0.11953393767274244,0.136467639979544,0.000672094580586838,-0.012395393645734155,0,0,-17.20661013143806,-13.229373398473136,-222.93192647741742,0.25644282882995445
43.03,42.99,0.3254270318596358,0.6563038898194395,0.15945924561122155,0.3347149838079142,-0.019879354176481092,0.0014751034137323853,0,0,-67.40683229044025,-70.92872422857519,232.06005901023863,0.49086546083953764
43.52,43.5,0.3161815150451108,0.3384882526339463,0.1612525726730065,0.17601389136965206,-0.017898823117448497,-0.0024114551638166675,0,0,-6.814653338252539,-8.753505177899044,152.50768836503693,0.3273348838395285
44.03,44.02,0.44266023100119495,0.3018705352674605,0.20805030857056162,0.15395397298640484,0.0011779337814933153,0.002774273241985495,0,0,37.81971198835109,29.887124733160903,-80.78217821125425,0.3722653831343277
44.5,44.53,1.0101807437503447,0.5398755479275692,0.5050903718751724,0.2645390184845089,0.01015179850053859,-0.008524815801155333,0,0,60.682337583195356,62.510958236208566,2295.858992080702,0.775028145838957
45.0,45.02,0.2068387089818665,0.34021299095893165,0.10962451576038924,0.17691075529864447,0.00010151470199099011,-0.03309635542105306,0,0,-48.76112513369355,-46.96541496588915,-201.2306736420442,0.2735258499703991
45.53,45.54,0.30458053796761,0.25440526713516326,0.1553360743634811,0.1322907389102849,-0.014522136723823955,-0.0041641993659375705,0,0,17.952252230527275,16.0244694789713,110.86108382222265,0.2794929025513866
46.04,46.06,0.6990465562978269,0.45652451569447056,0.3565137437118917,0.24195799331806941,-0.021943445408121612,-0.0009933962150013107,0,0,41.974404946850875,38.28276033963733,182.67597202223598,0.5777855359961487
46.55,46.59,0.5194555375441603,0.46253744699554533,0.27011687952296337,0.24051947243768357,-0.006287487026326213,0.013084909709012233,0,0,11.592361950588568,11.592361950588577,-569.9924115262872,0.4909964922698528
47.07,47.11,0.6986690541738345,0.6426939423990257,0.3353611460034406,0.34062778947148364,0.009066005410270998,0.002952619220482032,0,0,8.346005058708714,-1.5582040449650023,101.73187661000992,0.6706814982864301
47.55,47.64,0.29883898234876644,0.5938270731607074,0.1434427115274079,0.27909872438553246,0.014513914580898145,-0.0036075033403777787,0,0,-66.09147709634406,-64.20956683929803,332.3076220333558,0.44633302775473693
48.03,48.11,0.540366570854263,0.4608910794232615,0.2647796197185889,0.22583662891739814,-0.0030471602074038638,-0.02583742258057048,0,0,15.875132920876613,15.87513292087662,-157.80226109171977,0.5006288251387623
48.52,48.6,0.707128376546046,0.29121573536157513,0.3182077694457207,0.1368713956199403,0.004895899849106912,-0.015097179538057975,0,0,83.32049765681518,79.69443022056011,-391.97198776579484,0.49917205595381053
48.97,49.07,0.2800076907742039,0.27847360689993694,0.13720376847935992,0.13088259524297036,-0.0005073649707485507,-0.0032400866791469406,0,0,0.5493769910132438,4.715773789178399,-145.84426771588102,0.27924064883707045
49.46,49.54,0.5900891833914886,0.06949732341684904,0.31274726719748897,0.024324063195897163,-0.014190824786720077,0.0001834382719228876,0,0,157.8540053809539,171.13481806060545,205.2383296978093,0.3297932534041688
49.99,50.05,0.495314369246376,0.18850961312623388,0.2575634720081155,0.09991009495690396,-0.016532450527057017,0.0013010574339239022,0,0,89.7320842874349,88.20421514782306,234.16778559829743,0.34191199118630494
50.51,50.58,0.16794516830546555,0.45229970239914336,0.08397258415273277,0.23519584524755455,3.509097129386412e-05,0.0009109279183872263,0,0,-91.69105542804286,-94.76078907864915,-185.1626762735389,0.31012243535230444
51.01,51.1,0.6148823815134692,0.620052394933239,0.3012923669415999,0.2976251495679547,-0.02005625377862386,-0.01808614892641173,0,0,-0.8372933564387257,1.2246151673831256,10.330260877624452,0.6174673882233541
51.5,51.58,0.2382351998320542,0.43719964789040044,0.11435289591938602,0.21859982394520022,-0.01667875978759157,-0.010968409136346271,0,0,-58.91447523895108,-62.6196584717566,41.30875509861761,0.33771742386122733
51.98,52.08,0.6147972473677991,0.13648419519789773,0.29510267873654356,0.0655124136949909,-0.011766958008554512,-0.00255754399657101,0,0,127.33258804754107,127.33258804754111,128.5826761543017,0.3756407212828484
52.46,52.56,0.21679451822113674,1.050406692524276,0.09755753319951153,0.525203346262138,0.006269270316044773,0.0052120533947076116,0,0,-131.56745230897926,-137.3386887860741,18.416289758419868,0.6336006053727065
52.91,53.06,0.29439021899473894,0.4390570606976405,0.15308291387726425,0.19757567731393824,0.017394142061048178,-7.923074067870545e-05,0,0,-39.4484636342444,-25.37668521711112,201.8303470162275,0.3667236398461897
53.43,53.51,0.36310114007433847,0.4049133209552511,0.188812592838656,0.21055492689673058,-0.010628467030596273,0.0034510977672704305,0,0,-10.888383748623644,-10.888383748623642,392.33218415580103,0.3840072305147948
53.95,54.03,0.14558608795351458,0.6586408107055891,0.06988132221768699,0.32932040535279455,-0.014322274527991678,-0.0003086637400366646,0,0,-127.58954558906106,-129.9789380742607,191.56134119679368,0.40211344932955184
54.43,54.53,0.3820034571755522,0.40280343493066506,0.19864179773128715,0.20945778616394584,-0.014200043274457461,-0.0028226611568093695,0,0,-5.300661338304806,-5.300661338304798,133.67302667548444,0.3924034460531086
54.95,55.05,0.2889334556068479,0.12463318117684255,0.1531347314716294,0.02741929985890536,0.008468233266511804,-0.0020709362767690927,0,0,79.45528474335809,139.25519212869926,329.488206040119,0.20678331839184522
55.94,55.75,0.6937021977436764,0.33537667043567493,0.3468510988718382,0.17439586862655096,-0.011382432655618238,-0.035564681203233806,0,0,69.64005158165415,66.1702574781196,-103.0191062237404,0.5145394340896756
56.44,56.27,0.5582686209986808,0.23006040728957905,0.290299682919314,0.11503020364478952,-0.02464221097918868,-0.006501459352533049,0,0,83.2668091448459,86.48238636447321,116.49719787958433,0.3941645141441299
56.96,56.77,0.2803308848024476,0.09126755977455268,0.1401654424012238,0.04563377988727634,-0.011056698036707738,0.013648127809816498,0,0,101.7567903133235,101.7567903133235,-1906.656016912822,0.18579922228850015
57.46,57.27,0.45101147009476045,0.15119191536634746,0.23452596444927545,0.07559595768317373,0.00792256066651223,0.010743676177235375,0,0,99.5741843924842,102.49517716985176,-30.226933627150448,0.301101692730554
58.48,58.28,0.3716841055628411,0.20212067476062098,0.19327573489267738,0.09701792388509807,-0.007428819939223893,-0.02012188355626633,0,0,59.101435406876455,66.31754300996718,-92.14329949229909,0.286902390161731
66.04,65.86,0.11968490150599372,0.20026994320483973,0.05984245075299686,0.09813227217037147,0.004965972740992261,-0.020161360076639222,0,0,-50.37275917586221,-48.47588362088605,-330.7231630573195,0.15997742235541673
66.54,66.66,0.4320062306126672,0.06720150747393755,0.2160031153063336,0.011424256270569385,-0.005696777174302376,-0.000423530551509739,0,0,146.15347291569498,179.9069809559728,172.31965643011586,0.24960386904330237
67.53,67.57,0.2502670733529556,0.2406215688321988,0.1201281952094187,0.05053052945476175,-0.004997548762689759,-0.0021151888132365008,0,0,3.9298136855725883,81.56356013044179,81.04783618641805,0.2454443210925772
68.5,68.55,0.30015736176225044,0.1738129054834399,0.1470771072635027,0.038238839206356776,0.0061315117620792045,0.00665899353356038,0,0,53.31324136132692,117.46238802481881,-8.24802084497787,0.23698513362284518
69.96,69.76,0.48568688651575326,0.07667011491369327,0.23312970552756154,0.036034954009435835,-0.019084823999746287,0.010357660446774919,0,0,145.4651655664948,146.4492046297293,674.7320424972859,0.2811785007147233
70.91,70.72,0.3507961400843345,0.25396075658928907,0.1789060314430106,0.12444077072875165,0.008510467188400424,-0.006336220045289838,0,0,32.02456525181415,35.90956642649518,1365.6853390134713,0.3023784483368118
71.42,71.49,0.05833908851069532,0.09736203476367636,0.02975293514045461,0.017525166257461745,0.0052356650266248556,-0.0005548495715758349,0,0,-50.125452446757265,51.72698785036985,247.41477863455088,0.07785056163718584
71.93,71.96,0.8964901756028846,0.08172984907638063,0.4303152842893846,0.019615163778331352,0.0008815492856573681,-0.008287597823764571,0,0,166.5801774592877,182.56160358778013,-247.61239579359653,0.4891100123396326
72.94,73.06,0.2105192386187144,0.12352833940583383,0.11157519646791864,0.019764534304933412,-0.006592047038238123,-0.0004473760871725899,0,0,52.08293963830977,139.80638093703556,174.5788210651714,0.1670237890122741
73.47,73.51,0.44161008933727525,0.22785000227891822,0.22080504466863762,0.050127000501362005,0.007299500328308867,-0.0009370969752814651,0,0,63.860442089177525,125.99324975396068,258.9146536794508,0.33473004580809673
74.51,74.54,0.44894645316393167,0.06397721795893065,0.23345215564524446,0.014714760130554049,-0.010136879862758566,-0.00046221848819053685,0,0,150.10780624035115,176.2824789363175,182.55630911664682,0.25646183556143115
75.54,75.58,0.30165631577518537,0.044061504535455875,0.1568612842030964,0.009252915952445734,-0.015307906037360645,-0.005917500295214951,0,0,149.0202680372509,177.7191451572913,88.48269470096139,0.17285891015532062
76.06,76.07,0.6782281948889468,0.13841345721551032,0.318767251597805,0.03321922973172248,0.004486302106527496,-0.0012342109092129579,0,0,132.20357699912873,162.24942548219875,351.8052027854724,0.4083208260522286
76.53,76.6,0.4972146466629458,0.07878175345007637,0.25855161626473183,0.017331985759016802,0.015479253760315276,-0.0004947305226958645,0,0,145.29010706690678,174.8705821848378,213.2064401342798,0.2879982000565111
77.56,77.62,0.979526090789259,0.13348534237942777,0.5191488281183073,0.03203648217106266,-0.028498543919021,-0.004149277204042949,0,0,152.02732392446254,176.7508447173647,149.16319605645344,0.5565057165843434
78.09,78.15,0.20985756050274737,0.1976283161652223,0.11542165827651106,0.04150194639469668,-0.018928287165900858,-0.005612105506592748,0,0,6.002291140750272,94.21108065506618,108.52460135435172,0.20374293833398482
78.64,78.67,1.0813426648842883,0.14769837511674294,0.5190444791444584,0.036924593779185735,0.0029247526259044004,-0.003532689727956794,0,0,151.93053110199835,173.43406633393298,-2124.3784371971674,0.6145205200005156
79.65,79.75,0.21989729980110856,0.05284100880749229,0.11214762289856536,0.010039791673423535,-0.002622156786328121,-0.00021379517923563384,0,0,122.50298965764587,167.1331398291977,169.8450210960278,0.1363691543043004
80.16,80.24,1.0442536222487016,0.12228899856017737,0.5116842749018637,0.025680689697637246,-0.01636545697730699,-0.002367795951301748,0,0,158.06788491778127,180.88398657193653,149.44186233271347,0.5832713104044395
81.13,80.96,0.29787515191231273,0.11212151350078542,0.14595882443703323,0.05606075675039271,-0.006871460629155213,-0.040000105045949814,0,0,90.61226789460277,88.9993605156884,-141.35923961417942,0.20499833270654907
81.62,81.75,0.34230468116835305,0.08306172724367447,0.17115234058417653,0.018273579993608385,0.005646612432963077,-0.007351022840207083,0,0,121.8915968905401,161.41271492756536,-1525.1767083712016,0.21268320420601378
82.12,82.24,0.07828446830482469,0.15253996852955898,0.0383593894693641,0.03508419276179857,0.00044136916867973386,-0.0014674185470307953,0,0,-64.33937519190184,8.918945966597576,-372.0654689695528,0.11541221841719183
82.61,82.47,0.4012395874632728,0.04452451527840604,0.2126569813555346,0.01291210943073775,-0.0061617959873492695,-0.0033781208337351773,0,0,160.04656722732284,177.10305186631794,58.35847850291128,0.22288205137083944
83.14,83.28,0.15149824049729685,0.09127199414095563,0.0772641026536214,0.02007983871101024,-0.021209950252624305,0.000239141617678712,0,0,49.61584062896611,117.48910746979091,204.56141910102994,0.12138511731912624
83.65,83.5,0.5583665005493162,0.33094263752961933,0.29593424529113765,0.102592217634182,-0.05174798951105135,0.00029132651043748493,0,0,51.14618826721438,97.02845137949407,202.26463585820954,0.44465456903946776
84.18,84.29,0.4120551892161786,0.22150592749265877,0.2101481465002511,0.053161422598238105,0.007870380060789614,0.005244149751606536,0,0,60.15181699071651,119.24118400975632,40.05069715424653,0.3167805583544187
84.69,84.8,0.0633909535378593,0.10016011275124147,0.03296329583968684,0.020032022550248295,0.005447048330094126,-0.002316972329723589,0,0,-44.9635212385436,48.80156844908946,496.09151080667783,0.08177553314455038
85.21,85.29,0.6105668396439451,0.09079102919967774,0.28696641463265415,0.019066116131932324,0.006954353439132616,-0.0009405577854705708,0,0,148.21985566405854,175.0796216542106,262.5600096603101,0.3506789344218114
85.68,85.78,0.4065685797201257,0.1735444502301127,0.20734997565726412,0.03817977905062479,-0.013228492864665447,-0.00042917240325957007,0,0,80.3374919918629,137.80015933946916,187.43057777913242,0.2900565149751192
86.19,86.27,0.1352006929568651,0.13833854852809324,0.0689523534080012,0.033201251646742376,-0.01768535494600211,-0.0002513725091859362,0,0,-2.2942635610113666,69.99479214091366,194.39423919856173,0.13676962074247917
86.7,86.86,0.2883578196660974,0.11921923022594552,0.14706248802970967,0.015498499929372918,0.00907251240603046,1.2022360166455892e-05,0,0,82.99711158170095,161.86415910987458,199.4706449817908,0.20378852494602145
87.21,87.29,0.6439126892034678,0.22879749803081234,0.30263896392562983,0.05262342454708684,0.014625033670734495,-0.0018689221562787437,0,0,95.13242706337682,140.74979366848657,258.604760679955,0.4363550936171401
87.68,87.79,0.06843844169255607,0.14294012148208451,0.034903605263203595,0.03144682672605859,0.0004670007521761707,-0.00608605690300602,0,0,-70.49123493944397,10.419761962377065,-233.24407086462034,0.1056892815873203
88.19,88.29,0.7061143282971127,0.128959398605618,0.3813017372804409,0.02450228573506742,-0.01647466951347951,-0.0008757156300802952,0,0,138.22849674175455,175.84815886940478,179.81103882514452,0.41753686345136537
88.73,88.76,0.5663706769975064,0.23239479921144976,0.2831853384987532,0.05112685582651895,-0.04332397825780213,-0.00012962044376615446,0,0,83.62301269482731,138.82741139047462,198.80681510724705,0.3993827381044781
89.23,89.27,0.2514980470851772,0.15433193209935755,0.1257490235425886,0.03395302506185866,0.004735305681930835,-2.0587574889624483e-05,0,0,47.88513415448654,114.9590744550708,201.74666433260373,0.2029149895922674
90.27,90.27,0.09377628448424204,0.11591467955982857,0.04219932801790892,0.025501229503162283,-0.0002777086194051294,-0.0006532197026364083,0,0,-21.115258996981595,49.329279185181,-80.67454267752393,0.10484548202203531
91.74,91.73,0.22062811158096157,0.18006455213411282,0.10590149355886155,0.04321549251218708,-0.0064174509850651665,-0.00022903428134074012,0,0,20.24671930389661,84.07627152121619,186.21621671241044,0.2003463318575372
92.22,92.24,0.35054403014936486,0.06610950162104132,0.17527201507468243,0.03173256077809983,0.006009753459531246,-0.005763279627469465,0,0,136.53287772203933,138.68239743518052,9553.170808047227,0.2083267658852031
92.72,92.72,0.08365050896320488,0.2002816477436526,0.042661759571234484,0.05007041193591315,0.002661031322842476,0.0002886038093887523,0,0,-82.15423017468375,-15.978602127542366,160.86243939324925,0.14196607835342873
93.74,93.76,0.33685476022982236,0.05991144908842167,0.17853302292180587,0.011383175326800117,-0.020996372621784273,-0.0007548534815360435,0,0,139.60025054415155,176.02484583879635,186.11841966148629,0.198383104659122
94.27,94.26,0.21618344517273688,0.2539910373014065,0.11241539148982319,0.13207533939673138,-0.010147758511977635,0.002024626924092606,0,0,-16.082366669377375,-16.08236666937738,299.696867011839,0.2350872412370717
94.79,94.78,0.23311164554416933,0.1901599892730817,0.12354917213840975,0.041835197640077974,0.012062020384716387,-0.0019229805193890443,0,0,20.29507896962297,98.81704614260433,275.86440313604425,0.21163581740862553
95.32,95.32,0.3413632376859778,0.05827375583839657,0.17750888359670847,0.009323800934143452,0.017422601377156576,-0.0005015478667268589,0,0,141.67331174776004,180.03818024120122,211.85618534727087,0.1998184967621872
95.84,95.77,0.30140425605735227,0.14992359501547506,0.16577234083154377,0.03298319090340451,-0.008758000399656575,0.0005695469594789535,0,0,67.12666221763209,133.62058280241587,227.82195508052368,0.22566392553641368
96.39,96.28,1.1991673270654621,0.30696705616752307,0.6115753368033857,0.17190155145381295,-0.037322621087209996,-0.014029853484753937,0,0,118.47551995762703,112.23656803140753,90.7172158561287,0.7530671916164926
96.9,96.84,0.05892464811174779,0.10109896579983568,0.030640817018108852,0.0515604725579162,-0.00390862930048314,-0.0028637694240582897,0,0,-52.71011778472909,-50.89860669511639,30.856419384716595,0.08001180695579174
97.42,97.35,1.2432090583177782,0.6463133533054689,0.5594440762430002,0.3296198101857892,-0.00781140602000506,0.007979668531967346,0,0,63.17953164678574,51.70028151303592,-18769.569487363668,0.9447612058116235
97.87,97.86,0.09536853241025753,0.06996056959963172,0.04673058088102619,0.034280679103819545,0.005148584535904712,0.007390802249898645,0,0,30.73622550627054,30.736225506270532,-35.76279689422279,0.08266455100494463
98.36,98.35,0.5529733339552498,0.44596650247765646,0.2764866669776249,0.22298325123882823,0.008517976407794371,0.00523975761040091,0,0,21.424079323876377,21.424079323876377,47.6563770321167,0.49946991821645315
98.86,98.85,0.3670554459741835,0.7406751725758854,0.1798571685273499,0.355524082836425,-0.00736866405265125,-0.0117771470576299,0,0,-67.45678422985912,-65.62311020851006,-46.05167135082963,0.5538653092750345
99.35,99.33,0.236091189794367,0.41953320138773903,0.11332377110129616,0.18039927659672778,-0.004215500226706248,-0.0032520159017008746,0,0,-55.95948352764052,-45.67261985133139,25.804680122221363,0.327812195591053
99.83,99.76,0.3397515067046841,0.11580661435985895,0.16987575335234206,0.059061373323528066,-0.0005629104759332921,-0.0077065080277664705,0,0,98.31671612900381,96.80769706322499,-172.77146025774633,0.22777906053227154
100.33,100.27,1.1245275478907182,0.2303356424007955,0.5510184984664519,0.10365103908035797,0.006929113492112608,0.0003792091768514312,0,0,131.99737241330286,136.66970394329869,179.24507748067535,0.6774315951457568
100.82,100.72,0.1053281858881465,0.3712121313321623,0.051610811085191784,0.21159091485933249,0.002126745589942563,0.01076427194674219,0,0,-111.58927622113252,-121.56463123487278,-134.00844940625197,0.2382701586101544
101.31,101.29,0.7418680085577745,0.19961054600794442,0.35609664410773173,0.09182085116365443,0.0016041184415096707,-0.0004783278810396932,0,0,115.19273804382303,118.00199623100535,369.9527062440489,0.47073927728285947
101.79,101.75,0.3112403006411079,0.6446423595509898,0.15562015032055396,0.3094283325844751,-0.023212594512304546,0.003208327219698123,0,0,-69.75794682641909,-66.14716009957672,264.1528564434633,0.4779413300960489
102.29,102.23,0.2560997164347037,0.5246920240053986,0.1254888610530048,0.2623460120026993,-0.010137146494115581,-0.0012241090849633516,0,0,-68.7999869002968,-70.57495880729525,156.90233085795643,0.3903958702200512
102.78,102.73,0.9313176563406691,0.14023664161093688,0.44703247504352117,0.07292305363768718,0.0026407447278890828,-0.030761994607918036,0,0,147.65112999723314,143.9005456311651,-237.56226681466927,0.535777148975803
103.26,103.25,0.1964553959244643,0.20200745268341597,0.10215680588072143,0.10100372634170798,0.006678066653394283,-0.007775193077435262,0,0,-2.7867374729408474,1.13514128595706,-2634.748268589637,0.19923142430394014
103.78,103.75,0.32333768936182045,0.28339365841937936,0.16490222157452844,0.14453076579388346,-0.003923303320863942,-0.001977035159293192,0,0,13.166958024672809,13.166958024672821,65.97140716981096,0.3033656738905999
104.29,104.26,0.8028480674629341,0.1391718986942375,0.4094525144060964,0.06958594934711874,-0.034631957880048116,0.006772847638401455,0,0,140.90490490898264,141.89531353960993,297.2442777914236,0.4710099830785858
104.8,104.76,0.10880107811125424,0.17148458992469495,0.056576560617852205,0.08574229496234748,-0.006006131666002874,0.00035447036775319027,0,0,-44.72830327193254,-40.986465532755446,225.08787056032315,0.1401428340179746
105.32,105.26,1.072728920038122,0.6334950369393072,0.5149098816182985,0.3167475184696536,0.002583244810664312,-0.0037525052324520157,0,0,51.486076174538816,47.65480668546645,-1083.7192339803107,0.8531119784887147
105.8,105.76,0.18375019540716622,0.452465860916775,0.10106260747394143,0.22170827184921973,0.007057587636791381,-0.007603103707090302,0,0,-84.47308515357155,-74.75622622974407,-5374.980552212953,0.3181080281619706
106.35,106.25,0.8239277900435323,0.33527682070850917,0.4284424508226368,0.1709911785613397,0.009135867263943234,-0.024293615085396177,0,0,84.30797545189328,85.89817442370514,-441.0877228347376,0.5796023053760208
106.87,106.76,0.4484554024712363,0.48847292116140295,0.21974314721090576,0.2491211897923155,-0.01366682848028863,0.0005295762499510977,0,0,-8.542279634585402,-12.531574812954013,216.12441447164,0.4684641618163196
107.36,107.27,0.19854542344128231,0.3468243047304297,0.10324362018946681,0.17688039541251915,-0.014532644467928967,0.0058038770914978,0,0,-54.37737873212542,-52.574410705063656,465.9654836108493,0.272684864085856
107.88,107.78,0.29738142315313354,0.42125193998581845,0.14869071157656677,0.21062596999290922,0.009209279209672825,0.011056084168840644,0,0,-34.47391206320428,-34.47391206320428,-18.22622101240889,0.359316681569476
108.38,108.28,0.4101478861099583,0.4030103702264574,0.20507394305497914,0.2055352888154933,0.008873342292882558,3.364112947656711e-05,0,0,1.75550474409694,-0.22471280463547202,198.48922456093862,0.40657912816820785
108.88,108.79,0.5205096760643129,0.3665758161655789,0.2550497412715133,0.19061942440610102,0.011448312727986694,0.00024266818241217708,0,0,34.70552979325276,28.91396660455506,191.69725160713145,0.4435427461149459
109.37,109.31,0.2780571522524225,0.18900514477754585,0.13902857612621125,0.09450257238877292,-0.01702620308193282,-0.008965127640728095,0,0,38.13281784513759,38.13281784513759,62.0289551713992,0.2335311485149842
109.87,109.81,0.17187315907567316,0.6549278630239309,0.08937404271935005,0.32746393151196546,-0.013663471340593931,-0.016073917699262346,0,0,-116.8490824362006,-114.23617976825325,-16.211553444976314,0.413400511049802
110.39,110.31,0.7331438393881461,0.42832022701069,0.3739033580879545,0.2098769112352381,-0.00020863315816625413,-0.0013622797565610808,0,0,52.48954680493446,56.19458398033251,-146.87594551924178,0.580732033199418
110.9,110.8,0.8266754048265995,0.056228773681533756,0.3968041943167678,0.028676674577582217,0.008424425056933475,0.0028305933790859026,0,0,174.5255374024642,173.04069190974334,99.40155513109887,0.44145208925406665
111.38,111.31,0.04973240672324849,0.6559847783653735,0.025363527428856728,0.32799238918268675,0.0022683832307560732,0.010046258215461023,0,0,-171.8117071404442,-171.28840782169243,-126.31914650010725,0.352858592544311
111.89,111.81,0.9144750891054941,0.7250126751602883,0.466382295443802,0.35525621082854125,-0.0017604548091650768,-0.008354907610027796,0,0,23.112391330355965,27.049872606244794,-130.3849042195545,0.8197438821328913
112.4,112.3,0.15379517529178496,0.44534559927284706,0.07382168414005678,0.21821934364369505,-0.02490835728870034,-0.007132105542009355,0,0,-97.32284510027493,-98.88861205526275,110.96126694932168,0.299570387282316
112.88,112.79,0.4124633060944404,0.37671360740905274,0.2103562861081646,0.19589107585270743,-0.013557192161163467,-0.04112700776039539,0,0,9.059996072789168,7.121380523253903,-100.83283887769826,0.3945884567517466
113.39,113.31,1.1903206522284426,0.4883532512940818,0.6189667391587902,0.2441766256470409,0.008084420538846015,-0.014655682268548308,0,0,83.63356330986673,86.84307353647107,-692.1076573349194,0.8393369517612622
113.91,113.81,0.2240831637944463,0.30363541412317907,0.11876407681105654,0.16092676948528492,0.002459496870136711,-0.006712260802813459,0,0,-30.1494977276129,-30.149497727612903,-431.33161483418337,0.26385928895881267
114.44,114.34,0.46079105871577963,0.011710276615222748,0.22578761877073203,0.006089343839915829,-0.0021164687912934264,0.0007844115267249202,0,0,190.08656633148408,189.49556045351406,435.5488904537494,0.23625066766550118
114.93,114.86,0.38120225391059326,0.2860203524885432,0.19060112695529663,0.14587037976915704,-0.010420180101244278,0.0009737944998209616,0,0,28.53077833670153,26.588133789748145,241.2345860484136,0.3336113031995682
115.43,115.37,0.09674838513372352,0.24428371723102085,0.04740670871552453,0.12214185861551043,-0.011202230888374786,-0.006410674664697637,0,0,-86.52284114854604,-88.157807613991,54.40960560696701,0.17051605118237217
115.92,115.87,0.7037874834123106,0.1614224230396825,0.3659694913744015,0.07909698728944442,0.00508064189053007,-0.01942671516348572,0,0,125.37190254714722,128.91220428291518,-341.6594434968568,0.4326049532259965
116.44,116.36,0.37523417822335114,0.7598973022109433,0.1913694308939091,0.3951465971496905,0.0134463186933928,-0.009423271198688844,0,0,-67.7741971952751,-69.48733078463572,1136.9286553135532,0.5675657402171472
116.95,116.88,0.6467952809861341,0.5976957164700052,0.3104617348733444,0.30482481539970263,0.011527847401070261,-0.0023074514972793512,0,0,7.890706259264751,1.8322908151137862,300.10205728067086,0.6222454987280697
117.43,117.39,0.43582732421696235,0.11255994415829372,0.21791366210848118,0.055154372637563925,-0.023835333917374774,0.010598342377353222,0,0,117.89747818779043,119.20786672983115,520.2643847073416,0.27419363418762804
117.93,117.88,0.2473070326971195,0.1569871511140326,0.12365351634855976,0.07692370404587598,-0.018204710330475306,0.002532791268601326,0,0,44.68027748095223,46.59533341900885,264.645338164437,0.20214709190557606
118.43,118.37,0.6719776696615506,0.2996436303618301,0.3427086115273908,0.14682537887729674,0.0017915671587720138,0.0025822368753401336,0,0,76.64180258105927,80.02845011361171,-36.15478473207913,0.4858106500116903
118.94,118.86,0.6914139529914223,0.22513356982950353,0.35262111602562535,0.1148181206130468,0.01773351741464514,0.006035580291075612,0,0,101.74712637415969,101.74712637415968,98.42979542933232,0.4582737614104629
119.45,119.37,0.12037931669465259,0.14446506134339382,0.06018965834732629,0.07367718128513084,-0.003075591798511644,-0.010435813464138242,0,0,-18.188601794885887,-20.150655643825907,-108.94827773351972,0.1324221890190232
119.95,119.88,0.48132675783531736,0.6341425149250094,0.221410308604246,0.3170712574625047,-0.01670754732317073,0.0007647308619419535,0,0,-27.399366494701553,-35.5298880728632,219.18684477869257,0.5577346363801634
120.41,120.38,0.1724803597151426,0.3459651693914578,0.08451537626041988,0.16260362961398517,-0.04267536670988679,-0.00023925732450837687,0,0,-66.92499016252256,-63.198905383467434,197.76992267888335,0.25922276455330023
120.9,120.85,0.16669633534482167,0.15154768355972406,0.08168120431896261,0.07577384177986203,0.004705538231032696,-0.0012440037015179145,0,0,9.520148618812726,7.503554424534482,343.75170213220923,0.15912200945227287
121.39,121.35,0.6074877224117712,0.25016202488392797,0.3098187384300033,0.1225793921931247,0.014911699181206587,0.0012237084326020655,0,0,83.32671901427028,86.60506740260342,169.66402183593263,0.4288248736478496
121.9,121.84,0.2013487506807592,0.27487381298972474,0.098660887833572,0.14568312088455412,0.01210356562088229,0.0017327279510627736,0,0,-30.87844546561228,-38.48855005503876,149.90774250190495,0.23811128183524197
122.39,122.37,0.3142407445114039,0.12740235401944905,0.15712037225570194,0.06115312992933554,-0.018273546606930625,-0.006676168536116742,0,0,84.61057859320422,87.93302106364874,92.96601587890815,0.22082154926542646
122.89,122.85,0.32851944788562826,0.2086492616014801,0.15768933498510157,0.10223813818472524,-0.02261299034026809,-0.009802526058654533,0,0,44.63036813838277,42.66666860885968,79.03908809572032,0.2685843547435542
123.37,123.34,0.3841327065926894,0.25371562364880296,0.1959076803622716,0.12432065558791344,-0.003584666270779413,-0.005501280044799988,0,0,40.892819424489176,44.709987679225414,-42.188533972167875,0.3189241651207462
123.88,123.83,1.0048252641928308,0.1252527223701706,0.522509137380272,0.06387888840878701,0.009249069336149222,-0.001965312964173854,0,0,155.66581285204504,156.4255164843587,307.92853927599765,0.5650389932815008
124.4,124.34,0.08769162699001219,0.1481265628059221,0.043845813495006096,0.07406328140296105,0.0035407872130954147,0.0009370488271258794,0,0,-51.25553365345344,-51.25553365345344,116.2944941521735,0.11790909489796714
124.9,124.84,0.34167570019061294,0.39447684989105075,0.17767136409911874,0.19723842494552538,-0.012015023826747333,-0.006395807243982514,0,0,-14.345165195605292,-10.43827684322033,61.04250874039508,0.36807627504083185
125.42,125.34,0.8311409336961415,0.13361748608431015,0.42388187618503215,0.06547256818131197,-0.03869179344480412,-0.026328596908383017,0,0,144.60064474390708,146.48249837306275,38.02867521792751,0.4823792098902258
125.93,125.83,0.16686200647905322,0.050114232443714164,0.08343100323952661,0.026059400870731365,-0.0073770510003431326,-0.009194503893844868,0,0,107.61341851528304,104.7974986210142,-21.93460909499995,0.10848811946138369
126.43,126.35,0.7634827081675112,0.21119032826315673,0.37410652700208047,0.10137135756631523,0.006658194958907737,-0.007335875178112695,0,0,113.32874908018265,114.72044369985133,-4129.99221179512,0.48733651821533397
126.92,126.83,0.4853557603989766,0.34434369416253535,0.25238499540746784,0.17217184708126768,0.016614673567052596,0.011131010594124042,0,0,33.9911194255189,37.78676506825039,39.52804292785551,0.414849727280756
127.44,127.33,0.5969639465014781,0.15772325829950862,0.2925123337857243,0.0804388617327494,-0.003654772471990215,0.001534702752454002,0,0,116.40337491021822,113.72719787539606,489.55703452804084,0.37734360240049336
127.93,127.84,0.9599367270176068,0.45331593336429066,0.4511702616982752,0.2175916480148595,0.001490967661920607,0.0031964655346912708,0,0,71.69571412891082,69.85404231039689,-72.7689462968097,0.7066263301909488
128.4,128.32,0.2082365850568107,0.4111926242889656,0.10203592667783724,0.2055963121444828,-0.01658970245596557,-0.012936530652413828,0,0,-65.53001898199517,-67.32739446495995,24.745261545164656,0.30971460467288814
128.89,128.82,0.39843051580679745,0.06659416264237633,0.2031995630614667,0.033297081321188166,0.002152979471974259,-0.04323898064643473,0,0,142.71773888262155,143.6827843234629,-220.96071080592358,0.2325123392245869
129.4,129.32,0.2211141297903431,0.12066711687797771,0.1149793474909784,0.05912688727020907,0.008943107391539504,-0.014070101676054814,0,0,58.77853971891178,64.15905817201694,-897.7271200437829,0.17089062333416039
129.92,129.81,0.14432108431610902,0.4656259589111251,0.06783090962857123,0.23746923904467382,-0.003224913625629762,0.0024522672530300853,0,0,-105.35500685272272,-111.12888752482209,1469.5418447531642,0.30497352161361707
130.39,130.32,0.8149565241536015,0.24245358708056974,0.40747826207680077,0.12122679354028487,-0.004864165805202877,0.007057325401134939,0,0,108.28399142217903,108.28399142217903,-1087.1521824905174,0.5287050556170856
130.89,130.82,0.19455526601868764,0.08082126348135499,0.09727763300934382,0.04283526964511815,-0.019589039651503586,0.00028772725967938064,0,0,82.60253896279497,77.71213404733776,205.96285379643422,0.13768826475002133
131.39,131.35,0.26281163352572945,0.446999516227755,0.12877770042760742,0.2234997581138775,0.005736481462001451,-0.0011034386550471415,0,0,-51.89771469946437,-53.776962101658526,295.2668646523924,0.35490557487674224
131.88,131.85,0.6654461142483479,0.36736173049901255,0.3127596736967235,0.18368086524950628,0.007881338444473826,-0.023583871303053356,0,0,57.723106048299044,52.00171956996362,-400.76604240742284,0.5164039223736803
132.35,132.35,0.3057230967605867,0.11648277017608988,0.14980431741268746,0.05591172968452314,0.004919659496612473,-0.004769101794119166,0,0,89.6436271516234,91.28367869502723,12870.495670804123,0.21110293346833828
132.84,132.83,1.149134682471139,0.2708795179021694,0.5400933007614354,0.132730963772063,0.0024059231699240687,-0.00900135088110538,0,0,123.69667350341771,121.09026337562793,-345.9146108656624,0.7100071001866542
133.31,133.32,0.8507134796354444,0.22906148918012634,0.4083424702250133,0.11453074459006317,-0.0015946460863617332,-6.276252802162735e-05,0,0,115.1447307835302,112.38354435075124,184.85285342987598,0.5398874844077853
133.79,133.82,0.1922351317068316,0.5442603484347334,0.0961175658534158,0.26668757073301935,-0.005027585861301854,0.01308265968044102,0,0,-95.59467131019935,-94.0284398861959,-449.66057291026266,0.3682477400707825
134.29,134.31,1.1678721437345323,0.4223534251502585,0.5488999075552301,0.21117671257512924,-0.010995406150968053,0.0011728568639493378,0,0,93.76263759953231,88.86556592733469,247.76181130490681,0.7951127844423954
134.76,134.81,0.3085249018343887,0.27409601632054187,0.16043294895388213,0.13704800816027093,0.007732649416450112,-0.004228735734209091,0,0,11.818623204562487,15.721974959652721,682.7442817032514,0.2913104590774653
135.28,135.31,0.30148402978116434,0.1635332474554332,0.14772717459277052,0.07849595877860793,-0.00046947816139123605,-0.028684362036473576,0,0,59.33146533630522,61.20613288518941,-193.55860966233024,0.2325086386182988
135.77,135.79,0.3892570635452922,0.16814993137637704,0.13623997224085227,0.08071196706066097,-0.005318819343394517,-0.005743883100415012,0,0,79.33417922033316,51.18922223877441,-7.684627859774949,0.2787034974608346
136.12,136.27,0.07038050311555241,0.5125653532344799,0.009853270436177338,0.24603136955255037,-0.0002815510760873375,0.0018328963285790837,0,0,-151.7070051368255,-184.59732411197265,-272.595336372768,0.2914729281750162
136.26,136.27,0.06548757757958064,0.5125653532344799,0.03274378878979032,0.24603136955255037,-0.014094278926994759,0.0018328963285790837,0,0,-154.6840269541713,-153.01763760516943,259.79411583864663,0.2890264654070303
136.76,136.75,0.3468127376396494,0.3852907746949054,0.16300198669063523,0.1926453873474527,-0.010781011527539056,-0.00039309173359122155,0,0,-10.511638424614576,-16.67010798940572,185.92847320612782,0.3660517561672774
137.23,137.25,0.8205648551457175,0.21435642582117262,0.3938711304699444,0.10717821291058631,0.00599134513256758,0.0013887464214526707,0,0,117.15063560354771,114.43699960769099,124.73012502419913,0.5174606404834451
137.71,137.75,0.6667350067888471,0.33233026510702146,0.32670015332653507,0.15619522460030008,0.005662277761471456,0.00160244476573391,0,0,66.94352232807474,70.61775138881892,111.76842558085436,0.4995326359479343
138.2,138.22,0.269566703386684,0.26250532240813096,0.14017468576107567,0.12862760797998415,-0.009791842175979587,0.004577567531861393,0,0,2.6542951466033777,8.591502416430227,551.1566109794373,0.26603601289740747
138.72,138.71,0.6032964938187022,0.14757128915961765,0.2956152819711641,0.075261357471405,-0.021216325865855715,-0.00874830120045572,0,0,121.38627198824507,118.82868914631723,83.21828693417991,0.37543389148915995
139.21,139.22,0.7876336147653497,0.4893050592457127,0.4016931435303283,0.24465252962285636,-0.04284012267847218,-0.0009922711544037288,0,0,46.725588564490835,48.59338290031475,190.94486002122486,0.6384693370055312
139.72,139.72,0.36052375296261796,0.3399173411047635,0.1766566389516828,0.16995867055238176,0.004524399821972044,0.005315574035843165,0,0,5.883838636078692,3.864785089201314,-16.080819427030203,0.35022054703369077
140.21,140.22,0.4738413223630013,0.25591287601656276,0.23692066118150065,0.12539730924811576,0.010201815780587565,0.007205778991469186,0,0,59.726534449641704,61.561038113095364,34.42217983989053,0.36487709918978206
140.71,140.71,1.3224790451913033,0.5028728565044188,0.6612395225956517,0.2514364282522094,0.007395417501844298,0.005402562742629391,0,0,89.80254031296474,89.80254031296474,31.143269815179544,0.912675950847861
141.21,141.21,0.9618480259662777,0.4252337197357573,0.48092401298313886,0.20836452267052108,0.001559565922204896,-0.001996418715902529,0,0,77.37313361570153,79.08429524484883,-1628.0013264920058,0.6935408728510175
141.71,141.7,0.2268447396913159,0.24416047407813293,0.11569081724257112,0.12452184177984779,-0.012020869086992132,-0.033758341159763845,0,0,-7.3526720641750085,-7.352672064175003,-94.96656650739001,0.2355026068847244
142.22,142.21,1.0414052144703387,0.19476121004986416,0.510288555090466,0.09348538082393479,0.0031513878572504705,-0.00735703450728389,0,0,136.9789678196583,138.06597121000036,-499.72920879840706,0.6180832122601014
142.71,142.69,0.29018813074658173,0.14383359188389594,0.1334865401434276,0.06328678042891421,0.003140417896717887,-0.0004436317664455354,0,0,67.44111238288907,71.35089199117836,265.8015496988235,0.21701086131523883
143.17,143.13,0.17637025310332002,0.7189722702532116,0.08642142402062682,0.3522964124240737,-0.0026906215358913667,0.005189115894568719,0,0,-121.20546114926873,-121.20546114926874,-630.758873086385,0.4476712616782658
143.66,143.62,0.7519728302549906,0.3099279929423145,0.3609469585223955,0.15496399647115724,-0.011872747004613118,0.0004971086532181656,0,0,83.25539026925541,79.85213729520916,217.47976290604234,0.5309504115986525
144.14,144.12,0.5701654908009472,0.694969019400843,0.2907844003084831,0.36138389008843835,-0.035123217440200125,0.00031148589809713726,0,0,-19.72968527749503,-21.65069685831769,203.57909112013473,0.6325672551008952
144.65,144.64,0.37496349281738106,0.5084384143504559,0.18748174640869053,0.2643879754622371,0.004688187616205129,-0.00012870430493138862,0,0,-30.218391074339397,-34.03911584742741,211.29113069572207,0.4417009535839185
145.15,145.16,0.9118126420469739,0.30516956047823723,0.4650244474439567,0.15258478023911862,0.013035819374521578,-0.04122707821754223,0,0,99.6962947050443,101.17713699872559,-384.96257222296936,0.6084911012626055
145.66,145.66,0.12105148564136625,0.36850126228816094,0.06294677253351046,0.18056561852119885,-0.00043353341515134586,-0.004417964952231714,0,0,-101.09218166717999,-96.60193920995444,-164.2557096944713,0.2447763739647636
146.18,146.15,0.9929948078499274,0.29995116431955454,0.506427352003463,0.14697607051658174,-0.006220903442133805,-0.007655819305973861,0,0,107.20380564200826,110.02430323996482,-20.680904128256536,0.646472986084741
146.69,146.64,0.48198325205619114,0.16619977556850413,0.2506312910692194,0.0847618855399371,-0.01308157628627405,0.0008442061466860298,0,0,97.43651500561319,98.91042340588508,227.59436503289263,0.32409151381234763
147.21,147.15,0.5470790270529925,0.25765574180925105,0.2625979329854364,0.13140442832271804,-0.005007341113812652,0.0025776264153978684,0,0,71.9301057795567,66.59528852930411,624.3504666748876,0.40236738443112174
147.69,147.66,0.6935287468076398,0.24384720303436308,0.3536996608718963,0.11704665745649427,-0.0012052640154661407,0.001983961432439883,0,0,95.94475809819352,100.54375114637176,-819.1180241229858,0.46868797492100145
148.2,148.14,0.22225469576194026,0.1101864168293068,0.06667640872858208,0.05068575174148113,0.00034022940415529696,-0.0064774408519385224,0,0,67.42143175921024,27.250106717624465,-222.17485299635155,0.16622055629562354
148.5,148.6,0.08327475497085211,0.044736714489901824,0.0158222034444619,0.021473622955152875,-0.0007947130929205834,-8.095409468974769e-05,0,0,60.210293098409245,-30.305908495698844,163.02061064516127,0.06400573473037696
148.69,148.6,0.2486768587364691,0.044736714489901824,0.1143913550187758,0.021473622955152875,-0.00013450856666022502,-8.095409468974769e-05,0,0,139.01207228012305,136.77951956309602,49.711139401076665,0.14670678661318548
149.15,149.08,0.5635273738502035,0.9350584140547276,0.28739896066360376,0.4581786228868165,-0.02009293421064256,0.0005239340938385136,0,0,-49.58422043010777,-45.81137254957817,210.7094709123867,0.7492928939524655
149.66,149.57,0.49226778070373745,0.19405781542496703,0.24613389035186872,0.09314775140398417,-0.03486072213885313,0.0010831245371162364,0,0,86.9004352921869,90.18238544010194,212.82654320046188,0.34316279806435224
150.16,150.05,0.727431201419425,1.530669734213175,0.4437330328658492,0.9796286298964321,-0.007414462279218336,0.022604528971250606,0,0,-71.14283689614832,-75.29999030472467,-395.2450224094799,1.1290504678163
150.77,150.69,0.24956510650714964,0.8456412840106808,0.12478255325357482,0.43973346768555405,0.0004056005404371177,0.0015573740051236492,0,0,-108.85184430337323,-111.58263105023197,-117.34981151856985,0.5476031952589152
151.27,151.21,0.3228920929410449,0.18072670212258943,0.14853036275288065,0.09036335106129471,-0.0003279628657631565,-0.007431150320176478,0,0,56.4575397947538,48.69697972616511,-183.09276547956733,0.25180939753181714
151.73,151.71,0.5938605439427933,0.12860622605742852,0.29099166653196873,0.06301705076813997,-0.018195808489983957,-0.010716483229362573,0,0,128.7960463247941,128.79604632479413,51.738031237535054,0.36123338500011093
152.22,152.2,0.40095183282707225,0.2504812011119619,0.20448543474180686,0.1277454125671006,-0.04520682828290026,-0.001977087932763386,0,0,46.196807308114636,46.196807308114636,183.23930617605626,0.3257165169695171
152.73,152.71,0.31236367833596285,0.20188900051173603,0.15930547595134106,0.10094450025586801,0.005533583200041744,-0.00030545132032845385,0,0,42.96513459950104,44.84993739173792,223.36982519616203,0.25712633942384944
153.24,153.21,0.9157704057953041,0.2672574914522789,0.448727498839699,0.12828359589709387,0.011629827070420946,0.0035307057672320317,0,0,109.6361152347881,111.07027433806194,106.84481066620282,0.5915139486237915
153.73,153.69,0.07466799468848763,0.7079777209606439,0.03584063745047406,0.35398886048032197,0.0015586165192956834,-5.352287778167056e-05,0,0,-161.83816345225503,-163.2242940662878,214.22446452642788,0.3913228578245658
154.21,154.19,0.6159769125942478,0.583261051539272,0.3079884562971239,0.291630525769636,-0.006799843814455631,0.0011743947292910638,0,0,5.456108301009944,5.456108301009944,283.5058471963191,0.5996189820667599
154.71,154.69,0.6883455205045191,0.0929406991902077,0.3304058498421692,0.04461153561129969,0.0030886421070869426,-0.006855241778229453,0,0,152.41656804005962,152.4165680400596,-528.0032259069438,0.3906431098473634
155.19,155.17,0.314541811037126,0.3003340831190038,0.15098006929782046,0.13815367823474176,-0.0013658426492483395,-0.0023388401446273344,0,0,4.62133189905622,8.872289155131705,-52.527978750973624,0.3074379470780649
155.67,155.63,0.7977616659740596,0.2138160193557037,0.3988808329870298,0.10263168929073778,0.00870200736825567,-7.611102614956831e-05,0,0,115.45245710476422,118.14227184230171,203.52941992952285,0.5057888426648817
156.17,156.11,0.5201391735694648,0.27430157513941916,0.2600695867847324,0.14263681907249798,0.014646760155890299,0.02573901649358854,0,0,61.88947352702592,58.321777853152554,-54.93149944333871,0.397220374354442
156.67,156.63,0.31375470571405445,0.2164100782648632,0.16001489991416779,0.11036913991508022,-0.01330861650113669,0.002647901412654358,0,0,36.7224041999222,36.72240419992221,299.35173731507405,0.2650823919894588
157.18,157.14,0.6322490423478153,0.39869705095574137,0.3098020307504295,0.19137458445875585,-0.023408478029148593,-0.006235216922769649,0,0,45.30828389749876,47.25976539916708,115.86451104853015,0.5154730466517783
157.67,157.62,0.41226910894337815,0.11200441177409186,0.2020118633822553,0.05488216176930501,-0.0033380735844597345,-0.026470916515626077,0,0,114.54505532088405,114.54505532088409,-155.20715632093655,0.262136760358735
158.16,158.11,0.42274021006093576,0.1137638231302633,0.13950426932010881,0.054606635102526384,-9.126264939625199e-05,-0.004319865006798335,0,0,115.18138459941812,87.47332816783532,-191.72432479771098,0.26825201659559955
158.49,158.59,0.08491269452246246,0.31191433648353756,0.013586031123593993,0.14659973814726265,-0.00013000568455199006,-0.008122177206634735,0,0,-114.40835639931132,-166.07431188067275,-193.6983614509642,0.19841351550300002
158.65,158.59,0.6167587829129687,0.31191433648353756,0.296044215798225,0.14659973814726265,0.0163531273888849,-0.008122177206634735,0,0,65.65161412823767,67.52355988098131,594.7139529115365,0.46433655969825316
159.13,159.06,0.279750076916619,0.13955914581409778,0.1398750384583095,0.07117516436518988,-0.007034996784671098,-7.202969665568684e-05,0,0,66.86756384204446,65.10287426785665,195.94600094174746,0.2096546113653584
159.63,159.57,1.0027814405189122,0.33349528461024225,0.5013907202594561,0.1634126894590187,-0.012391509421709704,0.007859897969531078,0,0,100.17178976816825,101.67758644425768,893.7839267532382,0.6681383625645771
160.13,160.06,0.27026719884010647,0.6472109484187344,0.1378362714084543,0.3106612552409925,-0.011349649461415867,0.0011183502207877307,0,0,-82.16953192941472,-77.06842226027307,243.72270596276965,0.45873907362942046
160.64,160.54,0.4265401248592295,0.4287862248525059,0.14075824120354574,0.20152952568067775,-0.00019919241158056558,0.00011279538603485226,0,0,-0.5252030395259994,-35.50888483706021,722.2188394676683,0.4276631748558677
160.97,161.01,0.20978238585783554,0.13116807230392102,0.03356518173725369,0.06689571687499972,-0.009781109993515271,-0.012524043679717524,0,0,46.114801533199675,-66.35523989565556,-24.594618144181613,0.17047522908087828
161.13,161.01,0.5454655624826406,0.13116807230392102,0.2727327812413203,0.06689571687499972,-0.0050699920249444915,-0.012524043679717524,0,0,122.4584380318032,121.21306987367299,-84.73384708202995,0.3383168173932808
161.63,161.52,0.19517883246267104,0.24582940720013913,0.10344478120521565,0.12783129174407235,0.0006060594371605152,-0.013242344172778836,0,0,-22.97035301480759,-21.08865843999689,-219.18473506543248,0.22050411983140508
162.16,162.04,0.6296662177489959,0.23793578481957026,0.2959431223420281,0.12372660810617654,-0.018076700429692786,-0.00936319518748534,0,0,90.30187384761538,82.07240205383667,63.50975502073378,0.43380100128428306
162.63,162.56,0.7795189287199169,0.0981551988264305,0.39755465364715764,0.04613294344842234,-0.051529623759146805,0.0005659182990319996,0,0,155.26576630402167,158.409526206806,204.44173588967072,0.4388370637731737
163.14,163.03,0.3354154717500554,0.29775465607951895,0.17106189059252827,0.14887732803975948,0.0006007705601738071,0.0013496055086745992,0,0,11.89595466217994,13.867985705288563,-76.78877529941592,0.3165850639147872
163.65,163.53,0.7519171754958852,0.9488571321493398,0.38347775950290147,0.48391713739616327,0.00883860019527784,-0.01635370789159877,0,0,-23.158858382112328,-23.15885838211232,-670.4443663318269,0.8503871538226124
164.16,164.04,0.5661093799806723,0.5554479196189337,0.2830546899903362,0.2832784390056562,0.01171987858524256,-0.0048780154058017545,0,0,1.901188707085188,-0.07901674963521398,485.1863755744055,0.5607786497998031
164.66,164.55,0.284890183336988,0.38298960160525924,0.142445091668494,0.19915459283473483,-0.00917118011422705,-0.030865614091152977,0,0,-29.376369963571825,-33.2023147203491,-108.37248289979568,0.33393989247112366
165.16,165.07,1.130012364481344,0.5068840647089657,0.565006182240672,0.2483731917073932,-0.020766536360015894,-0.002482394366924441,0,0,76.13533619602414,77.85616421433771,157.2901756888475,0.8184482145951548
165.66,165.56,0.2538659848478497,0.16191896155521068,0.13201031212088185,0.08581704962426166,-0.016280802259040012,0.0017530837388273655,0,0,44.22816366396581,42.41272733281872,248.26865929122383,0.2078924732015302
166.18,166.09,0.4264417676037068,0.5616623271480158,0.2089564661258163,0.27521454030252773,0.00535939192308549,0.00853009955492028,0,0,-27.36969925790772,-27.369699257907726,-45.656209039123645,0.4940520473758613
166.67,166.58,0.37102935919086494,0.7648942062556017,0.15954262445207193,0.39009604519035684,0.004339554611854654,-0.004828840384861949,0,0,-69.34706859610418,-83.89272206348691,-3747.664658371303,0.5679617827232333
167.1,167.09,0.44978273931331403,0.4990812177446274,0.21589571487039072,0.2495406088723137,0.008983559130376913,-0.0042320213944888815,0,0,-10.391053019690787,-14.457356371060563,556.2654138280095,0.4744319785289707
167.58,167.59,0.4739037383703643,0.2851353328143934,0.2322128318014785,0.14541901973534063,-0.006406968693843721,-0.02270423250391516,0,0,49.73878492482051,45.96742129294434,-111.9655880865959,0.37951953559237883
168.07,168.1,0.3804285473433919,0.3269877979679714,0.19021427367169594,0.1634938989839857,0.0022467566129182465,0.00040310474120563164,0,0,15.108712070230435,15.108712070230435,139.15081774700477,0.35370817265568166
168.57,168.6,0.4143466198092326,0.7805194666303067,0.19888637750843163,0.3746493439825472,-0.001096123945553729,0.003950053889014048,0,0,-61.29102683166706,-61.29102683166705,-353.63011247917404,0.5974330432197696
169.05,169.08,0.6493923097114774,0.32742007293534603,0.31170830866150917,0.16371003646767301,0.006218061914599056,-0.0027949934129295915,0,0,65.92304571399843,62.260227738423346,526.606775361515,0.48840619132341173
169.53,169.58,0.43943213112074264,0.22511589713958724,0.21092742293795647,0.11480910754118949,0.007456156731741145,-2.006550379417152e-05,0,0,64.49984797703718,59.0159877096871,201.07935759145934,0.33227401413016494
170.01,170.09,1.1531693056664545,0.20197577636804848,0.5535212667198981,0.10098788818402424,0.008989479748083895,0.0011109731806480446,0,0,140.3825379154773,138.28175668598638,156.00303517131397,0.6775725410172515
170.49,170.59,0.8877274962084661,0.18001802471119008,0.40835464825589446,0.08460847161425933,-7.22932596190684e-05,-0.019183989919837503,0,0,132.5614498270564,131.3470170859474,-198.49829255323388,0.5338727604598281
170.95,171.06,0.27695249601184385,0.2045580237157959,0.0858552737636716,0.09614227114642407,-0.001381955787437425,-0.006792552314951754,0,0,30.069736518735645,-11.304545221018351,-132.37729927585403,0.24075525986381988
171.26,171.06,0.06994367712768487,0.2045580237157959,0.01049155156915273,0.09614227114642407,8.676723137590299e-05,-0.006792552314951754,0,0,-98.07906193256508,-160.64456360291342,-205.17566431339515,0.1372508504217404
171.41,171.53,0.34066754143574884,0.3208819677966539,0.1567070690604445,0.1508145248644273,-0.010316632815414627,-0.006817350636926138,0,0,5.981585161192905,3.8322799519937036,40.846101996327455,0.33077475461620137
171.87,172.0,0.6227627133065239,0.11889685503937769,0.31138135665326194,0.05825945896929507,-0.0020523083876449327,0.0002221183859353465,0,0,135.87523973860442,136.95559959072892,248.54542659021521,0.37082978417295076
172.37,172.49,0.7023288276225986,0.04820810247505432,0.3441411255350733,0.025068213287028247,-0.009560681426520976,-0.0017878083538709604,0,0,174.30740551632445,172.84119262312916,136.9851534973417,0.3752684650488265
172.86,173.01,0.3543412336657124,0.204828296560128,0.1736272044961991,0.09422101641765888,0.0017107281969678013,0.0005745542784426963,0,0,53.47678262983977,59.29192869575031,99.43400264521065,0.2795847651129202
173.35,173.47,0.3421001311108375,0.17981226088785704,0.16762906424431037,0.08990613044392852,-0.007942530985937751,0.00010085110382971729,0,0,62.1896980071653,60.359077441411394,205.14436219513755,0.2609561959993473
173.84,173.97,0.25227230675182927,0.49225346560128586,0.12361343030839633,0.24120419814463007,-0.008558668976008137,-0.03946219308233952,0,0,-64.46550751117259,-64.46550751117259,-128.70874358224603,0.37226288617655756
174.33,174.46,1.1651906038461182,0.3698319071474171,0.5709433958845979,0.1775193154307602,0.003869885457081456,-0.007851571083492331,0,0,103.62827789201728,105.12857207339806,-588.7685588648346,0.7675112554967676
174.82,174.94,0.3172331948227043,0.544154172650359,0.1554442654631251,0.26663554459867594,0.0011183418688874014,0.0009389443809937822,0,0,-52.687324285551675,-52.687324285551675,17.440206767918664,0.43069368373653166
175.31,175.43,0.5016345022481148,0.3110567784534838,0.2407845610790951,0.15241782144220706,-0.000415775522261911,-8.733794113989458e-05,0,0,46.90039829887303,44.94720457707333,130.5620322307748,0.4063456403507993
175.79,175.92,0.5637533387162078,0.2125723147377421,0.2762391359709418,0.09990898792673879,-0.00030783037987753854,0.0010091346245668037,0,0,90.47260577208198,93.75569720622514,-375.57593994825027,0.38816282672697494
176.28,176.39,0.7088015864068018,0.6362208911020154,0.34022476147526487,0.3117482366399875,-0.03420603000907582,-0.00012253301497896357,0,0,10.792488083800162,8.735492088659603,198.57223251794022,0.6725112387544085
176.76,176.88,0.6193656837657215,0.40135195440693994,0.30968284188286077,0.19264893811533115,-0.010820916309005639,-0.004883196048457614,0,0,42.71773528849377,46.59625706657495,75.6199411388721,0.5103588190863307
177.26,177.36,0.22431725469448022,0.37044886686752615,0.11440179989418492,0.17781545609641256,0.0074401334735243975,-0.017412451989373197,0,0,-49.13918492508193,-43.401719030766664,-498.4314414626829,0.2973830607810032
177.77,177.84,0.4450023364884881,0.49476403846781053,0.22250116824424404,0.23253909807987094,0.0030187842574420226,-0.003062011104461718,0,0,-10.590228232338381,-4.4118864102796165,-28134.346042556288,0.4698831874781493
178.27,178.31,1.3771624456610703,0.268262390777479,0.6334947250040923,0.1314485714809647,-0.0017669626542128267,0.0018486751704646,0,0,134.78586567147696,131.2636259001284,-8849.654839992661,0.8227124182192747
178.73,178.8,0.8999746365548528,0.2740609215065563,0.4409875719118779,0.13703046075327815,-0.00018668727769019684,0.006918621422181401,0,0,106.62602350508323,105.17218978691658,-211.09263838197018,0.5870177790307045
179.22,179.3,1.188389701314252,0.2778293529142433,0.5823109536439834,0.13891467645712166,-0.055667370261172855,0.0006804897379019596,0,0,124.20522646653686,122.95632841686567,204.95019707556582,0.7331095271142476
179.71,179.8,1.1148556368995544,0.3970525406785494,0.5462792620807816,0.1905852195257037,-0.014847179828734382,-0.013622172056405937,0,0,94.95326592794011,96.54259404106615,8.60580021119372,0.7559540887890519
180.2,180.28,0.34485617492908566,0.3089876585858335,0.16208240221667025,0.15140395270705842,-0.002256305847687187,-0.002889914277205021,0,0,10.97158511090668,6.812704503333104,-24.624225709004453,0.3269219167574596
180.67,180.77,0.35281394419727213,0.21648707031361317,0.17287883265666334,0.11040840585994272,0.001273663329741834,-0.008332241550021114,0,0,47.89272121736306,44.10394702129066,-272.17676364810137,0.28465050725544266
181.16,181.28,0.4508001801749177,0.2986417592782167,0.22540009008745884,0.14036162686076184,-0.023003728031319205,-0.0012796667347911566,0,0,40.605792893771216,46.49937885037626,178.92112289708282,0.3747209697265672
181.66,181.75,0.15343679217962675,0.27985948046513687,0.0751840281680171,0.13713114542791707,-0.013377666458792202,0.00317819212489146,0,0,-58.35392375468566,-58.35392375468567,324.6414087960541,0.2166481363223818
182.15,182.24,0.9510763097864363,0.10862223877701634,0.4850489179910825,0.05322489700073801,-0.008431024792945357,0.0005739284699168019,0,0,158.9988156823403,160.44771600004597,229.21834969667663,0.5298492742817263
182.66,182.73,0.32238469429670874,0.517721816580239,0.16119234714835437,0.2588609082901195,0.006054734662635649,0.0010395762826015571,0,0,-46.50294212804683,-46.50294212804683,141.38535563911358,0.4200532554384738
183.16,183.23,0.10932739194822685,0.5472418539296302,0.05029060029618435,0.2626760898862225,-0.0016315013452239176,-0.023613565788304945,0,0,-133.3947530228577,-135.72402191827712,-174.1493839316107,0.3282846229389285
183.62,183.71,0.4127528745689655,0.3064509988915405,0.2105039660301724,0.15629000943468566,-0.006887737310515454,-0.010632942274822234,0,0,29.560985306140015,29.560985306140015,-42.75182302221864,0.359601936730253
184.13,184.22,0.22297758328930867,0.4846470806053172,0.10702923997886815,0.2374770694966054,-0.022617190887256507,-0.010304409058600732,0,0,-73.95714442055524,-75.73029923100682,74.80062845612206,0.35381233194731293
184.61,184.71,0.25338139863889025,0.5651815080527691,0.12669069931944513,0.28824256910691226,-0.0070385413577497,0.004243191189430723,0,0,-76.18232071474243,-77.86884401925919,807.1784834001567,0.40928145334582966
185.11,185.22,0.28121318590500116,0.2920167835334279,0.14060659295250058,0.14308822393137968,0.00819560526244071,-0.00026148744298655534,0,0,-3.769376412405867,-1.7495074503915686,213.18293723067222,0.28661498471921454
185.61,185.71,0.2918974612702625,0.45289038531618836,0.13719180679702336,0.22644519265809418,0.01423425469736359,0.002876497229344062,0,0,-43.23188805612141,-49.08927639091195,132.75579608271394,0.3723939232932254
186.08,186.21,0.2677652801581062,0.5244782077315578,0.12317202887272885,0.27272866802041007,-0.0026647701352470656,-0.011693356433060641,0,0,-64.80657310475846,-75.5526021152973,-125.76273450245414,0.396121743944832
186.54,186.73,0.36285135244007494,0.28462731427577226,0.17416864917123595,0.1394673839951284,-0.01049645022939255,-0.030902517344349498,0,0,24.162661161045516,22.12836632690141,-98.58249280544773,0.3237393333579236
187.02,187.22,0.23697975484760522,0.44669062899758705,0.11848987742380261,0.2278122207887694,-0.011026722692143064,-0.030353344903736715,0,0,-61.34853259855936,-63.136980069847,-93.41029792574822,0.34183519192259615
190.93,191.12,0.20265009742706142,0.9007328193586622,0.09524554579071887,0.43235175329215786,0.0018348583616042934,0.0007135479582452732,0,0,-126.53498822787522,-127.78920896199855,88.00091214851575,0.5516914583928618
191.4,191.6,0.12803490414727942,0.5022906901576888,0.04225151836860221,0.24109953127569062,-0.0007553841162511548,-6.893079203258907e-05,0,0,-118.74998870165966,-140.35452711872003,166.55123359294535,0.3151627971524841
191.73,191.6,0.10972864406025401,0.5022906901576888,0.017556583049640643,0.24109953127569062,0.000585708321645444,-6.893079203258907e-05,0,0,-128.2841976223064,-172.84953716182653,253.35432605533657,0.3060096671089714
191.89,192.08,0.1395876717199864,0.7526154632922155,0.046063931667595516,0.3687815770131856,-0.0009956847775968959,0.0057820668522516605,0,0,-137.41888310308283,-155.58449523623386,-283.20980331840417,0.44610156750610097
192.22,192.08,0.09328819847736149,0.7526154632922155,0.013993229771604223,0.3687815770131856,-2.1669664557642625e-05,0.0057820668522516605,0,0,-155.88708138124926,-185.37706293771654,-201.50473405576517,0.4229518308847885
192.37,192.57,0.21711931437468868,0.4840752219395012,0.10855965718734434,0.2371968587503556,-0.01738493961976398,0.0009168429228851951,0,0,-76.14317959978953,-74.4091264421404,222.2695540294943,0.3505972681570949
192.87,193.06,0.43368114621107745,0.41587506120397344,0.21684057310553873,0.19962002937790724,0.005614704787077481,-0.0117706638067821,0,0,4.1918556657440424,8.26995092690238,-564.8305499828939,0.42477810370752545
193.37,193.54,0.2611015166360717,0.24381767124435846,0.13055075831803584,0.11947065890973564,0.0039363956117242915,-0.028406328349412844,0,0,6.846182837403358,8.863320215648676,-264.3466519327445,0.25245959394021505
193.87,194.03,0.4578794661911443,0.5608654390725386,0.21978214377174923,0.26921541075481853,-0.002838621778529761,-0.01153749739268732,0,0,-20.218206216155426,-20.218206216155433,-121.01841269615899,0.5093724526318415
194.35,194.51,0.8179117666830445,0.5815251798805114,0.39259764800786134,0.2849473381414506,-0.0003381890300319136,0.0037956386875246852,0,0,33.783099321909674,31.77657928758921,-239.12583708040535,0.699718473281778
194.83,195.0,0.7431663722386346,0.29977720205216657,0.36415152239693094,0.14089528496451828,-0.05887408894708048,-0.0004289033431447867,0,0,85.02649253828933,88.41011731121935,197.10703742539158,0.5214717871454005
195.32,195.47,0.5764223789061554,0.7129462850913171,0.27091851808589307,0.34934367969474533,-0.0032032198046087475,0.0015856337457858275,0,0,-21.176861203046773,-25.287745050227315,592.0987664643095,0.6446843319987363
195.79,195.96,0.5515554339272344,0.4864734824841165,0.25371549960652784,0.21404833229301126,-0.009621902506463257,-0.005260781705406781,0,0,12.53952571342958,16.96033964508647,58.60664298148799,0.5190144582056755
196.25,196.4,0.03627254629184729,0.4660213682087986,0.011969940276309607,0.21436982937604734,6.328590292070018e-05,-0.02195896645881213,0,0,-171.114484771007,-178.84606793636905,-201.1561349328084,0.25114695725032293
196.58,196.4,0.058979776573597396,0.4660213682087986,0.008257168720303637,0.21436982937604734,-0.005998026985264124,-0.02195896645881213,0,0,-155.06312535905533,-185.16411973227073,-114.18208832416444,0.262500572391198
196.72,196.86,0.3461219574512829,0.3714253076409978,0.1695997591511286,0.1857126538204989,0.000800455711122414,-0.015236169877866952,0,0,-7.052734062462283,-9.069705465458616,-222.17987144595642,0.35877363254614036
197.21,197.36,0.14947479058035648,0.24226855103441094,0.04932668089151764,0.11386621898617313,-0.000627337126400502,-0.010786639538016198,0,0,-47.374773529810746,-79.09601231797014,-178.0151249702047,0.1958716708073837
197.54,197.36,0.14080790036460272,0.24226855103441094,0.02112118505469041,0.11386621898617313,-0.00030121431095249005,-0.010786639538016198,0,0,-52.97148926762218,-137.41287135710357,-189.13353963515644,0.19153822569950685
197.69,197.83,0.27811525138059534,0.1631572648447067,0.13905762569029767,0.07994705977390627,-0.0066724432145653725,-0.000166585253320514,0,0,52.10294423919851,53.98109706292375,190.2567884252712,0.22063625811265103
198.19,198.32,1.5373009990918134,0.17079033450713915,0.8301425395095793,0.08710307059864097,0.002804841385531165,-0.0021091598050099504,0,0,160.00440230622013,162.01537750031238,1412.7156239667797,0.8540456667994762
198.73,198.83,0.7305704803002288,0.46909462150298387,0.4456479929831395,0.29083866533185,-0.0023458807967090553,0.0027393191906960757,0,0,43.59147538829318,42.03995439794615,-2585.004445485253,0.5998325509016063
199.34,199.45,0.9439065979528449,0.38642666180309415,0.462514232996894,0.20480613075563991,0.006769304418613113,-0.008418952985956688,0,0,83.81056882724639,77.23669656717425,-1841.3930948974682,0.6651666298779695
199.83,199.98,0.2948351875086167,0.1882041714654352,0.1444692418792222,0.10351229430598936,-0.023438160664064223,-0.031671384080024706,0,0,44.15003210904374,33.03225571007275,-29.879482598496992,0.24151967948702596
205.27,205.1,0.3499548848969286,0.8322150946405265,0.15747969820361787,0.3828189435346422,-0.037692093324490125,0.00338338193506974,0,0,-81.58897926545058,-83.41284908881437,239.44633066123328,0.5910849897687276
205.72,205.56,0.28870740228731473,0.4782079016639791,0.14435370114365736,0.22953979279870995,-0.004026686567051161,-0.002755699268425015,0,0,-49.418885866619604,-45.56703608658317,37.479062072171615,0.3834576519756469
206.22,206.04,0.6949792316784675,0.227670700321245,0.3335900312056644,0.10700522915098515,0.00984788985823767,-0.00574862135979139,0,0,101.29703913691246,102.85394439843279,760.9411886018448,0.4613249659998563
206.7,206.51,0.41813386406546255,0.3380285865515175,0.2132482706733859,0.1656340074102436,0.015785316379802204,-0.019734770351661587,0,0,21.187319589483515,25.13406723796807,-1798.7340520766274,0.37808122530849003
207.69,207.51,0.7540890121859566,0.514232426166491,0.3770445060929783,0.2519738888215806,-0.052714270464719055,-0.0041890760786235945,0,0,37.82268102809014,39.766918831805015,170.55304242654466,0.6341607191762237
208.19,208.0,0.3241923374894542,0.16845264091256856,0.16533809211962164,0.08422632045628428,-0.01160458944527864,-0.001521116091848674,0,0,63.22593486370394,65.00267472123407,153.64466808900895,0.24632248920101138
208.7,208.5,0.3813819352963379,0.3087452386388681,0.1792495095892788,0.15437261931943405,0.006938332958916046,0.0007045565123733289,0,0,21.050235203255294,14.913213551641634,163.12617027787695,0.345063586967603
209.17,209.0,0.2165716797304083,0.16118032362223117,0.10828583986520415,0.07575475210244864,-0.006460136333322167,-0.0003064434282564277,0,0,29.3268364517279,35.352079033165914,181.8848848869588,0.18887600167631974
209.67,209.47,0.438070605394623,0.7773459314547445,0.22341600875125772,0.37312604709827735,-7.143347488768655e-05,-0.033409905696345735,0,0,-55.82865063521339,-50.192618233367526,-199.14658760185958,0.6077082684246837
213.65,213.85,0.6408286480074233,0.5117719583183773,0.30118946456348894,0.2405328204096373,-0.01296290677202446,0.0023626386294912346,0,0,22.3939999650783,22.3939999650783,289.15391941874475,0.5763003031629004
214.12,214.32,0.5676519487724696,0.3834128002513746,0.2895024938739595,0.18787227212317353,-0.009692062674891276,0.0025047528498384833,0,0,38.743765597493706,42.57879929556072,339.39862957390096,0.4755323745119221
214.63,214.81,0.0318310278933494,0.6986592718846889,0.016233824225608193,0.35631622866119134,-0.00533758991307883,0.00015606288831464948,0,0,-182.57004759514462,-182.5700475951446,212.04763673479073,0.3652451498890191
215.14,215.32,0.6662280099332626,0.505841441861563,0.3264517248672987,0.25797913534939715,0.0038081979414632885,-0.00019659699361718836,0,0,27.368099701957895,23.43222926062227,221.773944182226,0.5860347258974128
222.06,221.87,0.30187536713312185,0.2926255653939511,0.1479189298952297,0.14923903835091507,0.005594735281794386,-0.02919417668437004,0,0,3.1117871253295304,-0.888489353643635,-294.82826625182366,0.29725046626353646
222.55,222.38,0.2286885475411652,0.5044017953416665,0.1143442737705826,0.2622889335776666,-0.0005933916607545071,-0.020400929039369523,0,0,-75.21944613709583,-78.56166525979681,-188.6942441390637,0.36654517144141585
223.05,222.9,0.29362270758047365,0.4683227343284874,0.1438751267144321,0.22011168513438908,-0.002960963805989385,-0.0015770249174231876,0,0,-45.856308638141925,-41.88973662684306,60.99349173902194,0.38097272095448054
223.54,223.37,0.20612580168407904,0.2113626917301069,0.10306290084203952,0.1099085996996556,-0.026104996616556166,0.004134309174001788,0,0,-2.5087589855236594,-6.428746419313354,275.2695460223819,0.20874424670709296
224.04,223.89,0.2865067329031061,0.6771635243850541,0.1375232317934909,0.3318101269486765,-0.007882051663911987,0.007023205714520367,0,0,-81.0768597510284,-82.79270652138702,3470.996722751215,0.48183512864408007
224.52,224.38,0.3638504271477489,0.6488891483457176,0.17828670930239696,0.31146679120594445,0.00603669803342154,-0.0022212371748830274,0,0,-56.290625565626,-54.38657682499982,432.8669859015519,0.5063697877467332
225.01,224.86,0.05782367225322833,0.3983246299234845,0.027177125959017313,0.1872125760640377,0.00301279354367628,-0.018550278434238232,0,0,-149.29397130073954,-149.29397130073957,-277.5619365655857,0.2280741510883564
225.48,225.33,0.7093813479125193,0.42122907539539806,0.35469067395625964,0.21061453769769903,0.00543657205001323,-0.031190527653447854,0,0,50.97286679421389,50.97286679421389,-284.43863356335356,0.5653052116539586
225.98,225.83,0.41104155385172747,0.5231793180793491,0.19729994584882918,0.24589427949729406,-0.015536098077847118,-0.0059109868292148045,0,0,-24.006692121067232,-21.929136649068006,89.75682513816163,0.4671104359655383
226.46,226.3,0.1302844229954925,0.5469398702052901,0.06383936726779132,0.26253113769853925,-0.011288432676245198,0.0022559370910424092,0,0,-123.04799204427482,-121.75841101281233,299.90315831377234,0.3386121466003913
226.95,226.78,0.7943601358579294,0.4646291638816094,0.4130672706461233,0.2276682903019886,0.004625327971136024,0.005116428485066434,0,0,52.380265987095385,57.87066978764074,-10.08238126539762,0.6294946498697694
227.47,227.27,0.853231939446038,0.37042840714276226,0.4351482891174794,0.18150991949995351,0.012551889695235375,-0.00023589221454530396,0,0,78.91136354122905,82.26222113744046,207.66132714512662,0.6118301732944001
228.46,228.27,0.9054086596033338,0.4309149987752235,0.4527043298016669,0.21114834939985952,-0.0033597699592757962,-0.027473391730571072,0,0,71.01478116519202,72.77397168671453,-156.41355248518488,0.6681618291892787
229.45,229.25,0.7225509600170786,0.24968144847294305,0.36850098960871014,0.12234390975174209,-0.011483395620535092,-0.0002993717031000362,0,0,97.2749946236726,100.2993329166501,189.836964615281,0.48611620424501084
234.44,234.24,0.4722223255930615,0.6621243584173533,0.21722226977280829,0.33106217920867664,-0.0032612774790249303,-0.023236413522226718,0,0,-33.482185913905006,-41.525857480489165,-150.76888052063282,0.5671733420052074
234.9,234.74,1.0074655074015522,0.44652814698131205,0.5238820638488072,0.22326407349065602,-0.008612873647367257,-0.006467156213893897,0,0,77.15815797811379,80.47100167810048,28.457734543158416,0.7269968271914321
235.42,235.24,0.2976606557857849,0.20734615677657786,0.14287711477717674,0.10159961682052315,0.004027635045690118,-0.006873570621633957,0,0,35.767635906121235,33.76803811708185,-766.0894195546749,0.2525034062811814
235.9,235.73,0.27980827359522187,0.7630239364914854,0.13990413679761093,0.38914220761065754,-0.005735474594203699,0.0004815423226984805,0,0,-92.67371264953276,-94.22163991769612,236.66147927411492,0.5214161050433537
236.4,236.24,0.42830937534144875,0.4576049786285112,0.21415468767072438,0.2288024893142556,-0.019406536242730223,0.005385119048791373,0,0,-6.613642313341681,-6.613642313341681,353.62552798498115,0.44295717698497994
236.9,236.74,0.31327410122585087,0.5322028074375345,0.15976979162518395,0.2661014037187672,-0.013654779591366583,0.0035829912694999595,0,0,-51.788216559997615,-49.93604322438641,342.298116481301,0.42273845433169266
237.41,237.24,0.3775810658768252,0.5075805500621028,0.1812389116208761,0.26394188603229346,-0.008517223603460215,-9.118474913564307e-05,0,0,-29.373050490306603,-37.15478064076313,195.76299146598237,0.442580807969464
237.89,237.76,0.2835674913018872,0.26681394039263573,0.1417837456509436,0.13607510960024422,0.004602423367789432,-0.009339923357330642,0,0,6.087978243622923,4.1090186206509065,-588.5951137055424,0.27519071584726146
238.39,238.27,0.13944845709602174,0.7687259997499923,0.06693525940609044,0.38436299987499617,0.0002512328399266548,-0.036398706151721825,0,0,-138.5807622996532,-140.67315082250255,-202.78008742419817,0.454087228423007
238.87,238.77,0.3832367125349517,0.5973855282496159,0.18395362201677679,0.29869276412480794,-0.006109425075051357,-0.012568269231607584,0,0,-43.67610825210938,-47.54584118003624,-69.16104365466062,0.49031112039228375
239.35,239.27,0.23764971368917018,0.5477778779280191,0.11882485684458509,0.2684111601847294,-0.012875669079710222,0.002113695324280948,0,0,-78.97052956856213,-77.25846603200668,278.56162344624255,0.39271379580859467
239.85,239.76,0.43043984546415204,0.14427346754052944,0.21521992273207602,0.07502220312107531,-0.013869279427246379,0.0021991551241366063,0,0,99.58578353701422,96.6074233358765,275.3772647837381,0.28735665650234077
240.35,240.28,0.2905638046425669,0.8230037967738254,0.14237626427485778,0.40327186041917445,0.006079044920882597,0.0031177854071586034,0,0,-95.62778073895579,-95.6277807389558,64.39739362582546,0.5567838007081962
240.84,240.77,0.11369711387002136,0.35658599255881623,0.03524610529970662,0.18185885620499628,-0.00014271694091948909,-0.001504611105776843,0,0,-103.29474963844929,-135.06163091727754,-165.34583595399747,0.2351415532144188
241.15,241.28,0.25133514471798796,0.7590570914752037,0.04021362315487807,0.3719379748228498,-0.002598971596567943,-0.034020199056967904,0,0,-100.49996992655771,-160.97200801628222,-171.61080876290146,0.5051961180965958
241.31,241.28,0.40007408770647923,0.7590570914752037,0.19603630297617483,0.3719379748228498,1.8540806075285346e-05,-0.034020199056967904,0,0,-61.940013385224844,-61.94001338522483,-200.21811649230136,0.5795655895908415
241.8,241.77,0.19216463419981814,0.3986436332609945,0.09800396344190725,0.19932181663049725,-0.0013052671461444565,-0.002989168030968521,0,0,-69.89712583020744,-68.15275363200404,-78.42246141231088,0.2954041337304063
242.31,242.27,0.755112132978647,0.5221575057344829,0.370004945159537,0.25585717780989664,-0.030198868894233934,-0.007591315958104491,0,0,36.476969338889106,36.476969338889106,119.6477499354201,0.638634819356565
242.8,242.76,0.2729870698709731,0.4544669616127072,0.14468314703161575,0.21814414157409945,0.0048159558471051935,0.004696852359108522,0,0,-49.894531856974226,-40.4936435871635,2.504065790349346,0.3637270157418402
243.33,243.24,1.0888285677273832,0.49913195141355615,0.5335259981864178,0.2595486147350492,0.005822739448051284,0.009191016225338473,0,0,74.27094177792824,69.09246090783611,-44.86920995067333,0.7939802595704697
243.82,243.76,0.22296801577410788,0.3774224505522445,0.10256528725608963,0.1924854497816447,0.000799740930937435,-0.0017512998898176202,0,0,-51.45132824083862,-60.95233886099738,-536.1813468199961,0.3001952331631762
244.28,244.27,0.4101843635206705,0.2786397413235124,0.19278665085471514,0.13653347324852105,-0.0061274813748880795,-0.0007736702436273281,0,0,38.19396599859539,34.1632190011927,155.15703544019445,0.34441205242209144
244.75,244.76,0.3455055461630641,0.2683325498557582,0.17966288400479336,0.1368496004264367,-0.01724467158831353,-0.018751253507116195,0,0,25.144414075251373,27.053140513741006,-8.370847060096539,0.30691904800941117
245.27,245.27,0.2199130044010108,0.4932329372673612,0.07477042149634368,0.2466164686336806,-0.00046737525784038686,-0.015787588666452114,0,0,-76.65189322312655,-106.94029682904161,-188.49889153818643,0.35657297083418604
245.61,245.77,0.1284767746281005,0.587185496621252,0.020556283940496082,0.2994646032768385,-0.0012990947439485132,0.0016977458786579386,0,0,-128.19139429898138,-174.30632216635814,-1503.4903260921774,0.3578311356246762
245.77,245.77,0.3868205224110285,0.587185496621252,0.12378256717152912,0.2994646032768385,-0.00012840394289763586,0.0016977458786579386,0,0,-41.142450928444,-83.016283803717,-232.72809831222096,0.48700300951614023
246.09,246.28,0.1082466882389735,0.3761107687581943,0.01731947011823576,0.18053316900393326,-0.0031938634637994636,0.004065878311817433,0,0,-110.60594882955921,-164.9851117577635,-1665.0500371909484,0.2421787284985839
246.25,246.28,0.1933801476748735,0.3761107687581943,0.10249147826768296,0.18053316900393326,0.0002133667502734948,0.004065878311817433,0,0,-64.17332245712724,-55.14833530477251,-180.05566428866877,0.2847454582165339
246.78,246.76,0.7451697245598151,0.5002815636032514,0.342778073297515,0.2551435974376582,-0.003286082646496439,0.004025554055726649,0,0,39.32520898794087,29.31302882938029,-1977.530601172128,0.6227256440815332
247.24,247.27,0.45477282708854516,0.5248290106997374,0.2091955004607308,0.2624145053498687,-0.0033794912191899215,-0.002958718801192163,0,0,-14.302991462197157,-22.569073697944773,13.277326457932464,0.4898009188941413
247.7,247.77,0.5664016521025651,0.45603744709883043,0.2888648425723082,0.209777225665462,0.0011102500583352864,-0.02006289929160239,0,0,21.588416383907404,31.721197205180218,-223.43208159810172,0.5112195496006977
248.21,248.23,0.6306283240139499,0.3239900913319261,0.33423301172739345,0.15875514475264377,-0.009997576476971857,-0.0023617426294748603,0,0,64.24310022783776,71.18948586013562,123.56398895007229,0.47730920767293794
248.74,248.72,0.2696701525143271,0.9467080715971813,0.13213837473202025,0.48282111651456244,0.0005717386400305429,-0.013497451624155863,0,0,-111.32029588533449,-114.05068033722813,-217.69306314422184,0.6081891120557542
249.23,249.23,0.4633392694123869,0.2374427802015919,0.25020320548268893,0.12821910130885963,-0.006913133949237952,-0.00012812524433536768,0,0,64.46982748351748,64.46982748351748,192.721458431622,0.3503910248069894
249.77,249.77,0.33154912344905935,0.8970740547366569,0.17240554419351087,0.48441998955779475,-0.02150984892459918,0.013137346987584491,0,0,-92.05832045634972,-95.00679536079734,827.6425893437898,0.6143115890928581
250.29,250.31,0.35695854155867374,0.6114720691770327,0.17847927077933687,0.317965475972057,-0.0036441572417771637,-0.00388507485091255,0,0,-52.5620575799453,-56.19405023639864,-6.399526702578296,0.4842153053678532
250.79,250.83,0.3583985395047452,0.419649765880237,0.18995122593751496,0.21402138059892087,0.0030669467916984664,-0.02439993592718916,0,0,-15.744838964769515,-11.916726170013181,-257.5061801648065,0.38902415269249113
251.32,251.34,0.23649391607166675,0.4513290021127232,0.12061189719655005,0.23469108109861608,0.0005288979947615496,-0.020083237093238435,0,0,-62.46813834239351,-64.21515769411612,-210.81904107519026,0.343911459092195
251.83,251.86,0.3897191675349304,0.5495098095126068,0.1987567754428145,0.2747549047563034,-0.0086822457922228,0.0017123649390902592,0,0,-34.025918254774815,-32.09979077243909,298.27226462964023,0.4696144885237686
252.34,252.36,0.43078443788378096,0.5597257011113503,0.21970006332072828,0.2854601075667887,-0.005504601029039919,0.004993878009585274,0,0,-26.035324253900075,-26.035324253900086,4111.222184516201,0.49525506949756565
252.85,252.87,0.32023352607135913,0.3196432359751316,0.16011676303567957,0.16301805034731712,-0.012088106040928593,-0.0002978771171475705,0,0,0.18450118249008435,-1.7957132388572385,190.3801865917009,0.31993838102324534
253.35,253.38,0.3983854397285584,0.4966562065340247,0.20716042865885037,0.24832810326701235,-3.7737818449282666e-05,-0.003369035444831586,0,0,-21.958926093733098,-18.076272714968205,-195.56908364216295,0.44752082313129155
253.87,253.88,0.3197068003101396,0.5923021931716101,0.1598534001550698,0.30799714044923726,0.0018662125499594156,-0.014138332955823271,0,0,-59.77910191889473,-63.32951549134264,-260.8277131657771,0.45600449674087484
254.37,254.4,0.28956764046920375,0.38240212682564356,0.13899246742521779,0.1835530208763089,0.0008016873182757891,-0.00292621967093578,0,0,-27.630554490617687,-27.630554490617687,-350.9390652059589,0.3359848836474236
254.85,254.88,0.2694735678466807,0.7319876235156801,0.13204204824487353,0.37331368799299686,-0.009754242533214092,-0.018175660944856266,0,0,-92.36784403793177,-95.48586171961725,-60.303956426160894,0.5007305956811804
255.34,255.39,0.5014180254762869,0.5295262390832391,0.23566647197385482,0.2647631195416196,-0.009372351372516663,-0.0038266010753261383,0,0,-5.45290653883439,-11.628667872996884,84.03318852924431,0.5154721322797631
255.81,255.89,1.258064926842842,0.16814122615057772,0.5787098663477074,0.08743343759830041,-0.021178213178293236,-0.0004273667887570039,0,0,152.8423781379231,147.4987216231857,192.08784416972352,0.7131030764967099
256.27,256.41,1.0691842900151032,0.38006036630779805,0.5239003021074006,0.19003018315389902,-0.0032699458998144163,0.0023875704180466003,0,0,95.10111639200882,93.5301477793891,1282.3376067808074,0.7246223281614506
256.76,256.91,0.33805986494420304,0.7323035804419512,0.15888813652377543,0.3588287544165561,-0.0006854268700292356,-0.015480791073623313,0,0,-73.66539229215124,-77.23936436751275,-183.04051393051125,0.5351817226930771
257.23,257.4,0.33548506708676845,0.504344665137845,0.16103283220164885,0.23704199261478717,-0.003747113766978505,-0.007086996355906759,0,0,-40.21281732995728,-38.18837850305574,-61.65494998750853,0.4199148661123068
257.71,257.87,0.34348821097510396,0.43109429927609577,0.17174410548755198,0.21985809263080885,-0.015536860873704521,-0.016768033956061756,0,0,-22.620208213216916,-24.572889209735504,-7.622207648995722,0.38729125512559986
258.21,258.38,0.2409208048398612,0.3086748194799284,0.1204604024199306,0.1574241579347635,-0.011170714919120566,0.002956883529315206,0,0,-24.655951263776306,-26.603677057589714,343.9953361100233,0.2747978121598948
258.71,258.89,0.4119085915569054,0.5740939275724751,0.20183520986288364,0.28704696378623756,0.005095875121117397,0.008398576349701831,0,0,-32.897550030354076,-34.85983270255699,-48.949025245320804,0.49300125956469026
259.2,259.39,0.25710204679487614,0.5194073228049741,0.12340898246154054,0.2597036614024871,0.002965159393086874,0.005117810316620472,0,0,-67.5601058478583,-71.15122986612761,-53.26386219036164,0.38825468479992514
260.19,260.39,1.343343669357363,0.4446527963684875,0.6716718346786815,0.21787987022055885,-0.021685867694341818,-0.004429763550292611,0,0,100.52490485478062,102.02711364810968,132.15153776989058,0.8939982328629252
260.69,260.88,0.934071506950793,0.4352366264827631,0.4670357534753965,0.2219706795062092,-0.00036359166739834223,-0.025280035884073734,0,0,72.85940516795085,71.13578690657299,-194.3285454966379,0.6846540667167781
261.19,261.39,0.47834668265800934,0.5443752960816968,0.23438987450242457,0.26674389508003143,-0.011002657861772463,-0.010206921346900178,0,0,-12.912329019281286,-12.912329019281293,7.503557774940742,0.5113609893698531
261.68,261.88,0.6950223607969068,0.38018692470376597,0.3127600623586081,0.17868785461077,-0.0047359938006797855,0.0024188243487917203,0,0,58.56263340332618,54.56212270656224,617.54811618474,0.5376046427503364
262.44,262.35,0.17372631784531947,0.422595921450378,0.02953347403370431,0.1901681646526701,-0.0002852254834642648,0.004275531892265982,0,0,-83.4681610731113,-146.2298520661222,-228.59183774309884,0.29816111964784875
262.61,262.8,0.09548912316309847,0.5801138622232294,0.04487988788665628,0.24944896075598863,-0.001567812965916203,0.0008578468646392307,0,0,-143.46435689090674,-139.00715054792803,683.3170840671262,0.3378014926931639
263.08,263.23,1.3012532501751048,0.3638850374738874,0.6376140925858014,0.16010941648851046,-0.0356909517005623,-0.0019167763407222768,0,0,112.58743128472376,119.716836890364,179.61295254402924,0.8325691438244961
263.57,263.67,0.7328817964415411,0.3089099295983624,0.32979680839869346,0.13900946831926309,-0.00040565078322686837,-0.010299155953016299,0,0,81.3928266554383,81.3928266554383,-184.84229400037793,0.5208958630199517
264.02,264.12,0.31563483514027424,0.3680587053807498,0.14519202416452615,0.1509040692061074,0.006138146700691063,-0.02464864602385009,0,0,-15.335487944064758,-3.858237355689326,-332.64140731225865,0.341846770260512
264.48,264.53,0.47589247882453384,0.5623426656412813,0.23318731462402156,0.24180734622575095,0.005381105143252893,-0.011757669634133524,0,0,-16.653296178146075,-3.6295277872420817,-537.5551302553979,0.5191175722329076
264.97,264.96,0.719596995219871,0.4720325720029552,0.33821058775333934,0.21241465740132984,0.004789745490046779,0.0016189204548880411,0,0,41.55056739551731,45.692031543767584,98.95429290287301,0.595814783611413
265.44,265.41,0.37767127109549015,0.44092054970294237,0.18128221012583526,0.19841424736632407,-0.003620809814752596,0.0026510559911806317,0,0,-15.453190955599963,-9.024070097279003,1293.4964840523362,0.40929591039921626
265.92,265.86,0.26690706333836917,0.15414450872839422,0.12277724913564982,0.07244791910234528,-0.011347793862348793,-0.0013009851203525397,0,0,53.56234822089439,51.56028855044863,158.85815944347556,0.21052578603338168
266.38,266.33,1.0804557611109016,0.14619062831620158,0.5078142077221237,0.06724768902545274,-0.01858124411413468,-0.00033757333949687926,0,0,152.32835491099308,153.22403420863674,192.86269682924436,0.6133231947135516
266.85,266.79,0.801302612467966,0.35709529556390307,0.3365470972365457,0.16426383595939542,-0.012604443369981639,-0.010081806751301072,0,0,76.69339072940421,68.80171731783851,22.239344141886185,0.5791989540159346
267.27,267.25,0.3942705458708307,0.2102810376119472,0.17742174564187382,0.09252365654925676,7.056602746519791e-05,-0.0004112007909817753,0,0,60.86809241287014,62.90019270823238,-282.8641524860263,0.30227579174138897
267.72,267.69,0.4182585328448397,0.726119229058072,0.17985116912328108,0.31223126849497096,-0.009648473847882491,-0.016781737685855485,0,0,-53.8040333292235,-53.8040333292235,-53.978106296027434,0.5721888809514559
268.15,268.12,0.7772452753057215,0.5570262226690899,0.3575328266406319,0.25623206242778135,-0.001650540358614689,0.0008597062532369692,0,0,33.0096315436379,33.009631543637894,634.8351935714024,0.6671357489874057
268.61,268.58,0.14588984786041673,0.30651360014662626,0.06419153305858336,0.1471265280703806,-0.01308201580845148,0.003531915806828051,0,0,-71.00907519330354,-78.49304935765369,347.9320973069458,0.2262017240035215
269.05,269.06,0.5933122334170344,0.1265577320290877,0.27885674970600616,0.05188867013192596,-0.01898321944260276,1.8256686208131356e-05,0,0,129.67744837046698,137.2463931233251,200.38506136695625,0.35993498272306107
269.52,269.47,0.27065615608149807,0.5390324413078474,0.13262151647993406,0.24795492300160984,0.00738138592269276,0.0003198154593426379,0,0,-66.29123494925504,-60.609851034811044,183.3888016439268,0.40484429869467276
270.01,269.93,0.4931346691604978,0.4946822319380596,0.23670464119703893,0.232500649010888,0.0003205949592567023,4.094191068800771e-05,0,0,-0.3133298844838028,1.791962824753301,154.7023674854861,0.4939084505492787
270.49,270.4,0.6284072330617263,0.179368434802685,0.32677176119209767,0.08430316435726194,-0.011249179991695911,-0.006241080651353731,0,0,111.17908501656291,117.96807918206213,57.267292266823034,0.4038878339322056
271.01,270.87,0.9690958066517876,0.6469433690101731,0.46516598719285807,0.31053281712488306,-0.02206388298075341,-0.014820517153243108,0,0,39.86938466509076,39.86938466509078,39.27603974144104,0.8080195878309804
271.49,271.35,0.30842947832240497,0.5048530849913699,0.15113044437797843,0.24737801164577128,-0.01159737187316083,-0.0026296100908316405,0,0,-48.30390211948568,-48.30390211948568,126.06695931752762,0.40664128165688745
271.98,271.84,0.2508504861693187,0.12047134473510389,0.08027215557418199,0.060235672367551944,-0.0006919589399135696,0.0019507979372162714,0,0,70.22433403209956,28.520095285991914,-419.87210164166225,0.1856609154522113
272.3,272.34,0.10967716082609616,0.9264382962365306,0.017548345732175386,0.4446903821935347,-0.006459827415781627,0.01091316134379744,0,0,-157.6583246284041,-184.8144738447829,-780.2239419005175,0.5180577285313134
272.46,272.34,0.08402686477765071,0.9264382962365306,0.03865235779771933,0.4446903821935347,0.0036719485663882522,0.01091316134379744,0,0,-166.73735304508082,-168.01246436562286,-99.29596447335919,0.5052325805070906
272.92,272.82,0.540039953138821,0.545757214818658,0.2484183784438577,0.2619634631129558,-1.0807280267241537e-05,0.00015933871479289032,0,0,-1.053099390670153,-5.307823894275573,-229.10435841882426,0.5428985839787395
273.38,273.3,0.3774941474167493,0.4416609845014115,0.17742224928587216,0.21199727256067752,0.00022922092528828916,-0.02389118368825144,0,0,-15.666589778765594,-17.75721109761395,-203.8749266505833,0.4095775659590804
273.85,273.78,0.22426264728334525,0.35376049972460044,0.10316081775033882,0.1662674348705622,-0.01471848113244997,-0.010199513637609894,0,0,-44.80715110167555,-46.84484014303988,36.27071549328541,0.28901157350397283
274.31,274.25,0.3317981963061092,0.2240655368056792,0.1592631342269324,0.10755145766672601,0.0015940554856047123,-0.008762534458462002,0,0,38.76225523738716,38.76225523738715,-288.9480455555741,0.2779318665558942
274.79,274.73,0.6307926440919615,0.36902728838243143,0.2964725427232219,0.17344282553974277,0.0009446599989799418,0.000753915041498859,0,0,52.36249992770259,52.362499927702586,22.45940896756788,0.4999099662371964
275.26,275.2,0.35391049112277534,0.37084658050727204,0.11325135715928811,0.1817148244485633,-0.00038284118899721033,0.005755925596877709,0,0,-4.673590654701949,-46.421231692448934,-228.5006644180547,0.36237853581502366
275.58,275.69,0.11150459469466778,0.2621993719059066,0.01561064325725349,0.11536772363859889,-0.003898267373903178,0.001577623065789375,0,0,-80.64927893703936,-152.32604092654074,471.9284571570819,0.18685198330028718
275.72,275.69,0.16149542192373334,0.2621993719059066,0.07590284830415467,0.11536772363859889,-0.00245521833172597,0.001577623065789375,0,0,-47.53608090009456,-41.26601905729218,919.0663518931772,0.21184739691481996
276.19,276.13,0.9753590020515134,0.6964966318658362,0.45841873096421126,0.3412833496142597,-0.00030576909225264303,-0.008531452337707062,0,0,33.359623226829775,29.29475468294911,-186.1599442912663,0.8359278169586748
276.66,276.62,0.17639192861629957,0.4552499724985743,0.08466812573582379,0.2094149873493442,-0.011570964392279356,-0.003687421324900929,0,0,-88.29624614519047,-84.83782717397517,103.33390718392833,0.3158209505574369
277.14,277.08,0.4843658643078671,0.36104607667384037,0.22765195622469753,0.17691257757018178,-0.0023648578315414136,-0.02121107318088022,0,0,29.173893023281785,25.083453647591078,-159.87674327184922,0.42270597049085373
277.61,277.57,0.5690154494081858,0.5173047306169277,0.278817570210011,0.25865236530846386,0.004047446515003552,-0.004084866940084474,0,0,9.52034579529999,7.503751770634251,-43464.570151203305,0.5431600900125568
278.1,278.07,0.4604653220689403,0.40662748401146703,0.21641870137240193,0.1911149174853895,0.0024451648887428186,0.004104702625081474,0,0,12.418010547415564,12.41801054741556,-50.67393295623154,0.43354640304020364
278.57,278.54,1.3043783041283716,0.37032255831923083,0.6521891520641858,0.18516127915961542,0.0033235403015833484,0.005021323784194851,0,0,111.54896575905539,111.54896575905539,-40.690500532056916,0.8373504312238013
279.07,279.04,1.0118465941722692,0.2888793994090438,0.4755678992609665,0.13866211171634102,0.0004443344504807714,9.584774885367797e-05,0,0,111.16364220148574,109.70020400291783,129.02561471165055,0.6503629967906565
279.54,279.52,0.5056123694790242,0.29710892466590105,0.2528061847395121,0.1426122838396325,-0.008082276112289163,-0.0014847925513071757,0,0,51.94915005592948,55.735333403034424,137.9206900873635,0.40136064707246266
280.04,280.0,0.778636750749515,0.3642524749040591,0.3815320078672623,0.1675561384558672,-0.005036375695345856,-0.007721436076842718,0,0,72.51521259350146,77.93862273088436,-42.09280446275539,0.571444612826787
280.53,280.46,0.12112309399203887,0.7216802374582574,0.05571662323633788,0.339189711605381,0.00020102755742378367,-0.02713874097698632,0,0,-142.51418357181373,-143.5647207243009,-202.9850723302713,0.42140166572514814
280.99,280.93,1.0743704729436505,0.5554194039916545,0.5264415317423887,0.2666013139159941,0.010683193104517024,-0.004216025184279311,0,0,63.68318717598661,65.52993176823269,460.764850164852,0.8148949384676525
281.48,281.41,0.7689179997695004,0.4593793129630129,0.37676981988705516,0.21590827709261604,0.0005186764083839211,0.0024854006719650136,0,0,50.40126418869661,54.28293828106715,-130.9370040100735,0.6141486563662566
281.97,281.88,0.26636124518359355,0.2949610631401746,0.13318062259179678,0.13863169967588207,-0.01299054443193887,0.00010478518252251303,0,0,-10.190159034294007,-4.010912410892918,203.25274376136613,0.2806611541618841
282.47,282.35,0.2824233834760179,0.5269290521444885,0.13556322406848859,0.2581952355507994,-0.002440040195203109,-6.173615792868853e-05,0,0,-60.42007360638023,-62.287937432953,190.12922832188332,0.4046762178102532
282.95,282.84,1.573729920601252,0.609712449331643,0.755390361888601,0.2865648511858722,0.0033041885450770525,-0.017599200987577942,0,0,88.30253406681273,89.9895705342989,-292.4571016182758,1.0917211849664477
283.43,283.31,1.1863839920757664,0.3776546665607271,0.5813281561171255,0.181274239949149,-0.00027240163295086704,-0.0030975091545018627,0,0,103.41551611263598,104.91808529099073,-167.66660601638398,0.7820193293182467
283.92,283.79,1.0265507814825097,0.14690860073213158,0.49274437511160457,0.07198521435874447,0.0037161077214092533,-0.006339134386703596,0,0,149.92290216134296,149.01261368205746,-766.6900410243829,0.5867296911073207
284.4,284.28,0.974762167415383,0.48507841404041163,0.45813821868522997,0.22798685459899345,-0.00012437342700030024,0.0023143296044276966,0,0,67.08729152968809,67.08729152968809,-222.71706224668026,0.7299202907278973
284.87,284.75,0.17616254638399784,0.23959161804489196,0.06165689123439924,0.1221917252028949,-0.00034101168237324407,0.0044824991634042684,0,0,-30.512777543924262,-65.85291218565409,-232.93615484148216,0.2078770822144449
285.22,285.26,0.0972561632738227,0.5103965082517521,0.015560986123811632,0.23478239379580595,-0.002119263935732453,0.0063896912776425785,0,0,-135.9791092305076,-175.13657260869758,-398.5060291211534,0.3038263357627874
285.38,285.26,0.6733109383878734,0.5103965082517521,0.3433885785778154,0.23478239379580595,-0.010698879734622748,0.0063896912776425785,0,0,27.526130818659936,37.56888186071948,793.1224722643392,0.5918537233198127
285.89,285.72,0.9449121210101782,0.3779074556430932,0.4441086968747837,0.1889537278215466,-0.0005830256842967417,-0.005454013456975193,0,0,85.72668191101386,80.60973423770356,-161.37009082409858,0.6614097883266357
286.36,286.22,0.1582827216823606,0.4857171424678478,0.04748481650470818,0.23800139980924542,-0.0001601417755912847,-0.01687044498870788,0,0,-101.68772976918378,-133.4681483150999,-196.2387255869073,0.3219999320751042
286.66,286.71,0.09101481968058257,0.3909059401942564,0.01547251934569904,0.18763485129324306,-0.003799805271795709,-0.0068500907783553226,0,0,-124.4566100831844,-169.52839417491336,-57.282916043417266,0.24096037993741948
286.83,286.71,0.4424690221802515,0.3909059401942564,0.19468636975931067,0.18763485129324306,-0.000819045133322227,-0.0068500907783553226,0,0,12.37452150928032,3.688792605680818,-157.28096918584566,0.41668748118725396
287.27,287.19,0.6383546879775911,0.636115070731531,0.31917734398879555,0.3180575353657655,-0.01997420121575071,-0.02001623681389053,0,0,0.35145867224477656,0.35145867224477656,-0.2102282456054348,0.637234879354561
287.77,287.69,1.1089393876508933,0.3149676498915539,0.5322909060724288,0.1448851189501148,-0.03898765622207369,-0.000814478348356766,0,0,111.5201648458277,114.41804576865137,191.81472695223883,0.7119535187712236
288.25,288.15,0.8750061526233816,0.3415022935527796,0.40250283020675554,0.1707511467763898,-0.0028360382773919904,0.004029623538766104,0,0,87.71067077216921,80.85480179309063,-1150.4267082276149,0.6082542230880805
288.71,288.65,0.5372881244408111,0.5688811946612862,0.2525254184871812,0.2787517853840302,-0.0017887875850813762,0.0024254645848030415,0,0,-5.712158107245263,-9.872950205936807,-1323.8273635538121,0.5530846595510486
289.18,289.14,0.2391590220324215,0.4763118766470177,0.11957951101621075,0.2286297007905685,0.0006883089925936634,0.0012333686633000367,0,0,-66.29280241930583,-62.634867818987814,-56.72748174332979,0.35773544933971957
289.68,289.62,0.5972862291898606,0.2749352103069191,0.2986431145949303,0.14021695725652875,-0.0025252663085542394,-0.029505212307721063,0,0,73.91494964143945,72.19893879615645,-168.46420762166068,0.4361107197483899
290.18,290.13,0.7887368976866254,0.29772502385984745,0.37859371088958016,0.14886251192992372,0.00019948546258128502,-0.012628239310355172,0,0,90.38731392037566,87.1091055601294,-206.42012755339957,0.5432309607732364
290.66,290.63,0.4722498016915348,0.22608242044150162,0.2266799048119367,0.11078038601633579,-0.00402687463686673,-0.0009083174236081301,0,0,70.50151015461431,68.68927808432436,126.38037892120192,0.3491661110665182
291.14,291.12,0.5913931758631251,0.14343960988205173,0.2779547926556688,0.0745885971386669,-0.00973912691217254,0.001231365519961447,0,0,121.91986385768405,115.37087428338411,257.8937496337765,0.3674163928725884
291.61,291.64,0.4196541804875054,0.6571078750155941,0.2014340066340026,0.3088407012573292,-0.008391060957097705,0.001871121307491768,0,0,-44.105137864863245,-42.09759682864782,314.79378080469553,0.5383810277515497
292.09,292.11,0.4051295391230166,0.505501704497814,0.19851347417027812,0.24264081815895067,-0.0002063517735018481,0.00036577843579262484,0,0,-22.044524845358904,-20.005401627483554,-717.7346637928983,0.4553156218104153
292.58,292.59,0.6067641404135186,0.3551161828457471,0.3033820702067593,0.17045576776595858,0.0026237087846367815,-0.004298457158488178,0,0,52.32417203734443,56.10624217327878,-826.6514601481473,0.4809401616296328
293.08,293.07,0.630326432148809,0.1973293035506581,0.30255668743142833,0.09471806570431587,0.0017849569527997305,-0.0006442387796592869,0,0,104.63218217951865,104.63218217951865,425.9063789211568,0.4138278678497336
293.56,293.55,0.4374789424502567,0.9631646390592098,0.2099898923761232,0.4623190267484207,-0.007614898856738396,-0.010969000023750713,0,0,-75.06344990956576,-75.06344990956575,-36.09685124291896,0.7003217907547332
294.04,294.03,0.6441256930078136,0.45547321525804263,0.3220628465039068,0.2231818754764409,-0.0012660669856990054,-0.008558769736136323,0,0,34.31296199580428,36.27030837394513,-148.45443149664894,0.5497994541329281
294.54,294.52,0.3422796320637031,0.2068292280425984,0.16771701971121453,0.09927802946044723,-0.0020220772806777768,-0.000712223186878423,0,0,49.33462701544571,51.26611183472931,95.80908238442757,0.2745544300531507
295.03,295.0,0.35155956869624466,0.4185395889211592,0.11601465766976074,0.2092697944605796,-0.001267449963851525,-7.15013992402605e-05,0,0,-17.395167768302166,-57.337592485638915,178.6395828224392,0.38504957880870194
295.36,295.5,0.12012131257866197,0.6186110319041837,0.016816983761012677,0.29693329531400814,-0.00018519103028082897,-0.0006484957614561054,0,0,-134.9581409419653,-178.56003977355303,-111.14599289980592,0.3693661722414228
295.5,295.5,0.7806308735042075,0.6186110319041837,0.39031543675210373,0.29693329531400814,-0.035815581165571056,-0.0006484957614561054,0,0,23.15823175017557,27.175646045167948,192.88619577285456,0.6996209527041956
296.0,295.98,0.174310006875013,0.36186443557305753,0.08541190336875637,0.17369492907506762,0.00034862518270705606,-0.0010520983335985338,0,0,-69.96022706405277,-68.14411250652881,-398.2308392382908,0.2680872212240353
296.49,296.46,1.2198412206136036,0.26143279557018795,0.7441031445742982,0.13071639778509397,0.007020702811658994,0.001965901495183467,0,0,129.40325889366028,140.2316059686773,112.4963588889024,0.7406370080918958
297.1,296.96,0.181347019192347,0.2026824159799748,0.08341962882847963,0.11552897710858563,0.0016832835996704112,-0.0007830974781241011,0,0,-11.111334097634561,-32.27903822584549,547.971362535082,0.1920147175861609
297.56,297.53,0.26817482518799063,0.47364750406817163,0.1233604195864757,0.23682375203408582,-0.0002579696070918198,0.004666299491042206,0,0,-55.396736058406844,-63.002953148723506,-223.4074684865143,0.37091116462808116
298.02,298.03,0.6398134231788928,0.2326004941185686,0.31350857735765747,0.12095225694165568,0.004984420524174174,7.576611372474718e-05,0,0,93.35314831330903,88.64150929809426,194.01080480650361,0.4362069586487307
298.51,298.55,0.4345100862417146,1.1469132359843677,0.22160014398327446,0.5505183532724964,0.012030620420866788,0.0019298938348431965,0,0,-90.09645168756491,-85.19889381183029,144.70421935771165,0.7907116611130411
299.02,299.03,0.3948024070579421,0.551971821637636,0.20924527574070934,0.275985910818818,-0.013480102801635441,0.0035141967660663777,0,0,-33.20103353388372,-27.508798662066642,341.0487617894027,0.4733871143477891
299.55,299.53,0.617200254658652,0.2412243419723168,0.3209441324224991,0.1206121709861584,-0.0069061820825469765,-0.016117971240238525,0,0,87.59672408314387,90.73903368148036,-80.0184834469048,0.4292122983154844
300.07,300.03,0.12884281273703965,0.30601434141591,0.06184455011377903,0.153007170707955,-0.00037651754439082565,-0.008344044534693573,0,0,-81.48493222974773,-84.8609638736057,-182.7296662313144,0.21742857707647484
300.55,300.53,0.6324139527039121,0.2607574391346131,0.3351793949330734,0.12516357078461426,0.0030620502113950787,-0.00030608667835796584,0,0,83.22176840086031,91.24319900100507,244.42535972464827,0.44658569591926256
301.08,301.01,0.4125156572433043,0.15121669179465222,0.20213267204921911,0.07258401206143306,0.008178726971673905,-0.00044210194481303366,0,0,92.70320069251821,94.31437366622087,222.8576126296981,0.2818661745189783
301.57,301.49,0.2136974808546393,0.21638315722977142,0.09616386638458768,0.10819157861488571,-0.001345020166719217,0.00023289462344618117,0,0,-1.2489175923353275,-11.771364575413218,283.7655873853097,0.21504031904220536
302.02,301.99,0.3940758061188273,0.16284113929610863,0.18521562887584883,0.0846773924339765,-0.0072414462778052704,5.9979984432654686e-05,0,0,83.04098797009497,74.50228683494475,203.34082105143386,0.278458472707468
302.49,302.51,0.3650729197534007,0.688898777686423,0.17523500148163235,0.3444493888432115,-0.001444153356533747,-0.03440325454143728,0,0,-61.448681918047626,-65.12198192283851,-183.8855477568241,0.5269858487199119
302.97,303.01,0.2173506005914849,0.3861659163712041,0.10215478227799789,0.1776363215307539,-0.000432983565323924,-0.0046464389069149565,0,0,-55.943892514927086,-53.95563920742141,-165.90292950111115,0.3017582584813445
303.44,303.47,0.3576323475194071,0.30053991700799987,0.12517132163179248,0.14125376099375994,-0.00018238548343138333,-0.0037903040608800757,0,0,17.348780429817044,-12.072766725624367,-181.63606983157862,0.3290861322637035
303.79,303.94,0.0884472674010325,0.2253017587903464,0.01238261743614455,0.10814484421936627,0.00012010408308752254,-0.019520272409375945,0,0,-87.23819356547493,-158.9052411257567,-202.4763513608235,0.15687451309568945
303.93,303.94,0.08571940751413032,0.2253017587903464,0.017143881502826065,0.10814484421936627,-0.0020140273951685054,-0.019520272409375945,0,0,-89.7574611623511,-145.26600409093516,-162.58940548894037,0.15551058315223837
304.13,303.94,0.15595153877974915,0.2253017587903464,0.06861867706308963,0.10814484421936627,-0.001549453430874221,-0.019520272409375945,0,0,-36.38012861926621,-44.72208617423563,-170.58426972192964,0.19062664878504776
304.57,304.42,0.8191968602679512,0.3055055827109561,0.3932144929286166,0.21385390789766928,0.008347203500630198,6.705986264293263e-05,0,0,91.3470546389893,59.090733362770365,196.81208634682687,0.5623512214894537
305.05,305.12,0.4730975498321534,0.7217843064912562,0.2365487749160767,0.3608921532456281,0.012394140217239159,-0.009827264342299118,0,0,-41.62532979190081,-41.62532979190081,1731.3968919558563,0.5974409281617048
305.55,305.62,0.43831662359112167,0.48322033182618634,0.2147751455596496,0.24644236923135504,0.001444198948211059,-0.02676335957688005,0,0,-9.745395010172006,-13.73201262144395,-222.81590562012212,0.46076847770865403
306.04,306.13,0.7344123528200901,0.23083319232365268,0.35251792935364323,0.11310826423858981,0.001826782904000939,-0.005604932497866026,0,0,104.3421879603589,102.83341805496181,-393.40503689607704,0.48262277257187136
306.52,306.62,0.43864328489457216,0.774139211089895,0.21932164244728608,0.3715868213231496,0.0038441262429919354,-0.004665528331111536,0,0,-55.326643863372475,-51.53596139215823,-2071.9826981653396,0.6063912479922335
307.02,307.1,0.33881157720594934,0.3817820811792011,0.15924144128679618,0.18707321977780852,-0.005034667809345176,0.0016338817750413317,0,0,-11.926417467938478,-16.073115937658986,392.1769565694884,0.3602968291925752
307.49,307.59,0.6018866998902094,0.5793542381045008,0.2949244829462026,0.2780900342901604,-0.01702534366741349,0.0027055079614115183,0,0,3.8150492521805,5.8757494442669325,275.5737151447217,0.5906204689973551
307.98,308.07,0.34174409088734026,0.3555628557532419,0.17087204544367013,0.17422579931908855,-0.00011213184549451263,-0.0004885727746257095,0,0,-3.9634668584549098,-1.9436539093566316,-125.3331226438238,0.34865347332029106
308.48,308.56,0.5752165049466469,0.22982348360511787,0.2761039223743905,0.11491174180255893,-0.0012102415742114153,-0.010820554991066472,0,0,85.80766825331932,82.44794024358372,-159.76188051573254,0.40251999427588236
308.96,309.06,0.6721228479540438,0.22055664747030387,0.322618967017941,0.11248389020985498,-0.0007076805903421589,-0.011360720371832285,0,0,101.17095840071505,96.59098914998428,-176.54434609654695,0.44633974771217383
309.44,309.57,1.195206511727704,0.6252229932757637,0.5378429302774668,0.3063592667051242,-0.01607686032626912,-0.009521291635915417,0,0,62.62077349167712,54.840810507181416,51.219077846229446,0.9102147525017339
309.89,310.06,1.0786729548463845,0.45579020447511104,0.5177630183262645,0.20510559201379996,-0.00877953185989163,-0.004134741867185561,0,0,81.18575497722578,86.50463496136005,71.9326551514453,0.7672315796607477
310.37,310.51,0.4062026042009245,0.25636908433975536,0.19497725001644375,0.12049346963968502,-0.009334200170481324,-2.1518859778385524e-05,0,0,45.227866645246756,47.22072492683186,199.07996981487855,0.3312858442703399
310.85,310.98,0.37600394353341393,0.4864939859853652,0.18424193233137282,0.23351711327297528,0.0005893900645465187,0.003690230205409045,0,0,-25.62094091370119,-23.590240096569968,-144.91192887516272,0.43124896475938956
311.34,311.46,0.5620951247152287,0.3707496521576191,0.2698056598633098,0.18166732955723336,0.0018592228414855382,4.7169226983893766e-05,0,0,41.0240754520923,39.044785566994946,190.1029325994282,0.4664223884364239
311.82,311.95,0.3316471967705044,0.6199319355742131,0.1658235983852522,0.3037666484313644,0.00391923928286592,-0.029449271204199278,0,0,-60.59080721817996,-58.75038972007501,-261.4059441044558,0.4757895661723588
312.32,312.44,0.6622634042585501,0.35037052273882596,0.3046411659589331,0.16817785091463647,-0.007847955209200681,-0.0050059228731990195,0,0,61.600322328630085,57.72327684560392,44.220620699571484,0.506316963498688
312.78,312.92,0.46820107975219366,0.11341564886437024,0.23410053987609683,0.05443951145489771,-0.005603921451325386,-0.003752644265252166,0,0,121.99973399379954,124.53108509023143,39.57172411653581,0.29080836430828194
313.28,313.4,0.4290756648651228,0.3004926212043728,0.20595631913525891,0.1382266057540115,0.001813283597764133,-0.005696578128008584,0,0,35.24907705445455,39.35681202258203,-386.7778592266591,0.3647841430347478
313.76,313.86,0.6390695902642997,0.5093968257364021,0.30675340332686385,0.244510476353473,0.003634714836211198,0.005304457502735305,0,0,22.58189925648088,22.581899256480888,-37.35788064515353,0.5742332080003509
314.24,314.34,0.5029704712675677,0.23618458421903893,0.24645553092110817,0.11573044626732908,0.00026181499106749193,0.0012070001825379454,0,0,72.18671781197412,72.18671781197412,-128.7003577380465,0.3695775277433033
314.73,314.83,0.534430588061233,0.4973409020413041,0.26187098815000415,0.24867045102065205,-0.013153606472051875,-0.009267523271375477,0,0,7.189515580866251,5.171191255618965,34.66447271075254,0.5158857450512686
315.22,315.33,0.4568957713898981,0.290411671514194,0.22387892798105008,0.13649348561167118,-0.0015063781490010034,-0.0026206583129476085,0,0,44.55571838779888,48.497298390957575,-53.999046251240976,0.37365372145204606
315.71,315.8,0.44255382218759914,0.7858601708955711,0.20800029642817158,0.36935428032091844,-5.5032819801116746e-05,-0.016359940935077505,0,0,-55.89424259916066,-55.89424259916068,-198.65896051683274,0.6142069965415852
316.18,316.27,0.7468592356107195,0.5601050042012613,0.3584924330931454,0.2632493519745928,0.0030590380856401027,0.00010572327544979281,0,0,28.57832306663947,30.637503673064508,186.63744107222252,0.6534821199059904
316.66,316.74,0.34838631930881847,0.2992811047427412,0.17419315965440924,0.14066211922908836,0.001866491242345135,-5.2988039035312216e-05,0,0,15.163712962092122,21.29933507497455,211.6874431627369,0.3238337120257798
317.16,317.21,0.6656952703397249,1.0226175557652692,0.35947544598345144,0.4908564267673292,-0.005204535944970548,-9.44085669080108e-05,0,0,-42.28153454818898,-30.90110696635819,192.87340588704964,0.844156413052497
317.7,317.69,0.6354918590325731,0.6885328743140174,0.2923262551549836,0.3511517659001489,-0.011125188428149581,0.0001026916289414469,0,0,-8.012088285900587,-18.28361150508517,203.72661950598436,0.6620123666732953
318.16,318.2,0.4299717117371332,0.42815824099062477,0.21928557298593795,0.22692386772503115,-0.0012132962127343787,-0.029074963041825847,0,0,0.42265643816392323,-3.423636544723345,-183.9766795108675,0.42906497636387897
318.67,318.73,0.5606572705480827,0.38560099306591644,0.28593520797952215,0.18508847667163988,6.836515566729928e-05,-0.005852332173871935,0,0,36.99968268992065,42.820237960037566,-204.72790771123863,0.47312913180699956
319.18,319.21,0.4633068953372598,0.6899089218504798,0.2223873097618847,0.3518535501437447,0.003402595327392415,-0.00828616735951548,0,0,-39.29915339971962,-45.09126724390056,-478.697257254394,0.5766079085938698
319.66,319.72,0.5395038565311152,0.4800007496214691,0.2589618511349353,0.22560035232209047,-0.002912172809236638,-9.790875156298097e-05,0,0,11.672945183484648,13.769748682349945,186.98922277216013,0.5097523030762922
320.14,320.19,0.6065395708417464,0.1655043060299594,0.30933518112929065,0.0860622391355789,-0.009587385296620524,-0.0006867366056948513,0,0,114.25134711225122,112.93596293276028,173.26344334925247,0.38602193843585286
320.65,320.71,0.31877449935591096,0.1639784030897853,0.14663626970371904,0.07870963348309695,-0.010324495871161667,0.0008394313317281689,0,0,64.13057093262668,60.286550818107955,235.4001315747844,0.24137645122284812
321.11,321.19,0.5004757330655721,0.44218244925466893,0.25023786653278607,0.22993487361242784,0.00044698596039666975,-0.010320591056230989,0,0,12.367851869151808,8.45653708464091,-218.10831833188277,0.47132909116012056
321.61,321.71,0.6055008558655844,0.3589029877455619,0.29064041081548053,0.1686844042404141,0.002229008518746259,-0.014308696104800917,0,0,51.13995962451853,53.10229387899532,-273.81013798136723,0.4822019218055732
322.09,322.18,0.5794114352566019,0.45300942597321214,0.295499831980867,0.22650471298660607,-0.0014446483716995225,-0.018485285084393867,0,0,24.48652754513704,26.434681329665477,-171.00545518865576,0.516210430614907
322.6,322.68,0.5306541022826722,0.8098448020437133,0.23879434602720248,0.4130208490422938,-0.0047297549012760565,-0.002936032760414403,0,0,-41.65474494010681,-53.45886513017401,46.79811703696738,0.6702494521631928
323.05,323.19,0.5140190999801948,0.5020682256063494,0.2570095499900974,0.24601343054711125,-0.0019475984117208133,0.00018618850828936982,0,0,2.3523321417175658,4.372014746222023,242.28169897913068,0.5080436627932721
323.55,323.68,0.8585897472446041,0.31487291068807116,0.41212307867741,0.15743645534403558,0.00017702587831519914,0.0049425165382867035,0,0,92.6687922927885,89.43283647106318,-186.16861712162938,0.5867313289663376
324.03,324.18,0.5350200457003477,0.5599214793505879,0.25680962193616685,0.26876231008828216,-0.003166922102456657,0.0006969091528438113,0,0,-4.548449954728283,-4.548449954728285,312.8591901436057,0.5474707625254678
324.51,324.66,0.8012301249567075,0.41728642654499365,0.40862736372792086,0.2044703490070469,-0.0006247495008602441,-0.013345229998650034,0,0,63.0182163612864,66.59852433966843,-182.11165590093685,0.6092582757508506
325.02,325.15,1.454014593417823,0.15344074021195944,0.6688467129721987,0.07365155530174053,-0.0019311953978475571,-0.009013251636597296,0,0,161.81772843031945,160.322301910303,-129.41825596963966,0.8037276668148913
325.48,325.63,1.1032597339460444,0.21331643504159312,0.5516298669730222,0.10452505317038062,-0.001054449008943278,-0.008174133077439734,0,0,135.19055256617025,136.28025945608292,-154.2963805675352,0.6582880844938187
325.98,326.12,0.5874004394701954,0.44322481635352334,0.2760782065509918,0.22161240817676167,-0.002939237046343945,0.0008534561488046629,0,0,27.978282562354025,21.887412284848484,363.67129448956695,0.5153126279118594
326.45,326.62,0.8870893840888021,0.07766417293746872,0.43467379820351304,0.037278803009984984,1.1476901809461738e-05,0.0016459668645479875,0,0,167.79937327130108,168.40462121481465,-197.2302163023764,0.48237677851313543
326.94,327.1,0.30586321708931363,1.0442013779561414,0.14681434420287054,0.5325427027576322,-0.005845096527871496,0.008977620026652028,0,0,-109.3781976916399,-113.55688743659638,-946.375442054554,0.6750322975227275
327.42,327.61,0.5895099817190873,0.6241116850364319,0.29475499085954365,0.2995736088174873,-0.010937837329755973,-0.00351479629182072,0,0,-5.7022224083800905,-1.6215332597361676,102.72233050802882,0.6068108333777595
327.92,328.09,0.9236623391728567,0.20406712148388131,0.4248846760195141,0.09795221831226303,-0.0032181279907942187,-0.02085391150208296,0,0,127.61841253484964,125.06097456075439,-146.52504634272555,0.563864730328369
328.38,328.57,0.30546196188289026,0.33025429113556004,0.14356712208495842,0.1552195168337132,-0.005189353102929469,-0.012130273766484581,0,0,-7.799809784617927,-7.799809784617926,-80.15092606657218,0.3178581265092252
328.85,329.04,0.5811786269154372,0.5242839785254287,0.2905893134577186,0.25165630969220576,-0.004694602533078825,-0.014168820481730819,0,0,10.293364625810836,14.35991443853419,-100.45067579954922,0.552731302720433
329.35,329.52,0.8187567358503534,0.3152271649816773,0.38481566584966603,0.15446131084102188,-2.4139129958389753e-05,-0.00034403423710863655,0,0,88.80718156566851,85.43081383604776,-173.7741704125,0.5669919504160154
329.82,330.01,0.3018560496213612,0.1960873707649485,0.147909464314467,0.09216106425952579,-0.007738916983884568,0.003509034800331951,0,0,42.48220762686501,46.44335178173179,531.8328641848614,0.24897171019315484
330.31,330.48,0.375163870161434,0.4282267611566441,0.18383029637910264,0.20126657774362272,-0.003200886568150515,0.002394727165407018,0,0,-13.209736067783812,-9.055529938663362,1388.2152126526623,0.40169531565903904
330.8,330.95,0.29601357453551425,0.5362544285484524,0.14800678726775712,0.27885230284519524,0.0018548612938717986,-0.0009777489970444692,0,0,-57.73160883819308,-61.306186799402454,645.8945567545503,0.4161340015419833
331.3,331.47,0.21269824646035973,0.41418205451782486,0.10634912323017987,0.21123284780409068,0.00018317766676020334,-0.026896668454025014,0,0,-64.2814290840116,-66.05143499319911,-202.74284882075435,0.3134401504890923
331.8,331.98,0.9800117528664123,0.3891978533370441,0.49000587643320614,0.1907069481351516,-0.0014759894312402662,-0.03812319834104685,0,0,86.29999334690275,87.93691480334338,-185.09071004458107,0.6846048031017282
332.3,332.47,0.317008760919234,0.41610724266964155,0.15533429285042466,0.20389254890812436,-0.0006415243141910465,-0.010096492834363731,0,0,-27.034870679478722,-27.034870679478725,-176.10268989829694,0.36655800179443776
332.79,332.96,0.5801610660407386,0.3163328190427432,0.2900805330203693,0.16132973771179904,-0.009491621675813827,-0.0043302933830479265,0,0,58.85779064146714,57.04380412069133,74.68325873492874,0.4482469425417409
333.29,333.47,0.7540798227376975,0.0640017254021802,0.3921215078236027,0.030720828193046494,-0.006052145010643458,0.00012994197266316828,0,0,168.70643248331177,170.9387395004488,208.7765969406874,0.40904077406993883
333.81,333.95,0.43667342746272086,0.4570767118748779,0.22707018228061485,0.23310912305618775,0.0017222347913013018,0.0014968757829552965,0,0,-4.565769226571289,-2.624603368964207,14.00132136797124,0.4468750696687994
334.33,334.46,0.6423767143913226,0.2628049212607388,0.31476459005174806,0.1340305098429768,-0.000919446811899623,-0.007009261431497128,0,0,83.86643700679002,80.5419133369177,-153.61429460263653,0.4525908178260307
334.82,334.97,0.5556068306077181,0.46406955835808683,0.26669127869170467,0.23203477917904342,-0.00043360401042592486,-0.040706182872991194,0,0,17.954181000988342,13.89801032680068,-195.78409084466398,0.5098381944829025
335.3,335.47,0.4539473784312051,0.6015242307801034,0.2224342154312905,0.28873163077444963,-0.015363108572567175,-0.022528018973563654,0,0,-27.964153855199154,-25.939688981675413,-37.818406920055395,0.5277358046056543
335.79,335.95,0.6409524863592683,0.4739696708569583,0.32688576804322683,0.22750544201133996,-0.00230189981824011,-0.0065020931677054845,0,0,29.954165754358677,35.85205689754901,-95.41564506401642,0.5574610786081133
336.3,336.43,0.9845735182015563,0.2219815293871781,0.4922867591007781,0.11543039528133262,0.0072281788621177765,0.00514880515678795,0,0,126.40815524138685,124.02360575212323,33.600652665521785,0.6032775237943672
336.8,336.95,0.38911818606680126,0.25014345203144256,0.19066791117273263,0.12006885697509243,0.0006260942921592939,0.0006681792085199167,0,0,43.47976657845394,45.439781470633385,-6.503249326906157,0.31963081904912194
337.29,337.43,0.38386328025271654,0.8065810784799589,0.20728617133646696,0.3952247284551798,-0.0016548983901866071,-0.0013383788947363279,0,0,-71.01848904173224,-62.385114421566,21.148691906665665,0.5952221793663377
337.83,337.92,0.2794554368000921,0.3515303462257619,0.1453168271360479,0.1827957800373962,-0.00909320969175307,-0.03615162003508439,0,0,-22.845176980070434,-22.84517698007043,-119.60885036674735,0.31549289151292703
338.35,338.44,1.1424310947611487,0.21035787560686328,0.5826398583281859,0.10938609531556891,-0.01176953511301575,-0.0019126195327636313,0,0,137.80023929389736,136.77341450006986,144.08425917467238,0.676394485184006
338.86,338.96,0.45953772317548935,0.2831079946831426,0.24815037051476427,0.14721615723523418,0.0036718880499234455,-0.008207866667605517,0,0,47.51383445691164,51.058552606331745,-523.8011780399279,0.371322858929316
339.4,339.48,0.5823109779461494,0.4501722033080098,0.30280170853199767,0.2475947118194054,-0.0012082476634975858,0.013840833377917838,0,0,25.59630549674047,20.06081241492999,-238.25812674655694,0.5162415906270796
339.92,340.03,0.7523544735269987,0.6521692440136997,0.3987478709693093,0.33912800688712386,0.00235425113822636,0.0035709817204872653,0,0,14.266078708691648,16.159862619546306,-41.0694604338321,0.7022618587703492
340.45,340.55,0.6780265180226563,0.509841040482228,0.37291458491246104,0.26511734105075857,0.0073806013726954445,0.001337787757068964,0,0,28.317210338182118,33.79054855255522,138.6222506402343,0.5939337792524422
341.0,341.07,0.6195513118624132,0.20127401952560184,0.35933976088019964,0.10466249015331296,0.002668436087132923,-0.003010063855049998,0,0,101.91627288829031,109.77415310362043,-3324.378446638031,0.41041266569400753
341.58,341.59,0.5722366096753234,0.40336954640745587,0.2975630370311682,0.2258869459881753,-0.008765210565318258,-0.0140753763294079,0,0,34.61787571039872,27.38603242646173,-46.49762975500204,0.48780307804138967
342.1,342.15,0.4612172418518684,0.46649191965267206,0.2306086209259342,0.2519056366124429,-0.012090999771670472,0.005123691631577559,0,0,-1.1371403926310875,-8.827517675916484,494.1561664019775,0.46385458075227026
342.6,342.69,0.3338884221186727,0.3957927100735782,0.17362197950170982,0.21372806343973225,0.0009965816221904778,0.007379563488237742,0,0,-16.967490380056972,-20.707927967926157,-152.40857893210358,0.3648405660961255
343.12,343.23,0.971038895120487,0.7241357930107294,0.4952298365114484,0.38379197029568657,-0.028227354975096798,0.0011225263117066904,0,0,29.130107220034883,25.354971936484002,216.565702379412,0.8475873440656082
343.63,343.76,0.25315058549105623,0.6021024751205608,0.12404378689061754,0.31911431181389727,-0.0026903770944266547,0.0016775149371081955,0,0,-81.60202066507861,-88.03653842433654,862.4849886975328,0.42762653030580855
344.12,344.29,0.41550327590942243,0.26895663757951527,0.21606170347289969,0.1425470179171431,0.005197991433296778,-0.025583577982857587,0,0,42.8211018474132,40.99994292988648,-301.9934632866134,0.3422299567444689
344.64,344.82,0.28035956916980764,0.6292177154618857,0.13457259320150766,0.32719321204018054,0.0025648830821492,-0.021937614279007197,0,0,-76.70775253217496,-83.42784010949241,-252.95862635135705,0.45478864231584665
346.75,346.89,1.7597870906224076,0.852517334622249,0.9502850289361001,0.4774097073884595,0.010648696757365572,-0.09122923229854758,0,0,69.46125782527723,66.24319744499518,-252.8598956849741,1.3061522126223282
347.29,347.45,0.8560090577293417,0.3635058140858081,0.4451247100192577,0.1962931396063364,-0.0050080385625977455,-0.00995848575152813,0,0,80.77035467562311,77.58797812008764,-66.15359832420138,0.6097574359075749
347.81,347.99,0.4697668143651317,0.5666386075081495,0.23488340718256584,0.3003184619793193,0.0013415400704809416,0.002317736010919848,0,0,-18.69380284945328,-24.45247618406989,-53.3545935711532,0.5182027109366406
348.83,349.03,1.3807772632063202,0.09470528415223609,0.7180041768672866,0.048299694917640405,-0.05263785315723431,-0.003150360130946323,0,0,174.32561047318936,174.78822869307055,177.4120019605377,0.7377412736792781
349.35,349.54,1.1135475962221517,0.22399081846068317,0.5345028461866328,0.10527568467652108,-0.014147497043614257,0.0019278464819230305,0,0,133.01401559706315,134.17992033306342,263.10643572629994,0.6687692073414174
349.83,350.01,0.45913293560558543,0.2763909600309988,0.22497513844673686,0.14095938961580937,-0.00037314057490035746,-0.001573732589224541,0,0,49.69028923701423,45.91845938985422,-123.33541151499087,0.3677619478182921
350.32,350.52,0.4416243765995842,0.22284359278814345,0.2208121882997921,0.10027961675466456,-0.00012937196580348025,-0.012306935812735079,0,0,65.85141613764641,75.07670370141362,-195.8388946910195,0.33223398469386384
350.82,350.97,0.5800632952251574,0.9509827436478733,0.28423101466032713,0.46598154438745787,-0.00022701740230416517,-0.03961609569026463,0,0,-48.45307574104584,-48.453075741045836,-197.72088690181687,0.7655230194365154
351.31,351.46,0.8025379364675449,0.44348414768360295,0.4092943475984479,0.1951330249807853,-0.020927508178109434,-0.0009116131809485152,0,0,57.63201043560111,70.86420381783375,183.30311616551523,0.6230110420755739
351.82,351.9,0.4800080618881836,0.18077194104202834,0.23520395032520997,0.08857825111059389,0.004965907311174475,0.003125328360604831,0,0,90.57057402439551,90.57057402439553,45.495620823139156,0.330390001465106
352.31,352.39,0.4017236147966216,0.5553466600861755,0.19684457125034457,0.2832267966439495,-0.0012550570730296903,0.0062436788771404045,0,0,-32.10277224592867,-35.98724321864796,-300.6335715403802,0.47853513744139853
352.8,352.9,0.4634179648896913,0.4417736623640417,0.23634316209374256,0.22088683118202085,-0.0008265004793667407,0.0005646767535414589,0,0,4.7822586674418055,6.760856085134263,1062.6823283666424,0.4525958136268665
353.31,353.4,1.0880766177921877,0.19438314881895666,0.5766806074298595,0.09719157440947833,-0.029057043122987132,-0.02509820669353697,0,0,139.37177480971354,142.30859974412752,14.620323764962949,0.6412298833055722
353.84,353.9,0.48258902889652144,0.2748035466215999,0.24612040473722593,0.14014980877701594,-0.011796535707778517,-0.005465391106233369,0,0,54.868634573762094,54.8686345737621,73.3538575358345,0.37869628775906067
354.35,354.41,0.6232144874237524,0.7759919908995073,0.3365358232088263,0.4112757551767389,-0.00927830411274808,0.0022262492455686587,0,0,-21.837735293912587,-19.988974262545412,326.2752084320684,0.6996032391616298
354.89,354.94,0.32335496843303485,0.4153146592534911,0.17461168295383883,0.2201167694043503,0.00410292136302038,0.010705413995988622,0,0,-24.898733445551056,-23.056400509593217,-89.17265138719942,0.36933481384326294
355.43,355.47,0.35606101419546454,0.14565249335929065,0.18159111723968693,0.07719582148042405,-0.00027177927003311933,-0.0025597191853652806,0,0,83.87596413804373,80.6804982319226,-161.60629796354536,0.2508567537773776
355.94,356.0,0.3281965365087981,0.6788670541917394,0.173944164349663,0.3665882092635393,-0.023723974222086833,-0.011488372685926677,0,0,-69.64217968380856,-71.27937356504378,69.4960865183094,0.5035317953502687
356.47,356.54,0.31798083511930475,0.5238854106695163,0.15263080085726627,0.26718155944145333,-0.009155765224531057,5.1293524444129615e-05,0,0,-48.91622073700813,-54.57236109135895,202.2535530290523,0.42093312289441054
356.95,357.05,0.4796134472685662,0.08259798963386548,0.24939899257965442,0.042950954609610056,-0.011474039925888413,-0.009801915992140295,0,0,141.23350454131736,141.23350454131733,15.718437659773514,0.28110571845121585
357.47,357.57,0.28873894343498635,0.5293057039335236,0.1414820822831433,0.2752389660454323,0.0060286639096257585,-0.0005105524108020836,0,0,-58.81506865728994,-64.19492574170363,237.0092130911759,0.40902232368425495
357.96,358.09,0.45539131567306596,0.378983219486414,0.22769565783653298,0.19328144193807115,-0.0021151379349073213,0.011363070912842547,0,0,18.315059476748658,16.349685489727392,-291.4858678130068,0.41718726757974
358.46,358.6,0.6527849336892099,0.1680194559611393,0.33292031618149703,0.08737011709979244,0.002279242316014638,-0.001105379732348524,0,0,118.11961140572691,116.84786501783839,576.6640994370192,0.4104021948251746
358.97,359.12,0.45167771706788307,0.6956392751405044,0.18970464116851088,0.3478196375702522,0.002149704589329216,-0.0012338659593473292,0,0,-42.52731542013291,-58.83082965954185,738.9010329785858,0.5736584961041937
364.79,364.61,0.4460926398445707,0.017067176210779588,0.22304631992228535,0.008192244581174202,-0.018687516084599547,0.005279559214677718,0,0,185.26022714480055,185.8289302240472,357.5052564950114,0.23157990802767514
366.77,366.59,0.5701739485171583,1.2465138790499566,0.27938523477340754,0.6107918007344787,-0.001978997979499233,-0.021757833218940793,0,0,-74.4585745849956,-74.4585745849956,-166.65101650755653,0.9083439137835574
367.26,367.08,0.18127292446816953,0.6664357571512229,0.08882373298940308,0.33321787857561147,-0.0014269081253092848,-0.0017190056048314293,0,0,-114.46451905063387,-115.81518925583956,-18.569961199099964,0.42385434080969625
367.75,367.58,0.9239725044302347,0.11899599296990876,0.4897054273480244,0.060687956414653466,0.013783267357972723,0.0025773882292165345,0,0,154.36257441464986,155.89485033430466,136.98569802460278,0.5214842487000717
368.28,368.09,0.32363062881050836,0.5634258107680634,0.16505162069335927,0.28734716349171235,-0.002639946018435129,0.008537278728489375,0,0,-54.06537200078913,-54.06537200078913,-379.0603412240477,0.4435282197892859
368.79,368.6,0.38819413855800466,0.6772878267662104,0.1902151278934223,0.3386439133831052,-0.009424875872893364,-0.010581708559708362,0,0,-54.26533674274581,-56.13170009589496,-11.564519578163285,0.5327409826621075
369.28,369.1,0.22782334035061666,0.1692451527112921,0.123024603789333,0.08293012482853312,-0.01652697953919311,-0.0358936055353688,0,0,29.505331529888664,38.935235165386494,-73.88939275908125,0.19853424653095436
372.73,372.64,0.11567571802080606,0.44179519519300464,0.015037843342704789,0.22089759759650232,-0.00021608518189842067,-0.023358395600567447,0,0,-116.99963870478017,-174.5051556767522,-196.33357470067142,0.27873545660690535
373.47,373.65,0.2517478499813898,0.059531343101727925,0.11832148949125322,0.03274223870595036,-0.0013187758846622127,0.026047501095533943,0,0,123.50103132549323,113.30218286892121,-221.3318862726078,0.15563959654155887
374.93,374.75,1.578703735187206,0.5229434542724523,0.805138904945475,0.26147172713622613,-0.03112406187926329,-0.0009564559941490271,0,0,100.46979209542718,101.94295114950714,188.07430730484907,1.0508235947298292
375.44,375.25,1.1373850303746391,0.29719795510386304,0.6141879164023052,0.15157095710297017,3.5809548372229497e-06,-0.045855878183996106,0,0,117.13328315970978,120.82575215399002,-200.03123904409264,0.7172914927392511
376.33,376.23,0.20388730684297832,0.5723536788410521,0.04485520750545523,0.31479452336257874,-0.0003166497286116931,-0.018862119112191048,0,0,-94.93607753096883,-150.11234136369876,-193.3958278294064,0.3881204928420152
378.1,377.91,0.24563829944419616,0.3682089171455468,0.12527553271654004,0.20251490443005077,0.004034550668783541,-0.005624329904192727,0,0,-39.93521983606849,-47.1272880233346,-1215.1222456355981,0.3069236082948715
378.61,378.46,0.9114579235331999,0.20868326390924474,0.4283852240606039,0.10642846459371481,0.004327958862869734,-0.013073902283453693,0,0,125.47965694013288,120.3995957085491,-397.94131540726386,0.5600705937212223
379.08,378.97,0.4906739326191049,1.4704939920836926,0.2698706629405077,0.7646568758835202,-0.005370386479394947,-0.019569159703142776,0,0,-99.92209714658402,-95.65452718744399,-113.86553002868663,0.9805839623513988
379.63,379.49,0.4340601407365432,0.6056530164954959,0.22571127318300246,0.30888303841270287,-0.005696267178882805,0.00022743150748650925,0,0,-33.00773382839037,-31.115843706395534,216.6347296684043,0.5198565786160195
380.15,380.0,0.4429099087173391,0.2932363890072139,0.23917135070736312,0.1524829222837512,-0.006272518215018274,0.006548802672054519,0,0,40.664069132119494,44.267832321379345,-9281.246599688968,0.3680731488622765
380.69,380.52,0.34151444723796576,0.9504928467774172,0.18100265703612187,0.5132661372598053,0.003829360827889197,0.0014389482063566859,0,0,-94.26856990053506,-95.71609237043097,90.74686416434491,0.6460036470076915
381.22,381.06,0.31338673494211017,0.2649805291601691,0.1692288368687395,0.14573929103809302,0.001975689971257388,-0.007818176797146663,0,0,16.738916182289607,14.915506522358143,-335.2636320891778,0.2891836320511396
381.76,381.61,0.6923478662073503,0.9730852883054574,0.3738678477519692,0.5351969085680016,0.0023930220437967976,-0.07251638681151319,0,0,-33.71344221620611,-35.493414455779025,-213.6503549236331,0.8327165772564038
382.3,382.16,1.3356800212227793,0.5742261014836754,0.7346240116725287,0.3100820948011847,-0.025861982578131177,-0.0047221979278034495,0,0,79.73731385918349,81.27489908225711,138.23999401406692,0.9549530613532273
382.85,382.7,0.6021307518324447,0.3966627896581521,0.34321452854449347,0.21816453431198368,-0.012595588724004066,0.011946857705441821,0,0,41.143230034838375,44.551000386874136,7566.293495211086,0.4993967707452984
383.42,383.25,0.6845654398757092,0.19321177239032458,0.33543706553909747,0.10626647481467853,-0.003757767689981617,-0.010596562566891588,0,0,111.95407231338942,103.76669860552535,-95.28546096583486,0.4388886061330169
383.91,383.8,0.5067156102426631,0.3262097585185964,0.2837607417358914,0.17941536718522805,-0.0008794050265648768,-0.0014492014361621123,0,0,43.342623119408174,45.05645802574577,-48.93883262094508,0.4164626843806297
384.47,384.35,0.4157159581670745,0.23962088762985115,0.228643776991891,0.13179148819641814,0.0020176140387260007,-0.015235469401087592,0,0,53.741849452423835,53.74184945242384,-261.05722852653514,0.3276684228984628
385.02,384.9,0.6582244422636528,0.902839650418365,0.37518793209028206,0.5055902042342845,-0.016018552752726203,-0.026890196985104024,0,0,-31.33954708220161,-29.610696897668948,-50.67332093711836,0.7805320463410089
385.59,385.46,0.7329383402079588,0.6106919545428772,0.41044547051645697,0.3358805749985825,0.00296813283340221,0.0110014103489234,0,0,18.19643188199342,19.981855374326987,-115.0113129781504,0.6718151473754179
386.15,386.01,0.5600336611298733,0.34954283859030294,0.29121750378753414,0.19224856122466663,-0.01058185166568821,-0.0007049141456326093,0,0,46.2832587702796,40.94142266649881,175.01802881652534,0.45478824986008815
386.67,386.56,0.5023893121138356,1.2486859109390174,0.2562185491780562,0.72423782834463,-3.9176735135355726e-05,-0.0030554154235911514,0,0,-85.23866810519722,-95.46967920166232,-194.93610361224754,0.8755376115264265
387.18,387.14,0.718946154770804,0.7658730285566049,0.38823092357623423,0.4135714354205667,-0.0041522002107705624,-0.003935750428332085,0,0,-6.320887325908595,-6.320887325908592,5.3524011729748215,0.7424095916637045
387.72,387.68,0.6442069075422541,0.18759227660597425,0.30921931562028193,0.09754798383510661,-0.010480483960450537,-0.0012162189716398268,0,0,109.78963183376007,104.07490084309985,158.40814360419182,0.41589959207411414
388.2,388.2,0.7686267690582016,0.32109118138568526,0.3843133845291008,0.15733467887898578,-0.006529231016782048,-0.0011716291527200696,0,0,82.13787567511697,83.81040051060074,139.1429462718932,0.5448589752219435
388.7,388.69,1.1415492284091602,0.30370385331952643,0.6164365833409465,0.15185192665976321,-0.01224308573129168,0.011898441239727008,0,0,115.94445093138646,120.94015480740539,14009.524342847959,0.7226265408643433
389.24,389.19,0.5349109836084676,0.3906311681751586,0.27815371147640316,0.1914092724058277,0.001572095232341069,0.007556525598588529,0,0,31.177362404351907,36.94688126964092,-131.1135707591449,0.4627710758918131
389.76,389.68,0.7142778825603585,0.3484909181053075,0.3928528354081972,0.184700186595813,-0.004839693719265108,-0.0014453977126936152,0,0,68.83660194502137,72.08087946285178,108.01103033480213,0.531384400332833
390.31,390.21,0.7859592498113847,0.6727793060341978,0.42441799489814774,0.36330082525846685,0.002490543665417744,-0.045583907980723114,0,0,15.517509059268022,15.517509059268015,-223.11765354122687,0.7293692779227912
390.85,390.75,0.6729677440912737,0.4983091715986801,0.3432135494865496,0.2790531360952609,7.621791832011175e-05,-0.021725477904220143,0,0,29.8236173108063,20.621516426289038,-201.40823138286945,0.5856384578449769
391.36,391.31,0.5071942392570703,0.47845254749153526,0.25359711962853515,0.26793342659525976,-0.0006817779669130324,0.003791690147597882,0,0,5.83204696691529,-5.497782275852633,-287.6909606833842,0.4928233933743028
391.86,391.87,0.9944254057984001,0.40755018100638124,0.5270454650731521,0.19969958869312682,0.002485866510729901,0.007678426214129265,0,0,83.72117607690389,90.08547761930821,-102.17257302516957,0.7009877934023907
392.39,392.36,0.6844486353494658,0.24247749555949005,0.3422243176747329,0.11881397282415013,0.0007885205623202655,0.0006795896895584319,0,0,95.36275330949469,96.9161778770408,14.839603854334223,0.4634630654544779
392.89,392.85,0.885061167160681,1.041632257094476,0.4690824185951609,0.5416487736891276,0.0012372443661146934,-0.01587141245841821,0,0,-16.252828598750643,-14.359179898260404,-233.81796240991358,0.9633467121275785
393.42,393.37,0.6066290815727117,0.5616308797987548,0.28511566833917446,0.2920480574953525,-0.007325461615433669,-0.028151214599515383,0,0,7.70345698077878,-2.4022262127282654,-117.40532206512754,0.5841299806857332
393.89,393.89,0.8978301093593517,0.41144847811820573,0.4758499579604564,0.20572423905910286,-0.009623587456745174,-0.00321736216389072,0,0,74.29765305765885,79.26524216514662,99.77806131346246,0.6546392937387787
394.42,394.39,0.5334533252873729,0.22792212427879407,0.256057596137939,0.10940261965382116,-0.01369156859526353,-0.0004990153679575028,0,0,80.25769708825547,80.25769708825548,185.93390182529924,0.3806877247830835
394.9,394.87,0.3957400086032082,0.5317431441473506,0.20578480447366826,0.2658715720736753,-0.00030625269264729707,0.003972649622209351,0,0,-29.327354387151797,-25.479043892021117,-233.41184258343557,0.46374157637527935
395.42,395.37,0.5213062855819118,0.3122764623209754,0.28150539421423243,0.15301546653727793,0.0011346360041229499,-0.0010736709517754324,0,0,50.15214717118606,59.140970794695214,7244.501139145849,0.4167913739514436
395.96,395.86,0.5454535706116669,1.355382047768536,0.27272678530583344,0.7183524853173242,0.0013703566188641401,-0.01663807161754673,0,0,-85.21815030455393,-89.9273576232295,-235.9020749072768,0.9504178091901014
396.46,396.39,0.47759991112815287,0.7387276424498929,0.23879995556407643,0.41368747977194004,0.00014830692300216858,-3.9990374522323475e-05,0,0,-42.937074072454564,-53.606403659803945,347.6796485248591,0.6081637767890229
396.96,396.95,0.5597254413839283,0.3209533227889192,0.2630709574504463,0.1572671281665704,-0.014766136905256931,-0.005380361172929409,0,0,54.22456593903886,50.34225206053639,93.17525751525017,0.44033938208642376
397.43,397.44,0.4101622857351942,0.2468902437359592,0.2050811428675971,0.12591402430533918,-0.004193824245842859,-0.001071301708548088,0,0,49.69832233372542,47.835815391766836,118.61150385930222,0.32852626473557667
397.93,397.95,0.5956930704912569,0.8962457053445777,0.2799757431308907,0.45708530972573463,0.0006205423684729761,-0.008850932668653517,0,0,-40.290210258117476,-48.05831644703541,-230.15858766548965,0.7459693879179172
398.4,398.46,0.8493392757085634,0.31194973763631123,0.43316303061136735,0.15597486881815562,-0.0013667527917843798,0.0006282845082140041,0,0,92.55052478700418,94.09958587339906,540.3176668204892,0.5806445066724373
398.91,398.96,1.186493473516264,0.897374626034231,0.5695168672878067,0.4486873130171155,-0.041274724094289686,0.002503026769421088,0,0,27.748286712042667,23.73385546983441,225.82323645465598,1.0419340497752474
399.39,399.46,1.1857081203089874,0.49825006828559837,0.5928540601544937,0.2441425334599432,-0.007342400081251702,0.0010446194267913359,0,0,81.64787661350837,83.32447930013554,266.34841599645046,0.8419790942972929
399.89,399.95,0.535153223647575,0.24089476118808245,0.2622250795873117,0.12044738059404123,-0.014294735191137314,-0.0011015957738615707,0,0,75.83512056198619,74.0987208361325,171.38030414217846,0.3880239924178287
400.38,400.45,0.4554480737977808,0.4421353087533674,0.22316955616091258,0.2210676543766837,-0.00013317812043989056,-0.012606915998068555,0,0,2.966357288517383,0.9462970387758669,-195.81861423625082,0.44879169127557406
400.87,400.95,0.6488624701360045,0.5768562104526362,0.31794261036664223,0.2884281052263181,0.0006768626539897203,-0.0017080847429263146,0,0,11.749231014214107,9.734805583895106,-462.54777171722816,0.6128593402943203
401.36,401.45,0.546778075026442,0.536278629625045,0.27885681826348546,0.26277652851627203,-0.012522672657146385,0.0004093956837811375,0,0,1.938854236588767,5.937703002526578,213.51890771362102,0.5415283523257435
401.87,401.94,0.8028109173119469,0.5837367653848563,0.3853492403097345,0.29186838269242815,-0.004924974417641375,0.001710241575989405,0,0,31.599944907916385,27.607331658883254,412.8004609067987,0.6932738413484016
402.35,402.44,0.30417493624789155,0.28295513815429824,0.14600396939898794,0.13298891493252016,0.002163507499733255,-0.0006674824201648407,0,0,7.228312436626282,9.33002610274668,378.46824342206924,0.2935650372010949
402.83,402.91,0.4121546728073429,0.8527782371645944,0.21844197658789175,0.41786133621065125,-0.0011193793017020195,-0.008295014105794734,0,0,-69.66749949877212,-62.68059763689984,-152.43966325814898,0.6324664549859687
403.36,403.4,0.6630902786082973,0.6462283187495378,0.33154513930414864,0.31665187618727353,-0.011126198575444286,-0.011475951149020298,0,0,2.575684771114748,4.595289012734493,-3.0948611334738567,0.6546592986789175
403.86,403.89,0.9430906460332025,0.48329098303206364,0.47154532301660124,0.24164549151603182,9.723929244229504e-05,-0.010436583570393128,0,0,64.4707774738313,64.4707774738313,-203.76191332170504,0.7131908145326331
404.36,404.39,0.6452808461779068,0.6004586952113049,0.3032819977036162,0.3122385215098786,-0.001662468215310243,0.0024051920033627376,0,0,7.196071004797292,-2.910227531555546,-1095.335920056861,0.6228697706946058
404.83,404.91,0.5591642718121628,0.5726295189000943,0.285173778624203,0.28631475945004714,-0.004324882586444125,-0.0003359230430003716,0,0,-2.3794523699335017,-0.3993013857071926,171.17038815107944,0.5658968953561285
405.34,405.41,0.6719003049094339,0.17663858259011417,0.3426691555038113,0.0847865196432548,-0.00012028789939937806,0.00033122836859237985,0,0,116.7328285398313,120.65935761495365,-428.09828736906735,0.42426944374977404
405.85,405.89,0.9853141475239316,0.6483981156180345,0.47295079081148717,0.3047471143404762,-0.002187076762864743,-0.004977116723065979,0,0,41.245455458348346,43.25681613817481,-77.88845920145533,0.816856131570983
406.33,406.36,0.5471077995659352,0.4998288074206405,0.2844960557742863,0.24491611563611385,0.00019275626929342099,-0.0033837898937001355,0,0,9.03187295769112,14.952410343240906,-224.16223606283793,0.5234683034932879
406.85,406.85,0.6639814296217336,0.4855091581419125,0.33863052910708413,0.23304439590811798,-0.010748568155993114,-0.01499841152915031,0,0,31.052411107957308,36.939221427687556,-33.012364363727286,0.574745293881823
407.36,407.33,0.9023482097292954,0.7644743584550758,0.4601975869619407,0.38988192281208867,-0.009118388805426529,-0.0040290395393508364,0,0,16.54331467618682,16.543314676186828,77.4196920129611,0.8334112840921857
407.87,407.84,0.5436804344683551,0.5254981671268065,0.27184021723417756,0.26800406523467135,-0.003760067270961896,-0.004745539273452634,0,0,3.401165589064643,1.4212068643063087,-23.172292236768904,0.5345893007975808
408.37,408.35,0.4681890763188889,0.4903782534752244,0.22941264739625555,0.25009290927236444,-0.00016138523925826598,0.0010178009690540437,0,0,-4.629654374117137,-8.625660991203379,-275.3770551583634,0.47928366489705665
408.86,408.86,0.5486075873619556,0.542394603234806,0.26881771780735825,0.2603494095527069,0.0005484731467524247,-0.007070124314239683,0,0,1.1389498904216018,3.2006176562397015,-233.64014006064954,0.5455010952983808
409.35,409.34,0.5372297399386328,0.514867287562133,0.26324257256993006,0.25228497090544516,-0.009726831128075538,-0.011728347067198866,0,0,4.251024723379619,4.251024723379614,-18.657649178268496,0.5260485137503829
409.84,409.83,0.8386555358792436,0.49713868983176907,0.42771432329841425,0.24856934491588453,-0.012862500052824959,-0.013884764099676867,0,0,51.13315201908332,52.979241345737414,-7.6438774524630375,0.6678971128555063
410.35,410.33,0.528233272419002,0.5518331405267706,0.264116636209501,0.2759165702633853,-0.014283100016080194,-0.0010101827709502612,0,0,-4.370077214678369,-4.370077214678369,173.5783929449875,0.5400332064728863
410.85,410.83,0.5250443508283965,0.5176091760758451,0.26252217541419826,0.25880458803792256,-0.00045815244889376534,0.0005665456924953168,0,0,1.4262023885589854,1.4262023885589854,-1890.7048213370654,0.5213267634521208
411.35,411.33,1.509333837423238,0.5309449095154993,0.6942935652146894,0.26016300566259465,-0.02137863055927333,0.0010881224060101946,0,0,95.90737828110271,90.96915937266078,221.45086555331443,1.0201393734693687
411.81,411.82,1.2730023607141372,0.6786750276356116,0.6237711567499272,0.3461242640941619,0.00029377122782293843,0.0010181718396677537,0,0,60.90425975381743,57.25295463589927,-110.43171457590017,0.9758386941748745
412.3,412.33,0.5521855291766004,0.5111273131622731,0.2816146198800662,0.24022983718626834,-0.002718163442612572,-0.0017073427989613118,0,0,7.722697287096652,15.860964750474379,45.68158255683638,0.5316564211694368
412.81,412.8,0.5317487078451002,0.49003325549106896,0.24992189268719708,0.2499169603004452,-0.0005406493414614744,-0.01959937781253665,0,0,8.165235608158163,0.0019735907772721714,-189.26219240267216,0.5108909816680846
413.28,413.31,0.7557220146967397,0.26081959912671504,0.37786100734836986,0.13301799555462468,-0.0021363571662501987,-0.000213372577695353,0,0,97.36982900455574,95.8516636630047,163.67708614232916,0.5082708069117274
413.78,413.82,0.49851458156500683,0.7033941566051113,0.22931670751990316,0.3446631367365045,-0.0021151205405218563,-0.003141298238993919,0,0,-34.09236800325281,-40.19180477183234,-39.04474668080365,0.6009543690850591
414.24,414.31,0.6476038136585883,0.5594796372757032,0.31084983055612236,0.2741450222650945,-4.8583938619814406e-06,0.0005731329103062493,0,0,14.601173815228169,12.54876281868599,-203.41975135002053,0.6035417254671458
414.72,414.8,1.4458804774151606,0.5311292095586059,0.7084814339334287,0.27618718897047506,-0.02396240315897787,0.0007011272923114487,0,0,92.5388756447396,87.80502087861132,212.0565577972646,0.9885048434868833
415.21,415.32,1.2532011487670798,0.5869422932379177,0.6266005743835399,0.28760172368657966,-0.011856684222567363,0.00040615001074510856,0,0,72.41379561184803,74.1627649400109,214.187984708199,0.9200717210024987
415.71,415.81,0.41647948463086504,0.4402864348896121,0.19574535777650656,0.22454608179370217,-0.004565421541047351,-0.010780657482209197,0,0,-5.557398985261125,-13.705120450060704,-81.000963591323,0.42838295976023855
416.18,416.32,0.4434535111543389,0.4228454309217718,0.21729222046562605,0.20719426115166817,-0.0003641615459605992,-0.015335217946327782,0,0,4.757729516136599,4.757729516136596,-190.72163212209816,0.43314947103805534
416.67,416.81,0.5705573105333656,0.6316445815116692,0.27957308216134913,0.2968729533104845,0.0017226320481796911,-0.0067524620725560305,0,0,-10.162564438222551,-6.002251758041868,-336.9932613890494,0.6011009460225174
417.16,417.28,0.5117174519575826,0.528251584151449,0.25074155145921545,0.25884327623421,0.0015779583596063698,-0.0028360068690412975,0,0,-3.1797354766883656,-3.1797354766883585,-701.7162208840848,0.5199845180545157
417.65,417.77,1.4041735378770726,0.35882514438008384,1.2918396548469069,0.17223606930244023,0.005138933478771174,0.0014400167895212536,0,0,118.58754110452715,152.94339863397096,112.44701778875059,0.8814993411285782
418.57,418.73,1.192758978856158,0.5312582979462712,0.6679450281594485,0.26031656599367287,0.00016006799410269012,-1.7041984569816492e-05,0,0,76.73944917034542,87.82620432285928,247.66121805530625,0.8620086384012146
419.13,419.22,0.4552264930107812,0.5518022306476325,0.218508716645175,0.26486507071086357,-0.0004586895774271564,-0.0047900095972415475,0,0,-19.1803342581934,-19.180334258193398,-165.04356129679627,0.5035143618292068
419.61,419.7,0.770955890438265,0.3183680579716681,0.37005882741036716,0.149632987246684,0.003121146587157477,-0.0030008789510808627,0,0,83.09517717428893,84.82944466198451,10180.669942391502,0.5446619742049665
420.09,420.17,0.5206363641666664,0.9333916511788659,0.2446990911583332,0.5133654081483763,-0.0022650442010692697,-0.0073685610882210555,0,0,-56.77404873304497,-70.8821788213939,-105.95237678723174,0.7270140076727661
420.56,420.72,0.6125709331600798,0.6859336863755677,0.3124111759116407,0.34296684318778387,-0.0015408695604972877,0.0012447110356947708,0,0,-11.299575236277994,-9.324593253258836,1881.1415933743774,0.6492523097678238
421.07,421.22,0.37253727803160097,0.4349698981338679,0.18626863901580049,0.22183464804827263,0.0018653156050494665,-5.953483361587682e-06,0,0,-15.46305022296759,-17.42990569291259,201.28075823254554,0.4037535880827344
421.57,421.73,0.49323297987953957,0.239634850761373,0.2663458091349514,0.1198174253806865,-2.8493305160906872e-05,0.00021672485760896204,0,0,69.20705712962958,75.88934971401639,-260.5494770464053,0.36643391532045627
423.13,423.16,1.3986044275331055,0.8325200608990992,0.7132882580418839,0.9074468663800183,0.0009860096473315364,0.004368573842317557,0,0,50.74431028559861,-23.95932628502619,-126.34275668779208,1.1155622442161024
424.15,424.25,0.6166772785205341,0.5062397900328589,0.3268389576158831,0.2278079055147865,-0.015178613997046541,-0.0010920579940223883,0,0,19.669749722470105,35.70958701258023,173.15272547755066,0.5614585342766965
424.68,424.7,0.5550625125887718,0.13160644013530387,0.26087938091672275,0.06711928446900498,-0.000817296018602337,0.0002775652689458916,0,0,123.33630951962536,118.14688100627185,405.70647058561707,0.34333447636203784
425.15,425.21,0.6134740479250693,0.24982387719364033,0.29446754300403327,0.1349048936845658,0.0012460366419809344,-0.004169151135156401,0,0,84.24673803807059,74.32365735911911,-370.5080857954801,0.4316489625593548
425.63,425.75,0.680549453678928,0.4295376147004974,0.3062472541555176,0.20617805505623873,0.00018481722271546965,-0.025278057570531025,0,0,45.22381101959388,39.05708687699731,-202.94608779342533,0.5550435341897128
426.08,426.23,0.4884883611698277,0.5894145144550366,0.22470464613812074,0.28291896693841756,-0.00048340226777890383,-0.01174081823576038,0,0,-18.72639095181959,-22.93601767162844,-184.18214829685235,0.5389514378124322
426.54,426.71,1.4228569156886712,0.2550918437830522,0.6829713195305621,0.11989316657803455,0.0006865232288388069,0.0005146876166578045,0,0,139.18959864701375,140.26729608671837,28.61039971878729,0.8389743797358618
427.02,427.18,0.9684963559282677,0.5368019267461502,0.46487825084556844,0.2630329441056136,-0.006761795479884572,0.006812440015692778,0,0,57.35666268284569,55.45877248212723,-53605.923241093056,0.752649141337209
427.5,427.67,0.4733738260719382,0.3384791821973382,0.24142065129668847,0.15908521563274894,-0.0006297768601918946,-0.0002546690056442443,0,0,33.23129741482906,41.11572012424262,84.82324787465205,0.40592650413463816
428.01,428.14,0.6542532927107118,0.19008316160536143,0.3140415805011416,0.08933908595451986,0.0005295079009190583,-0.0009527550736668161,0,0,109.94909167609872,111.40965010593557,-700.4242768890307,0.4221682271580366
428.49,428.61,0.35367317459171405,0.1355012526279049,0.18037331904177417,0.06775062631395246,-0.004129934239799602,-0.005578007437401586,0,0,89.2000520975145,90.77938251091284,-29.832754372695508,0.24458721360980948
429.0,429.11,1.490771159546675,0.9607207559325621,0.7304778681778707,0.4707531704069554,-0.0004529717862637381,-0.02830412878190533,0,0,43.243088036902165,43.24308803690217,-193.6993399568922,1.2257459577396186
429.49,429.6,1.079986602789334,0.6820220090448353,0.5615930334504536,0.34783122461286603,-0.009921751108873278,-0.007817521528375367,0,0,45.17169678645734,47.01036000354946,23.72396685622254,0.8810043059170847
430.01,430.11,0.521534946457461,0.2761930269319088,0.23990607537043207,0.1325726529273162,-0.0009342863656061537,0.0015870533390148264,0,0,61.510170812526134,57.631974278711965,-772.5083551500285,0.3988639866946849
430.47,430.59,0.6273602532341319,0.346685938912815,0.3199537291494073,0.17680982884553567,0.0001720512372337275,0.005388139830190713,0,0,57.630596286746474,57.63059628674646,-187.62263849228302,0.4870230960734735
430.98,431.1,0.20847650255000078,0.3674701026859641,0.09172966112200034,0.18373505134298204,-0.004177490065429902,0.0006342529671225193,0,0,-55.21122919747874,-66.8001279711481,271.6015270245962,0.28797330261798243
431.42,431.6,0.5683154733967396,0.8745407532233447,0.2784745819644024,0.43727037661167234,0.0006665301832927302,-0.027375141002220483,0,0,-42.4470954453921,-44.37217272565447,-209.98225160883885,0.7214281133100422
431.91,432.1,0.9283635014964718,0.4949258070503763,0.4270472106883771,0.2524121615956919,-0.008876135501365545,-0.010003940871861775,0,0,60.90647795122236,51.404118102200115,-11.947042461072899,0.711644654273424
436.72,436.57,0.5347005297737617,0.6860483276816607,0.2406152383981928,0.3293031972871971,-0.0010377027287908577,-0.0009963264999354009,0,0,-24.795894255166353,-31.12303562608822,4.068400617956435,0.6103744287277112
437.17,437.05,0.5014055113629499,0.28600828967054553,0.25070275568147493,0.12584364745504004,-0.00140735643490595,0.0013705106416915368,0,0,54.7100448099059,66.31804589628113,15078.34047937311,0.3937069005167477
437.67,437.49,0.8186268341855961,0.7754104372321436,0.36838207538351825,0.34893469675446465,-0.0019454016662916488,0.0012267255825283321,0,0,5.422256772580447,5.422256772580443,882.7696706447421,0.7970186357088699
438.12,437.94,0.5043694916833692,0.6007797109589378,0.2521847458416846,0.2943820583698795,0.0014198043493147466,-0.0007362238698382104,0,0,-17.447457600306077,-15.44086183172634,630.8045018500159,0.5525746013211534
438.62,438.43,0.6339522424978016,0.3558602532894175,0.3233156436738788,0.16725431904602622,-9.843166185648233e-05,-0.023414152276416782,0,0,56.19084228416647,63.62449252399789,-198.3254641494973,0.49490624789360954
440.63,440.82,1.7782854989275796,0.19886892258180244,1.7782854989275796,0.09943446129090122,0.0017532793995936758,-0.0006954734570095017,0,0,159.76663827199013,178.8180424349685,462.98716201593277,0.9885772107546911
441.63,441.8,0.400918964901112,0.5512522173542997,0.20446867209956712,0.2590885421565209,-0.012886093949164928,-0.01923107643913107,0,0,-31.576938108354163,-23.565535548662396,-39.511466379232175,0.4760855911277059
442.14,442.27,0.5435600231149397,0.768282319640701,0.27178001155746984,0.3764583366239435,-0.0066694768034787485,-0.01918322189008119,0,0,-34.26056458182503,-32.29624577445666,-96.80803721833254,0.6559211713778204
442.64,442.76,0.22938899882288674,0.44018326528946294,0.12157616937612999,0.23329713060341536,0.004076589888256795,-8.486318485263224e-05,0,0,-62.9638585003295,-62.96385850032949,208.50390732213813,0.33478613205617486
443.17,443.29,0.5805541269387124,0.5293253193847417,0.30188814600813046,0.2699559128862183,-0.0035705206393486545,0.016107328163119536,0,0,9.231418371368065,11.168161188437503,-313.9212078538698,0.554939723161727
443.69,443.8,0.6560324209949807,0.2753290588366294,0.32801621049749036,0.1459244011834136,-0.004262663463907582,-0.00020626926365517508,0,0,81.75200937603354,76.84161467752675,181.53749217275248,0.46568073991580505
444.19,444.33,1.1802740457102026,1.0291886463496998,0.5547288014837952,0.5351780961018439,-0.05359665652783544,-0.07430033154056619,0,0,13.676211859422214,3.5875918255513506,-32.37554742361571,1.104731346029951
444.66,444.85,0.9649108521016805,0.41977684939518783,0.5499991856979578,0.20988842469759392,-0.007610696387018454,-0.004657830392340509,0,0,78.73746580072813,89.51606957332089,48.137254745956284,0.6923438507484342
445.23,445.35,0.28791289617871174,0.160762811751063,0.13819819016578164,0.08198903399304212,0.0051204857129338345,-0.007295193863127253,0,0,56.67794452894689,51.05578344744939,-1141.8248995808322,0.22433785396488737
445.71,445.86,0.1628500984564062,0.4188298295229887,0.0814250492282031,0.2261681079424139,-0.0009278475520168366,0.006299748123757612,0,0,-88.01394676133648,-94.11331516320057,-269.08895945675823,0.29083996398969747
446.21,446.4,0.24569175090417575,0.2517249528615219,0.12284587545208787,0.12586247643076096,-0.017318206256660806,0.008618092150232801,0,0,-2.425813975152725,-2.425813975152725,596.2289250374497,0.24870835188284884
446.71,446.9,0.411322997361213,0.5920335904875601,0.19332180875977012,0.29601679524378005,-0.016559055831601794,0.003947455270334237,0,0,-36.021210268583786,-41.97297562211743,325.2007705495388,0.5016782939243866
448.99,448.88,0.1049398266425959,0.5956478904247078,0.016790372262815344,0.2978239452123539,-0.0002637675924090756,0.005148445430057864,0,0,-140.0846894194038,-178.65275503345075,-221.599589670056,0.35029385853365186
450.06,449.87,0.5689548791024805,0.19956067207985456,0.32430428108841386,0.10377154948152438,-2.867849539995443e-05,-5.836999038683543e-05,0,0,96.13187565412971,103.03442327648966,-68.2182917221677,0.3842577755911676
452.1,451.98,0.553281326370453,0.4273958641290819,0.2766406631852265,0.2649854357600308,0.000868685526810015,0.005589425287540813,0,0,25.673170225820765,4.303790916978581,-146.19568776183436,0.4903385952497675
452.6,452.6,0.3659879022722684,1.0726890078425093,0.16469455602252078,0.8796049864308575,-0.0001612579197301271,0.007344042538276405,0,0,-98.24319840009946,-136.91673726654977,-208.98024531119876,0.7193384550573889
