timestamp,prob_trans,pred_trans,prob_smoothed,pred_final_smoothed
2026-02-09 22:31:32.600,0.637939989566803,1,0.7921146273612976,1
2026-02-09 22:31:32.706,0.6935600638389587,1,0.8258522947629293,1
2026-02-09 22:31:32.813,0.7600473761558533,1,0.8505517414637974,1
2026-02-09 22:31:32.920,0.8985060453414917,1,0.8691378384828568,1
2026-02-09 22:31:33.026,0.9705196619033813,1,0.8835929764641656,1
2026-02-09 22:31:33.133,0.9945406317710876,1,0.8951484203338623,1
2026-02-09 22:31:33.240,0.9987484216690063,1,0.9312376022338867,1
2026-02-09 22:31:33.346,0.999240517616272,1,0.9615850627422333,1
2026-02-09 22:31:33.453,0.9992340803146362,1,0.9844524085521698,1
2026-02-09 22:31:33.560,0.9991474151611328,1,0.9916843295097351,1
2026-02-09 22:31:33.666,0.9988318085670471,1,0.9877824127674103,1
2026-02-09 22:31:33.773,0.9970346689224243,1,0.9713279128074646,1
2026-02-09 22:31:33.880,0.9887208342552185,1,0.9338860511779785,1
2026-02-09 22:31:33.986,0.9708252549171448,1,0.8752118974924088,1
2026-02-09 22:31:34.093,0.9315004944801331,1,0.8034908384084701,1
2026-02-09 22:31:34.200,0.8299956321716309,1,0.7215303257107735,1
2026-02-09 22:31:34.306,0.6243298053741455,1,0.6324364155530929,1
2026-02-09 22:31:34.413,0.41249898076057434,0,0.5396945931017398,1
2026-02-09 22:31:34.520,0.28202348947525024,0,0.44522601179778576,0
2026-02-09 22:31:34.626,0.17954228818416595,0,0.3505878340452909,0
2026-02-09 22:31:34.733,0.107892706990242,0,0.25877406615763904,0
2026-02-09 22:31:34.840,0.06961644440889359,0,0.17652456434443592,0
2026-02-09 22:31:34.946,0.04403502121567726,0,0.11438858760520816,0
2026-02-09 22:31:35.053,0.024443477392196655,0,0.07330285798525438,0
2026-02-09 22:31:35.160,0.013362815603613853,0,0.04522144139045849,0
2026-02-09 22:31:35.266,0.0075006140395998955,0,0.027370526175945997,0
2026-02-09 22:31:35.373,0.0029700379818677902,0,0.016678642883198334,0
2026-02-09 22:31:35.480,0.0016416845610365272,0,0.009811859036562964,0
2026-02-09 22:31:35.586,0.0012093235272914171,0,0.005501232121605426,0
2026-02-09 22:31:35.693,0.0010331360390409827,0,0.00314909853041172,0
2026-02-09 22:31:35.800,0.0009738740627653897,0,0.0019053280411753803,0
2026-02-09 22:31:35.906,0.0009486059425398707,0,0.0012481835205107928,0
2026-02-09 22:31:36.013,0.0009287520661018789,0,0.0010440220998134465,0
2026-02-09 22:31:36.120,0.0009221414802595973,0,0.0009713111328892409,0
2026-02-09 22:31:36.226,0.0009251107112504542,0,0.0009375908935908228,0
2026-02-09 22:31:36.333,0.0009291688329540193,0,0.0009174278064165264,0
2026-02-09 22:31:36.440,0.0009284237748943269,0,0.0009006421198137105,0
2026-02-09 22:31:36.546,0.0009145748917944729,0,0.0008844476833473891,0
2026-02-09 22:31:36.653,0.0008721211343072355,0,0.0008686235989443958,0
2026-02-09 22:31:36.760,0.0008315051672980189,0,0.0008530641498509794,0
2026-02-09 22:31:36.866,0.0008060171967372298,0,0.0008370089810341597,0
2026-02-09 22:31:36.973,0.0007866615778766572,0,0.0008205633668694646,0
2026-02-09 22:31:37.080,0.0007705112220719457,0,0.0008046104514505715,0
2026-02-09 22:31:37.186,0.000766546989325434,0,0.0007905939302872867,0
2026-02-09 22:31:37.293,0.0007645590230822563,0,0.0007822927669622004,0
2026-02-09 22:31:37.400,0.0007647126913070679,0,0.0007792932679876685,0
2026-02-09 22:31:37.506,0.0007688946207053959,0,0.0007801991305314004,0
2026-02-09 22:31:37.613,0.0007744096801616251,0,0.0007843488943763077,0
2026-02-09 22:31:37.720,0.0007891095010563731,0,0.0007914401357993484,0
2026-02-09 22:31:37.826,0.0008015101775527,0,0.000797645520651713,0
2026-02-09 22:31:37.933,0.0008150758221745491,0,0.0008025546558201313,0
2026-02-09 22:31:38.040,0.0008281592163257301,0,0.0008059224404860288,0
2026-02-09 22:31:38.146,0.000841423636302352,0,0.0008073363685980439,0
2026-02-09 22:31:38.253,0.0008286008378490806,0,0.0008068127208389342,0
2026-02-09 22:31:38.360,0.0008136503747664392,0,0.0008045169990509749,0
2026-02-09 22:31:38.466,0.0007983905379660428,0,0.0008012098202016205,0
2026-02-09 22:31:38.573,0.0007830339018255472,0,0.0007966576493345201,0
2026-02-09 22:31:38.680,0.0007691732025705278,0,0.0007908004277851433,0
2026-02-09 22:31:38.786,0.0007661522831767797,0,0.0007842077407985926,0
2026-02-09 22:31:38.893,0.0007684383890591562,0,0.0007796958379913121,0
2026-02-09 22:31:39.000,0.0007695541135035455,0,0.0007775669335387647,0
2026-02-09 22:31:39.106,0.0007695870008319616,0,0.000777899328386411,0
2026-02-09 22:31:39.213,0.0007754967664368451,0,0.0007805590750649572,0
2026-02-09 22:31:39.320,0.0007834818097762764,0,0.000785335642285645,0
2026-02-09 22:31:39.426,0.0007923613302409649,0,0.0007897099829278886,0
2026-02-09 22:31:39.533,0.0008017144864425063,0,0.0007936643902212382,0
2026-02-09 22:31:39.640,0.0008096313686110079,0,0.0007979240501299501,0
2026-02-09 22:31:39.746,0.0008169388747774065,0,0.0008041414665058255,0
2026-02-09 22:31:39.853,0.000809895689599216,0,0.0008154606504831464,0
2026-02-09 22:31:39.960,0.0008079824619926512,0,0.000835669250227511,0
2026-02-09 22:31:40.066,0.0008121507125906646,0,0.0008704110980033875,0
2026-02-09 22:31:40.173,0.0008317611645907164,0,0.0009285198408178985,0
2026-02-09 22:31:40.280,0.000888688606210053,0,0.001025982346618548,0
2026-02-09 22:31:40.386,0.0009855678072199225,0,0.0011623744969256223,0
2026-02-09 22:31:40.493,0.0011397798079997301,0,0.0013570886570960284,0
2026-02-09 22:31:40.600,0.001382801914587617,0,0.0016092768113594503,0
2026-02-09 22:31:40.706,0.0017842564266175032,0,0.0020376131404191257,0
2026-02-09 22:31:40.813,0.0021808603778481483,0,0.003261061548255384,0
2026-02-09 22:31:40.920,0.002757037291303277,0,0.009688681329134852,0
2026-02-09 22:31:41.026,0.00332986400462687,0,0.030615497590042652,0
2026-02-09 22:31:41.133,0.005095514003187418,0,0.07894448237493634,0
2026-02-09 22:31:41.240,0.0130662452429533,0,0.15551178313326092,0
2026-02-09 22:31:41.346,0.06516488641500473,0,0.24786265436559915,0
2026-02-09 22:31:41.453,0.2102537304162979,0,0.34531052196398376,0
2026-02-09 22:31:41.560,0.48442962765693665,0,0.44461136299651116,0
2026-02-09 22:31:41.666,0.7670558094978333,1,0.544168894784525,1
2026-02-09 22:31:41.773,0.92529296875,1,0.6435774525627493,1
2026-02-09 22:31:41.880,0.9766595363616943,1,0.7421963877975941,1
2026-02-09 22:31:41.986,0.9957654476165771,1,0.8356082960963249,1
2026-02-09 22:31:42.093,0.9989051818847656,1,0.9145135432481766,1
2026-02-09 22:31:42.200,0.9991810917854309,1,0.9660021424293518,1
2026-02-09 22:31:42.306,0.9992555975914001,1,0.9892278850078583,1
2026-02-09 22:31:42.413,0.9992839694023132,1,0.9966293752193451,1
2026-02-09 22:31:42.520,0.9993062019348145,1,0.9988946616649628,1
2026-02-09 22:31:42.626,0.999315619468689,1,0.9992492973804474,1
2026-02-09 22:31:42.733,0.999313235282898,1,0.9992898166179657,1
2026-02-09 22:31:42.840,0.9993078708648682,1,0.9993025660514832,1
2026-02-09 22:31:42.946,0.9993124008178711,1,0.9993075907230378,1
2026-02-09 22:31:43.053,0.9993118047714233,1,0.9993093132972717,1
2026-02-09 22:31:43.160,0.9993103742599487,1,0.9993084788322448,1
2026-02-09 22:31:43.266,0.9993085861206055,1,0.9993066549301147,1
2026-02-09 22:31:43.373,0.9993058443069458,1,0.9993047833442688,1
2026-02-09 22:31:43.480,0.9993011951446533,1,0.999301940202713,1
2026-02-09 22:31:43.586,0.9992978572845459,1,0.9992965579032898,1
2026-02-09 22:31:43.693,0.9992973804473877,1,0.9992889165878296,1
2026-02-09 22:31:43.800,0.9992945194244385,1,0.9992802977561951,1
2026-02-09 22:31:43.906,0.9992794394493103,1,0.9992734670639039,1
2026-02-09 22:31:44.013,0.9992585778236389,1,0.9992656350135803,1
2026-02-09 22:31:44.120,0.9992353916168213,1,0.9992591500282287,1
2026-02-09 22:31:44.226,0.9992241859436035,1,0.9992535829544067,1
2026-02-09 22:31:44.333,0.9992402791976929,1,0.999249416589737,1
2026-02-09 22:31:44.440,0.9992275238037109,1,0.9992473125457764,1
2026-02-09 22:31:44.546,0.9992363452911377,1,0.99924795627594,1
2026-02-09 22:31:44.653,0.9992421865463257,1,0.9992509424686432,1
2026-02-09 22:31:44.760,0.9992557168006897,1,0.999256294965744,1
2026-02-09 22:31:44.866,0.9992734789848328,1,0.9992629230022431,1
2026-02-09 22:31:44.973,0.999285876750946,1,0.9992681562900543,1
2026-02-09 22:31:45.080,0.9992884397506714,1,0.9992749989032745,1
2026-02-09 22:31:45.186,0.9992889165878296,1,0.9992803037166595,1
2026-02-09 22:31:45.293,0.9992904663085938,1,0.999284029006958,1
2026-02-09 22:31:45.400,0.9992926120758057,1,0.9992849946022033,1
2026-02-09 22:31:45.506,0.9992959499359131,1,0.9992833018302918,1
2026-02-09 22:31:45.613,0.9992893934249878,1,0.9992790400981904,1
2026-02-09 22:31:45.720,0.9992794394493103,1,0.9992758154869079,1
2026-02-09 22:31:45.826,0.9992653727531433,1,0.9992729604244233,1
2026-02-09 22:31:45.933,0.9992565512657166,1,0.9992696881294251,1
2026-02-09 22:31:46.040,0.9992432594299316,1,0.999263596534729,1
2026-02-09 22:31:46.146,0.9992561936378479,1,0.9992553949356079,1
2026-02-09 22:31:46.253,0.9992603659629822,1,0.9992456495761871,1
2026-02-09 22:31:46.360,0.9992577433586121,1,0.9992312967777253,1
2026-02-09 22:31:46.466,0.9992316961288452,1,0.999213969707489,1
2026-02-09 22:31:46.573,0.9992139339447021,1,0.9991991519927979,1
2026-02-09 22:31:46.680,0.99919193983078,1,0.9991856992244721,1
2026-02-09 22:31:46.786,0.9991359114646912,1,0.9991677641868592,1
2026-02-09 22:31:46.893,0.9990921020507812,1,0.9991487383842468,1
2026-02-09 22:31:47.000,0.9991083741188049,1,0.9991312921047211,1
2026-02-09 22:31:47.106,0.9991087317466736,1,0.9991187691688538,1
2026-02-09 22:31:47.213,0.9990768432617188,1,0.999109023809433,1
2026-02-09 22:31:47.320,0.9990701079368591,1,0.9991078317165375,1
2026-02-09 22:31:47.426,0.9990832805633545,1,0.999112743139267,1
2026-02-09 22:31:47.533,0.9991064667701721,1,0.9991222262382508,1
2026-02-09 22:31:47.640,0.9991164803504944,1,0.9991302251815796,1
2026-02-09 22:31:47.746,0.999180018901825,1,0.9991389870643616,1
2026-02-09 22:31:47.853,0.9991850256919861,1,0.9991515100002288,1
2026-02-09 22:31:47.960,0.9991869330406189,1,0.9991655111312866,1
2026-02-09 22:31:48.066,0.9991883635520935,1,0.9991789817810058,1
2026-02-09 22:31:48.173,0.9991963505744934,1,0.9991916716098785,1
2026-02-09 22:31:48.280,0.9992020726203918,1,0.9992046117782593,1
2026-02-09 22:31:48.386,0.9992101192474365,1,0.9992109119892121,1
2026-02-09 22:31:48.493,0.9992179870605469,1,0.9992159366607666,1
2026-02-09 22:31:48.600,0.9992333650588989,1,0.9992204487323761,1
2026-02-09 22:31:48.706,0.9992458820343018,1,0.9992246508598328,1
2026-02-09 22:31:48.813,0.9992430210113525,1,0.9992281138896942,1
2026-02-09 22:31:48.920,0.9992352724075317,1,0.9992327034473419,1
2026-02-09 22:31:49.026,0.9992320537567139,1,0.9992370367050171,1
2026-02-09 22:31:49.133,0.9992303848266602,1,0.9992408335208893,1
2026-02-09 22:31:49.240,0.9992309808731079,1,0.9992427825927734,1
2026-02-09 22:31:49.346,0.9992479681968689,1,0.9992427825927734,1
2026-02-09 22:31:49.453,0.9992534518241882,1,0.9992410659790039,1
2026-02-09 22:31:49.560,0.9992559552192688,1,0.9992400646209717,1
2026-02-09 22:31:49.666,0.9992528557777405,1,0.9992412090301513,1
2026-02-09 22:31:49.773,0.9992458820343018,1,0.9992451250553132,1
2026-02-09 22:31:49.880,0.9992258548736572,1,0.9992505788803101,1
2026-02-09 22:31:49.986,0.9992252588272095,1,0.9992547929286957,1
2026-02-09 22:31:50.093,0.9992434978485107,1,0.999258154630661,1
2026-02-09 22:31:50.200,0.9992695450782776,1,0.9992601096630096,1
2026-02-09 22:31:50.306,0.9992855191230774,1,0.9992612063884735,1
2026-02-09 22:31:50.413,0.9992901086807251,1,0.9992617845535279,1
2026-02-09 22:31:50.520,0.9992870688438416,1,0.9992651164531707,1
2026-02-09 22:31:50.626,0.9992755055427551,1,0.9992697358131408,1
2026-02-09 22:31:50.733,0.9992638230323792,1,0.9992734611034393,1
2026-02-09 22:31:50.840,0.999251663684845,1,0.9992749512195587,1
2026-02-09 22:31:50.946,0.9992591738700867,1,0.9992745220661163,1
2026-02-09 22:31:51.053,0.9992714524269104,1,0.9992735624313355,1
2026-02-09 22:31:51.160,0.9992807507514954,1,0.9992732405662537,1
2026-02-09 22:31:51.266,0.9992844462394714,1,0.9992745697498322,1
2026-02-09 22:31:51.373,0.9992812275886536,1,0.9992775321006775,1
2026-02-09 22:31:51.480,0.9992805123329163,1,0.9992817223072052,1
2026-02-09 22:31:51.586,0.9992838501930237,1,0.9992852210998535,1
2026-02-09 22:31:51.693,0.99928879737854,1,0.9992877304553985,1
2026-02-09 22:31:51.800,0.9992934465408325,1,0.9992897868156433,1
2026-02-09 22:31:51.906,0.9992935657501221,1,0.9992902219295502,1
2026-02-09 22:31:52.013,0.9992941617965698,1,0.9992903292179107,1
2026-02-09 22:31:52.120,0.9992965459823608,1,0.9992911696434021,1
2026-02-09 22:31:52.226,0.9993013143539429,1,0.9992925822734833,1
2026-02-09 22:31:52.333,0.99928879737854,1,0.9992943108081818,1
2026-02-09 22:31:52.440,0.9992823004722595,1,0.9992962658405304,1
2026-02-09 22:31:52.546,0.9992889165878296,1,0.9992988646030426,1
2026-02-09 22:31:52.653,0.9992979764938354,1,0.9993008196353912,1
2026-02-09 22:31:52.760,0.9993060827255249,1,0.9993024170398712,1
2026-02-09 22:31:52.866,0.9993129968643188,1,0.999303537607193,1
2026-02-09 22:31:52.973,0.9993195533752441,1,0.9993058145046234,1
2026-02-09 22:31:53.080,0.9993137121200562,1,0.9993077993392945,1
2026-02-09 22:31:53.186,0.9993125200271606,1,0.9993082165718079,1
2026-02-09 22:31:53.293,0.9993125200271606,1,0.9993063509464264,1
2026-02-09 22:31:53.400,0.9993115663528442,1,0.9993020415306091,1
2026-02-09 22:31:53.506,0.9993021488189697,1,0.9992953062057495,1
2026-02-09 22:31:53.613,0.9992930889129639,1,0.9992885172367096,1
2026-02-09 22:31:53.720,0.9992793202400208,1,0.9992833375930786,1
2026-02-09 22:31:53.826,0.9992629885673523,1,0.9992789447307586,1
2026-02-09 22:31:53.933,0.9992456436157227,1,0.9992755293846131,1
2026-02-09 22:31:54.040,0.999251663684845,1,0.9992733836174011,1
2026-02-09 22:31:54.146,0.9992619156837463,1,0.9992733120918273,1
2026-02-09 22:31:54.253,0.9992685914039612,1,0.9992742538452148,1
2026-02-09 22:31:54.360,0.9992783665657043,1,0.9992763102054596,1
2026-02-09 22:31:54.466,0.9992901086807251,1,0.9992798089981079,1
2026-02-09 22:31:54.573,0.9993014335632324,1,0.999284815788269,1
2026-02-09 22:31:54.680,0.9993025064468384,1,0.9992880821228027,1
2026-02-09 22:31:54.786,0.9992998838424683,1,0.9992888450622559,1
2026-02-09 22:31:54.893,0.9992979764938354,1,0.9992867529392242,1
2026-02-09 22:31:55.000,0.999295711517334,1,0.9992804527282715,1
2026-02-09 22:31:55.106,0.9992843270301819,1,0.9992695748806,1
2026-02-09 22:31:55.213,0.9992695450782776,1,0.9992579460144043,1
2026-02-09 22:31:55.320,0.999247670173645,1,0.9992459833621978,1
2026-02-09 22:31:55.426,0.9992153644561768,1,0.9992333292961121,1
2026-02-09 22:31:55.533,0.99918133020401,1,0.9992188215255737,1
2026-02-09 22:31:55.640,0.9991851449012756,1,0.999204671382904,1
2026-02-09 22:31:55.746,0.9991828799247742,1,0.9991911590099335,1
2026-02-09 22:31:55.853,0.9991733431816101,1,0.9991803169250488,1
2026-02-09 22:31:55.960,0.9991528987884521,1,0.9991738736629486,1
2026-02-09 22:31:56.066,0.9991542100906372,1,0.9991747081279755,1
2026-02-09 22:31:56.173,0.9991492033004761,1,0.9991813838481903,1
2026-02-09 22:31:56.280,0.9991611242294312,1,0.9991895377635955,1
2026-02-09 22:31:56.386,0.9991832375526428,1,0.9991977155208588,1
2026-02-09 22:31:56.493,0.9992237091064453,1,0.9992066204547883,1
2026-02-09 22:31:56.600,0.9992480874061584,1,0.9992170810699463,1
2026-02-09 22:31:56.706,0.9992666840553284,1,0.9992268979549408,1
2026-02-09 22:31:56.813,0.999264657497406,1,0.9992385506629944,1
2026-02-09 22:31:56.920,0.9992623925209045,1,0.99925097823143,1
2026-02-09 22:31:57.026,0.999257504940033,1,0.9992627263069153,1
2026-02-09 22:31:57.133,0.9992523789405823,1,0.9992718935012818,1
2026-02-09 22:31:57.240,0.999265730381012,1,0.9992799699306488,1
2026-02-09 22:31:57.346,0.9992853999137878,1,0.9992866456508637,1
2026-02-09 22:31:57.453,0.9993007183074951,1,0.9992940366268158,1
2026-02-09 22:31:57.560,0.9993153810501099,1,0.9993023693561554,1
2026-02-09 22:31:57.666,0.9993288516998291,1,0.9993119060993194,1
2026-02-09 22:31:57.773,0.9993334412574768,1,0.999322384595871,1
2026-02-09 22:31:57.880,0.9993385672569275,1,0.9993313014507293,1
2026-02-09 22:31:57.986,0.9993457198143005,1,0.9993379056453705,1
2026-02-09 22:31:58.093,0.9993528723716736,1,0.9993423700332642,1
2026-02-09 22:31:58.200,0.9993571639060974,1,0.9993436217308045,1
2026-02-09 22:31:58.306,0.999354898929596,1,0.9993400812149048,1
2026-02-09 22:31:58.413,0.999351441860199,1,0.9993342399597168,1
2026-02-09 22:31:58.520,0.9993453621864319,1,0.9993264198303222,1
2026-02-09 22:31:58.626,0.9993278980255127,1,0.9993178963661193,1
2026-02-09 22:31:58.733,0.9992934465408325,1,0.9993092656135559,1
2026-02-09 22:31:58.840,0.9992750287055969,1,0.9993007063865662,1
2026-02-09 22:31:58.946,0.9992603659629822,1,0.9992921948432922,1
2026-02-09 22:31:59.053,0.9992604851722717,1,0.9992828011512757,1
2026-02-09 22:31:59.160,0.9992665648460388,1,0.9992733716964721,1
2026-02-09 22:31:59.266,0.9992715716362,1,0.9992684066295624,1
2026-02-09 22:31:59.373,0.9992697834968567,1,0.9992678999900818,1
2026-02-09 22:31:59.480,0.999257504940033,1,0.9992696106433868,1
2026-02-09 22:31:59.586,0.9992510676383972,1,0.9992727279663086,1
2026-02-09 22:31:59.693,0.9992782473564148,1,0.9992752552032471,1
2026-02-09 22:31:59.800,0.9992883801460266,1,0.9992766380310059,1
2026-02-09 22:31:59.906,0.9992921352386475,1,0.9992764353752136,1
2026-02-09 22:32:00.013,0.9992915391921997,1,0.9992770075798034,1
2026-02-09 22:32:00.120,0.9992857575416565,1,0.999279236793518,1
2026-02-09 22:32:00.226,0.9992803931236267,1,0.999282693862915,1
2026-02-09 22:32:00.333,0.9992695450782776,1,0.999284428358078,1
2026-02-09 22:32:00.440,0.9992755055427551,1,0.9992862820625306,1
2026-02-09 22:32:00.546,0.999279797077179,1,0.9992879390716553,1
2026-02-09 22:32:00.653,0.9992856383323669,1,0.9992900133132935,1
2026-02-09 22:32:00.760,0.9992955923080444,1,0.9992927253246308,1
2026-02-09 22:32:00.866,0.9993069171905518,1,0.9992958903312683,1
2026-02-09 22:32:00.973,0.999308705329895,1,0.9993000328540802,1
2026-02-09 22:32:01.080,0.9993122816085815,1,0.9993027925491333,1
2026-02-09 22:32:01.186,0.9993128776550293,1,0.9993050158023834,1
2026-02-09 22:32:01.293,0.9993120431900024,1,0.999307370185852,1
2026-02-09 22:32:01.400,0.9993109703063965,1,0.9993082284927368,1
2026-02-09 22:32:01.506,0.9993031024932861,1,0.9993075728416443,1
2026-02-09 22:32:01.613,0.9993020296096802,1,0.9993069767951965,1
2026-02-09 22:32:01.720,0.9993091821670532,1,0.9993059635162354,1
2026-02-09 22:32:01.826,0.9993041753768921,1,0.9993046522140503,1
2026-02-09 22:32:01.933,0.9993003606796265,1,0.9993032813072205,1
2026-02-09 22:32:02.040,0.9993027448654175,1,0.999302339553833,1
2026-02-09 22:32:02.146,0.9993021488189697,1,0.9993012547492981,1
2026-02-09 22:32:02.253,0.9992997646331787,1,0.9992984116077424,1
2026-02-09 22:32:02.360,0.9992983341217041,1,0.9992913663387298,1
2026-02-09 22:32:02.466,0.999301552772522,1,0.9992858648300171,1
2026-02-09 22:32:02.573,0.999292254447937,1,0.9992810070514679,1
2026-02-09 22:32:02.680,0.9992735981941223,1,0.9992747843265534,1
2026-02-09 22:32:02.786,0.9992387294769287,1,0.9992672622203826,1
2026-02-09 22:32:02.893,0.9992491602897644,1,0.9992587268352509,1
2026-02-09 22:32:03.000,0.9992517828941345,1,0.9992499053478241,1
2026-02-09 22:32:03.106,0.999240517616272,1,0.9992403149604797,1
2026-02-09 22:32:03.213,0.9992269277572632,1,0.9992330431938171,1
2026-02-09 22:32:03.320,0.9992144107818604,1,0.9992277324199677,1
2026-02-09 22:32:03.426,0.9992101192474365,1,0.9992242574691772,1
2026-02-09 22:32:03.533,0.9992056488990784,1,0.9992194771766663,1
2026-02-09 22:32:03.640,0.999219536781311,1,0.9992122888565064,1
2026-02-09 22:32:03.746,0.9992204904556274,1,0.9992024302482605,1
2026-02-09 22:32:03.853,0.9992039799690247,1,0.9991914927959442,1
2026-02-09 22:32:03.960,0.9992013573646545,1,0.999182116985321,1
2026-02-09 22:32:04.066,0.9991798996925354,1,0.9991756200790405,1
2026-02-09 22:32:04.173,0.9991419315338135,1,0.9991711556911469,1
2026-02-09 22:32:04.280,0.9991175532341003,1,0.999167001247406,1
2026-02-09 22:32:04.386,0.9991206526756287,1,0.9991629660129547,1
2026-02-09 22:32:04.493,0.9991451501846313,1,0.9991622626781463,1
2026-02-09 22:32:04.600,0.9991610050201416,1,0.9991643786430359,1
2026-02-09 22:32:04.706,0.9991779923439026,1,0.9991644740104675,1
2026-02-09 22:32:04.813,0.9991801381111145,1,0.9991674661636353,1
2026-02-09 22:32:04.920,0.9991969466209412,1,0.9991730332374573,1
2026-02-09 22:32:05.026,0.9992225170135498,1,0.9991790175437927,1
2026-02-09 22:32:05.133,0.9991808533668518,1,0.9991830289363861,1
2026-02-09 22:32:05.240,0.9991718530654907,1,0.9991849184036254,1
2026-02-09 22:32:05.346,0.9991732239723206,1,0.9991855382919311,1
2026-02-09 22:32:05.453,0.9991804957389832,1,0.99918612241745,1
2026-02-09 22:32:05.560,0.9991852641105652,1,0.9991885960102082,1
2026-02-09 22:32:05.666,0.9991798996925354,1,0.9991905272006989,1
2026-02-09 22:32:05.773,0.9991841912269592,1,0.9991966128349304,1
2026-02-09 22:32:05.880,0.9991859793663025,1,0.9992037296295166,1
2026-02-09 22:32:05.986,0.999221682548523,1,0.9992103397846221,1
2026-02-09 22:32:06.093,0.999241828918457,1,0.9992152571678161,1
2026-02-09 22:32:06.200,0.9992417097091675,1,0.9992178976535797,1
2026-02-09 22:32:06.306,0.9992430210113525,1,0.9992209553718567,1
2026-02-09 22:32:06.413,0.9992393255233765,1,0.9992235362529754,1
2026-02-09 22:32:06.520,0.9992296695709229,1,0.9992294073104858,1
2026-02-09 22:32:06.626,0.9992116689682007,1,0.9992338955402374,1
2026-02-09 22:32:06.733,0.9992104768753052,1,0.9992362141609192,1
2026-02-09 22:32:06.840,0.999210000038147,1,0.9992374360561371,1
2026-02-09 22:32:06.946,0.9992446899414062,1,0.9992388248443603,1
2026-02-09 22:32:07.053,0.9992665648460388,1,0.999240654706955,1
2026-02-09 22:32:07.160,0.9992650151252747,1,0.9992447018623352,1
2026-02-09 22:32:07.266,0.9992539286613464,1,0.9992514908313751,1
2026-02-09 22:32:07.373,0.9992569088935852,1,0.9992583513259887,1
2026-02-09 22:32:07.480,0.9992576241493225,1,0.9992641985416413,1
2026-02-09 22:32:07.586,0.9992701411247253,1,0.9992654681205749,1
2026-02-09 22:32:07.693,0.9992795586585999,1,0.9992628276348114,1
2026-02-09 22:32:07.800,0.9992790818214417,1,0.9992581486701966,1
2026-02-09 22:32:07.906,0.9992684721946716,1,0.9992551267147064,1
2026-02-09 22:32:08.013,0.9992573857307434,1,0.9992531299591064,1
2026-02-09 22:32:08.120,0.9992401599884033,1,0.9992521107196808,1
2026-02-09 22:32:08.226,0.999218225479126,1,0.9992506086826325,1
2026-02-09 22:32:08.333,0.9992237091064453,1,0.9992487728595734,1
2026-02-09 22:32:08.440,0.9992369413375854,1,0.9992457449436187,1
2026-02-09 22:32:08.546,0.9992474317550659,1,0.9992428898811341,1
2026-02-09 22:32:08.653,0.9992551207542419,1,0.9992389023303986,1
2026-02-09 22:32:08.760,0.999261200428009,1,0.9992344617843628,1
2026-02-09 22:32:08.866,0.9992488026618958,1,0.9992305934429169,1
2026-02-09 22:32:08.973,0.9992399215698242,1,0.9992219984531403,1
2026-02-09 22:32:09.080,0.9992175102233887,1,0.999207752943039,1
2026-02-09 22:32:09.186,0.9991957545280457,1,0.999187457561493,1
2026-02-09 22:32:09.293,0.9991795420646667,1,0.9991564512252807,1
2026-02-09 22:32:09.400,0.9991377592086792,1,0.999111396074295,1
2026-02-09 22:32:09.506,0.9990944862365723,1,0.9990678310394288,1
2026-02-09 22:32:09.613,0.9990444779396057,1,0.9990270912647248,1
2026-02-09 22:32:09.720,0.9989450573921204,1,0.9989867031574249,1
2026-02-09 22:32:09.826,0.9988106489181519,1,0.9989433646202087,1
2026-02-09 22:32:09.933,0.9988131523132324,1,0.9989021837711334,1
2026-02-09 22:32:10.040,0.9988325238227844,1,0.9988575458526612,1
2026-02-09 22:32:10.146,0.9988136291503906,1,0.9988156139850617,1
2026-02-09 22:32:10.253,0.9987623691558838,1,0.9987764835357666,1
2026-02-09 22:32:10.360,0.9987677335739136,1,0.9987358152866364,1
2026-02-09 22:32:10.466,0.9986913800239563,1,0.9986946105957031,1
2026-02-09 22:32:10.573,0.9986751675605774,1,0.9986403465270997,1
2026-02-09 22:32:10.680,0.9986531734466553,1,0.9985906600952148,1
2026-02-09 22:32:10.786,0.9985383749008179,1,0.9985457837581635,1
2026-02-09 22:32:10.893,0.9983986020088196,1,0.9985022783279419,1
2026-02-09 22:32:11.000,0.9982705116271973,1,0.9984537124633789,1
2026-02-09 22:32:11.106,0.9983356595039368,1,0.9984331130981445,1
2026-02-09 22:32:11.213,0.9983648657798767,1,0.9984303832054138,1
2026-02-09 22:32:11.320,0.9983273148536682,1,0.9984443664550782,1
2026-02-09 22:32:11.426,0.9982820749282837,1,0.9984840095043183,1
2026-02-09 22:32:11.533,0.9984853863716125,1,0.9985517501831055,1
2026-02-09 22:32:11.640,0.9986478686332703,1,0.9986382305622101,1
2026-02-09 22:32:11.746,0.9987930059432983,1,0.9987215518951416,1
2026-02-09 22:32:11.853,0.998934805393219,1,0.9988044977188111,1
2026-02-09 22:32:11.960,0.9990760087966919,1,0.9988939583301544,1
2026-02-09 22:32:12.066,0.9991353154182434,1,0.998989874124527,1
2026-02-09 22:32:12.173,0.999168872833252,1,0.9990665495395661,1
2026-02-09 22:32:12.280,0.999194324016571,1,0.9991264939308167,1
2026-02-09 22:32:12.386,0.999221920967102,1,0.9991703510284424,1
2026-02-09 22:32:12.493,0.9992412328720093,1,0.9991998851299286,1
2026-02-09 22:32:12.600,0.9992521405220032,1,0.9992148101329803,1
2026-02-09 22:32:12.706,0.9992473125457764,1,0.9992250442504883,1
2026-02-09 22:32:12.813,0.9992315769195557,1,0.9992325305938721,1
2026-02-09 22:32:12.920,0.999230146408081,1,0.999237883090973,1
2026-02-09 22:32:13.026,0.9992252588272095,1,0.9992411196231842,1
2026-02-09 22:32:13.133,0.9992376565933228,1,0.999243688583374,1
2026-02-09 22:32:13.240,0.9992437362670898,1,0.9992457389831543,1
2026-02-09 22:32:13.346,0.9992478489875793,1,0.9992479741573334,1
2026-02-09 22:32:13.453,0.9992542862892151,1,0.9992525577545166,1
2026-02-09 22:32:13.560,0.9992669224739075,1,0.9992569625377655,1
2026-02-09 22:32:13.666,0.9992726445198059,1,0.9992613554000854,1
2026-02-09 22:32:13.773,0.9992696642875671,1,0.9992610931396484,1
2026-02-09 22:32:13.880,0.9992774128913879,1,0.9992554128170014,1
2026-02-09 22:32:13.986,0.9992741942405701,1,0.999247407913208,1
2026-02-09 22:32:14.093,0.9992691874504089,1,0.9992379486560822,1
2026-02-09 22:32:14.200,0.9992350339889526,1,0.999227786064148,1
2026-02-09 22:32:14.306,0.9991869330406189,1,0.9992205858230591,1
2026-02-09 22:32:14.413,0.999167799949646,1,0.9992175400257111,1
2026-02-09 22:32:14.520,0.9991596937179565,1,0.9992155849933624,1
2026-02-09 22:32:14.626,0.9991652965545654,1,0.9992157280445099,1
2026-02-09 22:32:14.733,0.9992006421089172,1,0.9992175996303558,1
2026-02-09 22:32:14.840,0.9992392063140869,1,0.9992234766483307,1
2026-02-09 22:32:14.946,0.9992578625679016,1,0.9992343425750733,1
2026-02-09 22:32:15.053,0.9992756247520447,1,0.9992472648620605,1
2026-02-09 22:32:15.160,0.9992879033088684,1,0.9992611527442932,1
2026-02-09 22:32:15.266,0.9992938041687012,1,0.9992739796638489,1
2026-02-09 22:32:15.373,0.9992955923080444,1,0.9992810845375061,1
2026-02-09 22:32:15.480,0.999297022819519,1,0.9992824733257294,1
2026-02-09 22:32:15.586,0.9992985725402832,1,0.9992803812026978,1
2026-02-09 22:32:15.693,0.9992935657501221,1,0.9992753446102143,1
2026-02-09 22:32:15.800,0.9992716908454895,1,0.9992678046226502,1
2026-02-09 22:32:15.906,0.9992530941963196,1,0.9992603063583374,1
2026-02-09 22:32:16.013,0.9992369413375854,1,0.9992532730102539,1
2026-02-09 22:32:16.120,0.9992252588272095,1,0.9992465615272522,1
2026-02-09 22:32:16.226,0.9992125034332275,1,0.9992392539978028,1
2026-02-09 22:32:16.333,0.9992188215255737,1,0.999230295419693,1
2026-02-09 22:32:16.440,0.9992252588272095,1,0.9992199659347534,1
2026-02-09 22:32:16.546,0.999229907989502,1,0.9992050647735595,1
2026-02-09 22:32:16.653,0.9992254972457886,1,0.9991843700408936,1
2026-02-09 22:32:16.760,0.9992039799690247,1,0.9991576313972473,1
2026-02-09 22:32:16.866,0.9991683959960938,1,0.9991255342960358,1
2026-02-09 22:32:16.973,0.9991040825843811,1,0.9990800082683563,1
2026-02-09 22:32:17.080,0.9990299940109253,1,0.9990230619907379,1
2026-02-09 22:32:17.186,0.9989578723907471,1,0.9989548802375794,1
2026-02-09 22:32:17.293,0.9988915324211121,1,0.9988640666007995,1
2026-02-09 22:32:17.400,0.9987635612487793,1,0.9987512052059173,1
2026-02-09 22:32:17.506,0.9986557960510254,1,0.9986278593540192,1
2026-02-09 22:32:17.613,0.9985480904579163,1,0.9984956443309784,1
2026-02-09 22:32:17.720,0.9983173608779907,1,0.9983409762382507,1
2026-02-09 22:32:17.826,0.9980753660202026,1,0.9982071220874786,1
2026-02-09 22:32:17.933,0.9979349374771118,1,0.9980851590633393,1
2026-02-09 22:32:18.040,0.9977819323539734,1,0.997962874174118,1
2026-02-09 22:32:18.146,0.9974833130836487,1,0.99783775806427,1
2026-02-09 22:32:18.253,0.9976193308830261,1,0.9977381944656372,1
2026-02-09 22:32:18.360,0.997671902179718,1,0.9976793944835662,1
2026-02-09 22:32:18.466,0.9975407123565674,1,0.9976488769054412,1
2026-02-09 22:32:18.573,0.9974046349525452,1,0.9976205706596375,1
2026-02-09 22:32:18.680,0.9975524544715881,1,0.9975942671298981,1
2026-02-09 22:32:18.786,0.9977293610572815,1,0.9976068019866944,1
2026-02-09 22:32:18.893,0.9977701902389526,1,0.9976113498210907,1
2026-02-09 22:32:19.000,0.9976518750190735,1,0.9976185441017151,1
2026-02-09 22:32:19.106,0.9975188970565796,1,0.9976508319377899,1
2026-02-09 22:32:19.213,0.9976086616516113,1,0.9977135717868805,1
2026-02-09 22:32:19.320,0.9976648092269897,1,0.9977906763553619,1
2026-02-09 22:32:19.426,0.9977438449859619,1,0.9978898465633392,1
2026-02-09 22:32:19.533,0.9978635907173157,1,0.9980062007904053,1
2026-02-09 22:32:19.640,0.9980320334434509,1,0.9981470584869385,1
2026-02-09 22:32:19.746,0.9983235001564026,1,0.9983077347278595,1
2026-02-09 22:32:19.853,0.9987210631370544,1,0.9984641015529633,1
2026-02-09 22:32:19.960,0.998933732509613,1,0.9986177563667298,1
2026-02-09 22:32:20.066,0.9990604519844055,1,0.9987623393535614,1
2026-02-09 22:32:20.173,0.9991256594657898,1,0.9988957464694976,1
2026-02-09 22:32:20.280,0.9991723299026489,1,0.9990125477313996,1
2026-02-09 22:32:20.386,0.9992013573646545,1,0.9991012454032898,1
2026-02-09 22:32:20.493,0.9991896748542786,1,0.9991522252559661,1
2026-02-09 22:32:20.600,0.9991976618766785,1,0.9991832375526428,1
2026-02-09 22:32:20.706,0.9992000460624695,1,0.9992037773132324,1
2026-02-09 22:32:20.813,0.9992104768753052,1,0.9992199182510376,1
2026-02-09 22:32:20.920,0.9992308616638184,1,0.9992331624031067,1
2026-02-09 22:32:21.026,0.9992438554763794,1,0.9992447793483734,1
2026-02-09 22:32:21.133,0.9992658495903015,1,0.9992578744888305,1
2026-02-09 22:32:21.240,0.9992870688438416,1,0.9992703139781952,1
2026-02-09 22:32:21.346,0.9993047714233398,1,0.9992826581001282,1
2026-02-09 22:32:21.453,0.9993175268173218,1,0.9992941737174987,1
2026-02-09 22:32:21.560,0.9993206262588501,1,0.9993035554885864,1
2026-02-09 22:32:21.666,0.9993220567703247,1,0.9993110060691833,1
2026-02-09 22:32:21.773,0.9993234872817993,1,0.9993156611919403,1
2026-02-09 22:32:21.880,0.9993256330490112,1,0.999317467212677,1
2026-02-09 22:32:21.986,0.9993246793746948,1,0.9993169188499451,1
2026-02-09 22:32:22.093,0.9993183612823486,1,0.9993145585060119,1
2026-02-09 22:32:22.200,0.9993124008178711,1,0.9993126153945923,1
2026-02-09 22:32:22.306,0.9993051290512085,1,0.9993110656738281,1
2026-02-09 22:32:22.413,0.9992992877960205,1,0.9993101358413696,1
2026-02-09 22:32:22.520,0.9992939233779907,1,0.9993097186088562,1
2026-02-09 22:32:22.626,0.9993011951446533,1,0.9993095636367798,1
2026-02-09 22:32:22.733,0.9993065595626831,1,0.9993094444274903,1
2026-02-09 22:32:22.840,0.9993141889572144,1,0.9993091464042664,1
2026-02-09 22:32:22.946,0.999321460723877,1,0.9993090510368348,1
2026-02-09 22:32:23.053,0.9993231296539307,1,0.9993092179298401,1
2026-02-09 22:32:23.160,0.9993171691894531,1,0.999309778213501,1
2026-02-09 22:32:23.266,0.9993094205856323,1,0.9993085503578186,1
2026-02-09 22:32:23.373,0.9993041753768921,1,0.9993054568767548,1
2026-02-09 22:32:23.480,0.9993009567260742,1,0.9993001699447632,1
2026-02-09 22:32:23.586,0.9992995262145996,1,0.9992926001548768,1
2026-02-09 22:32:23.693,0.9992889165878296,1,0.9992833256721496,1
2026-02-09 22:32:23.800,0.9992756247520447,1,0.9992754101753235,1
2026-02-09 22:32:23.906,0.9992613196372986,1,0.9992689490318298,1
2026-02-09 22:32:24.013,0.9992457628250122,1,0.9992628812789917,1
2026-02-09 22:32:24.120,0.9992303848266602,1,0.999257254600525,1
2026-02-09 22:32:24.226,0.9992380142211914,1,0.9992522299289703,1
2026-02-09 22:32:24.333,0.9992448091506958,1,0.9992472231388092,1
2026-02-09 22:32:24.440,0.9992434978485107,1,0.9992415189743042,1
2026-02-09 22:32:24.546,0.9992446899414062,1,0.9992335915565491,1
2026-02-09 22:32:24.653,0.999249279499054,1,0.9992228865623474,1
2026-02-09 22:32:24.760,0.9992388486862183,1,0.9992068350315094,1
2026-02-09 22:32:24.866,0.9992185831069946,1,0.9991760492324829,1
2026-02-09 22:32:24.973,0.9991820454597473,1,0.9991403639316558,1
2026-02-09 22:32:25.080,0.9991387128829956,1,0.9990937113761902,1
2026-02-09 22:32:25.186,0.99906986951828,1,0.9990200936794281,1
2026-02-09 22:32:25.293,0.9989301562309265,1,0.9988780438899993,1
2026-02-09 22:32:25.400,0.9988879561424255,1,0.9987316489219665,1
2026-02-09 22:32:25.506,0.9987769722938538,1,0.9986101925373078,1
2026-02-09 22:32:25.613,0.9985085129737854,1,0.9985138714313507,1
2026-02-09 22:32:25.720,0.9978287816047668,1,0.9984525918960572,1
2026-02-09 22:32:25.826,0.9977748990058899,1,0.9984014630317688,1
2026-02-09 22:32:25.933,0.9980040192604065,1,0.9983689546585083,1
2026-02-09 22:32:26.040,0.998218834400177,1,0.9983461201190948,1
2026-02-09 22:32:26.146,0.9985259175300598,1,0.9983411610126496,1
2026-02-09 22:32:26.253,0.9985585808753967,1,0.99836465716362,1
2026-02-09 22:32:26.360,0.9986050724983215,1,0.9984570980072022,1
2026-02-09 22:32:26.466,0.998659610748291,1,0.9985567808151246,1
2026-02-09 22:32:26.573,0.9987273812294006,1,0.9986404180526733,1
2026-02-09 22:32:26.680,0.99874347448349,1,0.9987098038196563,1
2026-02-09 22:32:26.786,0.9987531900405884,1,0.9987496674060822,1
2026-02-09 22:32:26.893,0.9987717270851135,1,0.9987874686717987,1
2026-02-09 22:32:27.000,0.9988403916358948,1,0.9988269150257111,1
2026-02-09 22:32:27.106,0.9989126920700073,1,0.9988644421100616,1
2026-02-09 22:32:27.213,0.9989245533943176,1,0.9989023983478547,1
2026-02-09 22:32:27.320,0.9989365935325623,1,0.9989446878433228,1
2026-02-09 22:32:27.426,0.9989995360374451,1,0.9989902317523957,1
2026-02-09 22:32:27.533,0.9990348815917969,1,0.9990354180335999,1
2026-02-09 22:32:27.640,0.9991069436073303,1,0.999074000120163,1
2026-02-09 22:32:27.746,0.9991663694381714,1,0.9991051375865936,1
2026-02-09 22:32:27.853,0.9992086291313171,1,0.9991336107254029,1
2026-02-09 22:32:27.960,0.9992235898971558,1,0.9991607427597046,1
2026-02-09 22:32:28.066,0.9992262125015259,1,0.9991804003715515,1
2026-02-09 22:32:28.173,0.999224066734314,1,0.9991964042186737,1
2026-02-09 22:32:28.280,0.9992092847824097,1,0.9992047011852264,1
2026-02-09 22:32:28.386,0.9992079138755798,1,0.9992062449455261,1
2026-02-09 22:32:28.493,0.9991961121559143,1,0.9992029905319214,1
2026-02-09 22:32:28.600,0.9991949200630188,1,0.9992005169391632,1
2026-02-09 22:32:28.706,0.9991899132728577,1,0.9991991341114044,1
2026-02-09 22:32:28.813,0.9991818070411682,1,0.9991988241672516,1
2026-02-09 22:32:28.920,0.9991760849952698,1,0.9992006123065948,1
2026-02-09 22:32:29.026,0.999198853969574,1,0.999203622341156,1
2026-02-09 22:32:29.133,0.999212384223938,1,0.9992080867290497,1
2026-02-09 22:32:29.240,0.9992209672927856,1,0.9992132544517517,1
2026-02-09 22:32:29.346,0.9992271661758423,1,0.999219536781311,1
2026-02-09 22:32:29.453,0.9992380142211914,1,0.9992267847061157,1
2026-02-09 22:32:29.560,0.9992407560348511,1,0.9992354035377502,1
2026-02-09 22:32:29.666,0.9992465972900391,1,0.999241292476654,1
2026-02-09 22:32:29.773,0.9992527365684509,1,0.9992449820041657,1
2026-02-09 22:32:29.880,0.9992542862892151,1,0.9992464125156403,1
2026-02-09 22:32:29.986,0.999262273311615,1,0.9992458879947662,1
2026-02-09 22:32:30.093,0.9992577433586121,1,0.9992422580718994,1
2026-02-09 22:32:30.200,0.999249279499054,1,0.9992393016815185,1
2026-02-09 22:32:30.306,0.9992352724075317,1,0.999237060546875,1
2026-02-09 22:32:30.413,0.999221920967102,1,0.9992359220981598,1
2026-02-09 22:32:30.520,0.9992017149925232,1,0.9992352485656738,1
2026-02-09 22:32:30.626,0.9992111921310425,1,0.999233853816986,1
2026-02-09 22:32:30.733,0.9992241859436035,1,0.9992315471172333,1
2026-02-09 22:32:30.840,0.9992413520812988,1,0.9992288470268249,1
2026-02-09 22:32:30.946,0.9992475509643555,1,0.9992258012294769,1
2026-02-09 22:32:31.053,0.9992483258247375,1,0.9992230892181396,1
2026-02-09 22:32:31.160,0.999234676361084,1,0.999219936132431,1
2026-02-09 22:32:31.266,0.9992222785949707,1,0.9992122292518616,1
2026-02-09 22:32:31.373,0.9992048144340515,1,0.999199390411377,1
2026-02-09 22:32:31.480,0.9991948008537292,1,0.9991813838481903,1
2026-02-09 22:32:31.586,0.999170184135437,1,0.999163544178009,1
2026-02-09 22:32:31.693,0.9991341233253479,1,0.999143373966217,1
2026-02-09 22:32:31.800,0.9990957975387573,1,0.9991255223751068,1
2026-02-09 22:32:31.906,0.9990612864494324,1,0.9991106808185577,1
2026-02-09 22:32:32.013,0.9990691542625427,1,0.9990993976593018,1
2026-02-09 22:32:32.120,0.9990466237068176,1,0.9990887820720673,1
2026-02-09 22:32:32.226,0.9990561604499817,1,0.9990788340568543,1
2026-02-09 22:32:32.333,0.99907386302948,1,0.9990686714649201,1
2026-02-09 22:32:32.440,0.9990919828414917,1,0.9990563213825225,1
2026-02-09 22:32:32.546,0.9990886449813843,1,0.9990319788455964,1
2026-02-09 22:32:32.653,0.9990707039833069,1,0.999002355337143,1
2026-02-09 22:32:32.760,0.9990324974060059,1,0.9989629328250885,1
2026-02-09 22:32:32.866,0.9989722967147827,1,0.9989046275615692,1
2026-02-09 22:32:32.973,0.9988178610801697,1,0.9988227844238281,1
2026-02-09 22:32:33.080,0.998772919178009,1,0.9987230122089386,1
2026-02-09 22:32:33.186,0.9986523985862732,1,0.9986221134662628,1
2026-02-09 22:32:33.293,0.9984731078147888,1,0.9985663712024688,1
2026-02-09 22:32:33.400,0.9982554316520691,1,0.9985107183456421,1
2026-02-09 22:32:33.506,0.9980942606925964,1,0.9984623432159424,1
2026-02-09 22:32:33.613,0.9980796575546265,1,0.9984337031841278,1
2026-02-09 22:32:33.720,0.9985132813453674,1,0.9984073460102081,1
2026-02-09 22:32:33.826,0.998475968837738,1,0.9984014570713043,1
2026-02-09 22:32:33.933,0.9984885454177856,1,0.9984125137329102,1
2026-02-09 22:32:34.040,0.9985314607620239,1,0.99844109416008,1
2026-02-09 22:32:34.146,0.9985093474388123,1,0.9984851479530334,1
2026-02-09 22:32:34.253,0.9985935091972351,1,0.9985395789146423,1
2026-02-09 22:32:34.360,0.9985836744308472,1,0.9985596358776092,1
2026-02-09 22:32:34.466,0.9985412359237671,1,0.998588502407074,1
2026-02-09 22:32:34.573,0.9985347986221313,1,0.9986176550388336,1
2026-02-09 22:32:34.680,0.9986239671707153,1,0.9986437737941742,1
2026-02-09 22:32:34.786,0.9987138509750366,1,0.9986717998981476,1
2026-02-09 22:32:34.893,0.9987646341323853,1,0.9987008035182953,1
2026-02-09 22:32:35.000,0.9987800717353821,1,0.998740816116333,1
2026-02-09 22:32:35.106,0.9987926483154297,1,0.9987927258014679,1
2026-02-09 22:32:35.213,0.9987896084785461,1,0.9988503694534302,1
2026-02-09 22:32:35.320,0.9988835453987122,1,0.9989008843898773,1
2026-02-09 22:32:35.426,0.9989838004112244,1,0.998941695690155,1
2026-02-09 22:32:35.533,0.999060332775116,1,0.9989788234233856,1
2026-02-09 22:32:35.640,0.9991112351417542,1,0.9990154504776001,1
2026-02-09 22:32:35.746,0.9991291165351868,1,0.9990532994270325,1
2026-02-09 22:32:35.853,0.9991219639778137,1,0.9990930080413818,1
2026-02-09 22:32:35.960,0.9991359114646912,1,0.9991204917430878,1
2026-02-09 22:32:36.066,0.9991463422775269,1,0.9991369724273682,1
2026-02-09 22:32:36.173,0.9991711378097534,1,0.9991474092006684,1
2026-02-09 22:32:36.280,0.9991866946220398,1,0.999153220653534,1
2026-02-09 22:32:36.386,0.9991583824157715,1,0.9991579413414001,1
2026-02-09 22:32:36.493,0.9991486072540283,1,0.9991667568683624,1
2026-02-09 22:32:36.600,0.9991647005081177,1,0.9991776823997498,1
2026-02-09 22:32:36.706,0.9991693496704102,1,0.9991911113262176,1
2026-02-09 22:32:36.813,0.9991763234138489,1,0.9992057979106903,1
2026-02-09 22:32:36.920,0.9992101192474365,1,0.9992202043533325,1
2026-02-09 22:32:37.026,0.9992451667785645,1,0.9992381751537323,1
2026-02-09 22:32:37.133,0.9992806315422058,1,0.9992573261260986,1
2026-02-09 22:32:37.240,0.99931800365448,1,0.9992750465869904,1
2026-02-09 22:32:37.346,0.9993307590484619,1,0.9992924690246582,1
2026-02-09 22:32:37.453,0.9993380904197693,1,0.9993094563484192,1
2026-02-09 22:32:37.560,0.9993401169776917,1,0.9993230044841767,1
2026-02-09 22:32:37.666,0.9993419051170349,1,0.999332869052887,1
2026-02-09 22:32:37.773,0.9993435740470886,1,0.9993390083312989,1
2026-02-09 22:32:37.880,0.9993461966514587,1,0.9993412315845489,1
2026-02-09 22:32:37.986,0.999345600605011,1,0.9993419528007508,1
2026-02-09 22:32:38.093,0.9993438124656677,1,0.9993425130844116,1
2026-02-09 22:32:38.200,0.9993420243263245,1,0.9993433833122254,1
2026-02-09 22:32:38.306,0.9993402361869812,1,0.9993443965911866,1
2026-02-09 22:32:38.413,0.9993379712104797,1,0.9993456125259399,1
2026-02-09 22:32:38.520,0.9993436932563782,1,0.9993468284606933,1
2026-02-09 22:32:38.626,0.9993488192558289,1,0.999347984790802,1
2026-02-09 22:32:38.733,0.9993520379066467,1,0.9993489980697632,1
2026-02-09 22:32:38.840,0.9993557333946228,1,0.9993498802185059,1
2026-02-09 22:32:38.946,0.9993583559989929,1,0.9993499159812927,1
2026-02-09 22:32:39.053,0.9993571639060974,1,0.9993495583534241,1
2026-02-09 22:32:39.160,0.9993539452552795,1,0.999346786737442,1
2026-02-09 22:32:39.266,0.9993508458137512,1,0.9993426918983459,1
2026-02-09 22:32:39.373,0.9993405938148499,1,0.9993370354175568,1
2026-02-09 22:32:39.480,0.9993343949317932,1,0.9993295490741729,1
2026-02-09 22:32:39.586,0.9993159770965576,1,0.9993198215961456,1
2026-02-09 22:32:39.693,0.9993078708648682,1,0.9993097960948945,1
2026-02-09 22:32:39.800,0.9992954730987549,1,0.9993001997470856,1
2026-02-09 22:32:39.906,0.9992808699607849,1,0.9992908418178559,1
2026-02-09 22:32:40.013,0.9992610812187195,1,0.9992811441421509,1
2026-02-09 22:32:40.120,0.9992569088935852,1,0.9992703497409821,1
2026-02-09 22:32:40.226,0.9992579817771912,1,0.9992575168609619,1
2026-02-09 22:32:40.333,0.9992572665214539,1,0.9992365717887879,1
2026-02-09 22:32:40.440,0.9992436170578003,1,0.9992124259471893,1
2026-02-09 22:32:40.546,0.999226450920105,1,0.9991825640201568,1
2026-02-09 22:32:40.653,0.9991876482963562,1,0.9991454780101776,1
2026-02-09 22:32:40.760,0.9990984201431274,1,0.9990842640399933,1
2026-02-09 22:32:40.866,0.9990540146827698,1,0.9990034699440002,1
2026-02-09 22:32:40.973,0.9989822506904602,1,0.9989075422286987,1
2026-02-09 22:32:41.080,0.998890221118927,1,0.9988047659397126,1
2026-02-09 22:32:41.186,0.9986447691917419,1,0.9986998617649079,1
2026-02-09 22:32:41.293,0.9984500408172607,1,0.9986416637897492,1
2026-02-09 22:32:41.400,0.9982979893684387,1,0.9986085951328277,1
2026-02-09 22:32:41.506,0.9982158541679382,1,0.9985970437526703,1
2026-02-09 22:32:41.613,0.9981774091720581,1,0.9986047208309173,1
2026-02-09 22:32:41.720,0.9986056685447693,1,0.9986267745494842,1
2026-02-09 22:32:41.826,0.9987677335739136,1,0.9986744940280914,1
2026-02-09 22:32:41.933,0.9989385008811951,1,0.9987422823905945,1
2026-02-09 22:32:42.040,0.9990590214729309,1,0.99882692694664,1
2026-02-09 22:32:42.146,0.999110758304596,1,0.9989227473735809,1
2026-02-09 22:32:42.253,0.9991219639778137,1,0.9990252494812012,1
2026-02-09 22:32:42.360,0.9991279244422913,1,0.9990863144397736,1
2026-02-09 22:32:42.466,0.999144434928894,1,0.9991328060626984,1
2026-02-09 22:32:42.573,0.9991740584373474,1,0.9991640388965607,1
2026-02-09 22:32:42.680,0.9992024302482605,1,0.999184912443161,1
2026-02-09 22:32:42.786,0.9992163181304932,1,0.9992016017436981,1
2026-02-09 22:32:42.893,0.9992326498031616,1,0.999220073223114,1
2026-02-09 22:32:43.000,0.9992508292198181,1,0.9992397367954254,1
2026-02-09 22:32:43.106,0.9992677569389343,1,0.9992588996887207,1
2026-02-09 22:32:43.213,0.999277651309967,1,0.9992757081985474,1
2026-02-09 22:32:43.320,0.9993066787719727,1,0.9992897987365723,1
2026-02-09 22:32:43.426,0.9993245601654053,1,0.9993020355701446,1
2026-02-09 22:32:43.533,0.9993360638618469,1,0.9993122220039368,1
2026-02-09 22:32:43.640,0.999342143535614,1,0.9993204236030578,1
2026-02-09 22:32:43.746,0.9993433356285095,1,0.999326103925705,1
2026-02-09 22:32:43.853,0.999338686466217,1,0.999329936504364,1
2026-02-09 22:32:43.960,0.9993345141410828,1,0.9993288397789002,1
2026-02-09 22:32:44.066,0.999332845211029,1,0.9993241846561431,1
2026-02-09 22:32:44.173,0.9993245601654053,1,0.9993166029453278,1
2026-02-09 22:32:44.280,0.9993159770965576,1,0.9993062138557434,1
2026-02-09 22:32:44.386,0.999295711517334,1,0.9992919445037842,1
2026-02-09 22:32:44.493,0.9992780089378357,1,0.9992772340774536,1
2026-02-09 22:32:44.600,0.9992602467536926,1,0.9992639780044555,1
2026-02-09 22:32:44.706,0.9992382526397705,1,0.9992522776126862,1
2026-02-09 22:32:44.813,0.9992006421089172,1,0.9992423355579376,1
2026-02-09 22:32:44.920,0.9991915822029114,1,0.9992331802845001,1
2026-02-09 22:32:45.026,0.9992019534111023,1,0.9992248237133026,1
2026-02-09 22:32:45.133,0.999215841293335,1,0.999216479063034,1
2026-02-09 22:32:45.240,0.9992251396179199,1,0.999208003282547,1
2026-02-09 22:32:45.346,0.9992244243621826,1,0.99919895529747,1
2026-02-09 22:32:45.453,0.9992121458053589,1,0.9991883873939514,1
2026-02-09 22:32:45.560,0.9991945624351501,1,0.9991755962371827,1
2026-02-09 22:32:45.666,0.999175488948822,1,0.9991600990295411,1
2026-02-09 22:32:45.773,0.9991477727890015,1,0.9991449654102326,1
2026-02-09 22:32:45.880,0.9990949630737305,1,0.9991281867027283,1
2026-02-09 22:32:45.986,0.9990636706352234,1,0.999111944437027,1
2026-02-09 22:32:46.093,0.9990469813346863,1,0.9991021394729614,1
2026-02-09 22:32:46.200,0.9990645051002502,1,0.9990977346897125,1
2026-02-09 22:32:46.306,0.9990573525428772,1,0.999098128080368,1
2026-02-09 22:32:46.413,0.9990620017051697,1,0.9991031408309936,1
2026-02-09 22:32:46.520,0.9991140961647034,1,0.9991134464740753,1
2026-02-09 22:32:46.626,0.9991505146026611,1,0.9991253554821015,1
2026-02-09 22:32:46.733,0.9991794228553772,1,0.9991360425949096,1
2026-02-09 22:32:46.840,0.9991979002952576,1,0.9991411685943603,1
2026-02-09 22:32:46.946,0.9991980195045471,1,0.9991415023803711,1
2026-02-09 22:32:47.053,0.9991827607154846,1,0.9991348505020141,1
2026-02-09 22:32:47.160,0.9991538524627686,1,0.999118572473526,1
2026-02-09 22:32:47.266,0.9991157650947571,1,0.9990892708301544,1
2026-02-09 22:32:47.373,0.9990606904029846,1,0.9990453064441681,1
2026-02-09 22:32:47.480,0.9989954829216003,1,0.9989885866641999,1
2026-02-09 22:32:47.586,0.9989513158798218,1,0.9989413678646087,1
2026-02-09 22:32:47.693,0.9988574981689453,1,0.9989095091819763,1
2026-02-09 22:32:47.800,0.9987397789955139,1,0.9988920211791992,1
2026-02-09 22:32:47.906,0.998630702495575,1,0.9988894522190094,1
2026-02-09 22:32:48.013,0.9987258315086365,1,0.998900693655014,1
2026-02-09 22:32:48.120,0.9988641738891602,1,0.9989157795906067,1
2026-02-09 22:32:48.226,0.9989789724349976,1,0.9989255487918853,1
2026-02-09 22:32:48.333,0.9990900754928589,1,0.9989371120929718,1
2026-02-09 22:32:48.440,0.999173104763031,1,0.9989518105983735,1
2026-02-09 22:32:48.546,0.9991463422775269,1,0.9989726722240448,1
2026-02-09 22:32:48.653,0.9990490078926086,1,0.9989769160747528,1
2026-02-09 22:32:48.760,0.9989731311798096,1,0.9989697217941285,1
2026-02-09 22:32:48.866,0.99888676404953,1,0.9989507257938385,1
2026-02-09 22:32:48.973,0.9988393187522888,1,0.9989243268966674,1
2026-02-09 22:32:49.080,0.9987682700157166,1,0.9988975942134857,1
2026-02-09 22:32:49.186,0.9987922310829163,1,0.9988834857940674,1
2026-02-09 22:32:49.293,0.9987890124320984,1,0.998884093761444,1
2026-02-09 22:32:49.400,0.9988260865211487,1,0.9988945007324219,1
2026-02-09 22:32:49.506,0.9989057779312134,1,0.9989148437976837,1
2026-02-09 22:32:49.613,0.9990052580833435,1,0.9989411354064941,1
2026-02-09 22:32:49.720,0.9990550875663757,1,0.9989761233329773,1
2026-02-09 22:32:49.826,0.9990772008895874,1,0.9990092158317566,1
2026-02-09 22:32:49.933,0.9990901947021484,1,0.9990439891815186,1
2026-02-09 22:32:50.040,0.9991022348403931,1,0.9990765154361725,1
2026-02-09 22:32:50.146,0.9991181492805481,1,0.9991027534008026,1
2026-02-09 22:32:50.253,0.9991231560707092,1,0.9991204679012299,1
2026-02-09 22:32:50.360,0.999136745929718,1,0.9991374373435974,1
2026-02-09 22:32:50.466,0.999151349067688,1,0.9991537213325501,1
2026-02-09 22:32:50.573,0.9991681575775146,1,0.9991694688796997,1
2026-02-09 22:32:50.680,0.999182403087616,1,0.9991843640804291,1
2026-02-09 22:32:50.786,0.9992247819900513,1,0.9991998851299286,1
2026-02-09 22:32:50.893,0.9992400407791138,1,0.9992160379886628,1
2026-02-09 22:32:51.000,0.999247670173645,1,0.9992317199707031,1
2026-02-09 22:32:51.106,0.9992511868476868,1,0.9992465019226074,1
2026-02-09 22:32:51.213,0.9992733597755432,1,0.9992598533630371,1
2026-02-09 22:32:51.320,0.9992846846580505,1,0.9992718636989594,1
2026-02-09 22:32:51.426,0.9992935657501221,1,0.9992799818515777,1
2026-02-09 22:32:51.533,0.999299168586731,1,0.9992874920368194,1
2026-02-09 22:32:51.640,0.9993016719818115,1,0.999295562505722,1
2026-02-09 22:32:51.746,0.9993025064468384,1,0.9993042528629303,1
2026-02-09 22:32:51.853,0.9993059635162354,1,0.9993107974529266,1
2026-02-09 22:32:51.960,0.9993151426315308,1,0.9993162095546723,1
2026-02-09 22:32:52.066,0.9993283748626709,1,0.9993202447891235,1
2026-02-09 22:32:52.173,0.9993380904197693,1,0.9993232846260071,1
2026-02-09 22:32:52.280,0.9993388056755066,1,0.999325180053711,1
2026-02-09 22:32:52.386,0.9993388056755066,1,0.9993277668952942,1
2026-02-09 22:32:52.493,0.999333918094635,1,0.9993308961391449,1
2026-02-09 22:32:52.600,0.9993295669555664,1,0.9993335247039795,1
2026-02-09 22:32:52.706,0.9993206262588501,1,0.9993352591991425,1
2026-02-09 22:32:52.813,0.9993283748626709,1,0.9993362605571747,1
2026-02-09 22:32:52.920,0.9993372559547424,1,0.999336975812912,1
2026-02-09 22:32:53.026,0.9993414282798767,1,0.9993373811244964,1
2026-02-09 22:32:53.133,0.9993457198143005,1,0.9993376076221466,1
2026-02-09 22:32:53.240,0.9993481040000916,1,0.9993378281593323,1
2026-02-09 22:32:53.346,0.9993459582328796,1,0.9993389308452606,1
2026-02-09 22:32:53.453,0.9993428587913513,1,0.9993383824825287,1
2026-02-09 22:32:53.560,0.9993361830711365,1,0.9993358492851258,1
2026-02-09 22:32:53.666,0.9993317723274231,1,0.9993315398693084,1
2026-02-09 22:32:53.773,0.9993316531181335,1,0.9993251144886017,1
2026-02-09 22:32:53.880,0.9993228912353516,1,0.9993171632289887,1
2026-02-09 22:32:53.986,0.9993119239807129,1,0.9993103444576263,1
2026-02-09 22:32:54.093,0.9992983341217041,1,0.9993042647838593,1
2026-02-09 22:32:54.200,0.9992814660072327,1,0.9992986619472504,1
2026-02-09 22:32:54.306,0.9992685914039612,1,0.9992931425571442,1
2026-02-09 22:32:54.413,0.9992777705192566,1,0.9992868959903717,1
2026-02-09 22:32:54.520,0.9992820620536804,1,0.9992795348167419,1
2026-02-09 22:32:54.626,0.9992801547050476,1,0.9992684185504913,1
2026-02-09 22:32:54.733,0.9992765784263611,1,0.9992577195167541,1
2026-02-09 22:32:54.840,0.9992691874504089,1,0.9992481946945191,1
2026-02-09 22:32:54.946,0.999249279499054,1,0.999239194393158,1
2026-02-09 22:32:55.053,0.9992007613182068,1,0.9992274940013885,1
2026-02-09 22:32:55.160,0.9991913437843323,1,0.9992129027843475,1
2026-02-09 22:32:55.266,0.9991862177848816,1,0.9991990327835083,1
2026-02-09 22:32:55.373,0.9991785883903503,1,0.9991863906383515,1
2026-02-09 22:32:55.480,0.9991607666015625,1,0.9991740465164185,1
2026-02-09 22:32:55.586,0.9991361498832703,1,0.9991704165935517,1
2026-02-09 22:32:55.693,0.9991414546966553,1,0.999176424741745,1
2026-02-09 22:32:55.800,0.9991501569747925,1,0.9991852343082428,1
2026-02-09 22:32:55.906,0.9991457462310791,1,0.9991954147815705,1
2026-02-09 22:32:56.013,0.9992129802703857,1,0.9992063999176025,1
2026-02-09 22:32:56.120,0.9992608428001404,1,0.9992183387279511,1
2026-02-09 22:32:56.226,0.9992794394493103,1,0.9992317140102387,1
2026-02-09 22:32:56.333,0.999288022518158,1,0.9992433905601501,1
2026-02-09 22:32:56.440,0.9992884397506714,1,0.9992528676986694,1
2026-02-09 22:32:56.546,0.9992801547050476,1,0.9992615461349488,1
2026-02-09 22:32:56.653,0.9992699027061462,1,0.9992621302604675,1
2026-02-09 22:32:56.760,0.9992582201957703,1,0.9992560505867004,1
2026-02-09 22:32:56.866,0.9992449283599854,1,0.9992462992668152,1
2026-02-09 22:32:56.973,0.9992325305938721,1,0.9992333352565765,1
2026-02-09 22:32:57.080,0.9992188215255737,1,0.9992173790931702,1
2026-02-09 22:32:57.186,0.9992000460624695,1,0.9992027044296264,1
2026-02-09 22:32:57.293,0.9991819262504578,1,0.9991893887519836,1
2026-02-09 22:32:57.400,0.9991583824157715,1,0.9991758584976196,1
2026-02-09 22:32:57.506,0.9991288781166077,1,0.9991638123989105,1
2026-02-09 22:32:57.613,0.9991334080696106,1,0.9991522789001465,1
2026-02-09 22:32:57.720,0.999136745929718,1,0.9991369783878327,1
2026-02-09 22:32:57.826,0.9991229176521301,1,0.9991123080253601,1
2026-02-09 22:32:57.933,0.9991244673728943,1,0.9990814447402954,1
2026-02-09 22:32:58.040,0.9991171956062317,1,0.9990506768226624,1
2026-02-09 22:32:58.146,0.9990658164024353,1,0.9990195274353028,1
2026-02-09 22:32:58.253,0.9989533424377441,1,0.9989878833293915,1
2026-02-09 22:32:58.360,0.9988732933998108,1,0.9989557862281799,1
2026-02-09 22:32:58.466,0.9988507032394409,1,0.9989265561103821,1
2026-02-09 22:32:58.573,0.9988173842430115,1,0.9989010572433472,1
2026-02-09 22:32:58.680,0.998816967010498,1,0.9988882184028626,1
2026-02-09 22:32:58.786,0.9988157749176025,1,0.9988952875137329,1
2026-02-09 22:32:58.893,0.9988306164741516,1,0.9989180743694306,1
2026-02-09 22:32:59.000,0.9988694787025452,1,0.9989506304264069,1
2026-02-09 22:32:59.106,0.9989888072013855,1,0.9989865124225616,1
2026-02-09 22:32:59.213,0.9991365075111389,1,0.9990269303321838,1
2026-02-09 22:32:59.320,0.9991812109947205,1,0.9990674734115601,1
2026-02-09 22:32:59.426,0.999198853969574,1,0.999107813835144,1
2026-02-09 22:32:59.533,0.9992095232009888,1,0.9991474092006684,1
2026-02-09 22:32:59.640,0.9992215633392334,1,0.9991837739944458,1
2026-02-09 22:32:59.746,0.9992223978042603,1,0.9992086827754975,1
2026-02-09 22:32:59.853,0.9992191791534424,1,0.9992188692092896,1
2026-02-09 22:32:59.960,0.9992265701293945,1,0.999223655462265,1
2026-02-09 22:33:00.066,0.9992331266403198,1,0.9992269277572632,1
2026-02-09 22:33:00.173,0.9992378950119019,1,0.9992276072502136,1
2026-02-09 22:33:00.280,0.9992383718490601,1,0.9992271184921264,1
2026-02-09 22:33:00.386,0.9992290735244751,1,0.9992268800735473,1
2026-02-09 22:33:00.493,0.9992315769195557,1,0.9992271661758423,1
2026-02-09 22:33:00.600,0.9992163181304932,1,0.9992270112037659,1
2026-02-09 22:33:00.706,0.9992166757583618,1,0.9992261171340943,1
2026-02-09 22:33:00.813,0.9992200136184692,1,0.9992231667041779,1
2026-02-09 22:33:00.920,0.9992220401763916,1,0.9992161095142365,1
2026-02-09 22:33:01.026,0.9992250204086304,1,0.9992040991783142,1
2026-02-09 22:33:01.133,0.9992241859436035,1,0.999189031124115,1
2026-02-09 22:33:01.240,0.999208390712738,1,0.9991742908954621,1
2026-02-09 22:33:01.346,0.999167799949646,1,0.9991586804389954,1
2026-02-09 22:33:01.453,0.9991089701652527,1,0.9991412937641144,1
2026-02-09 22:33:01.560,0.9990808963775635,1,0.9991219937801361,1
2026-02-09 22:33:01.666,0.9990689158439636,1,0.9990997672080993,1
2026-02-09 22:33:01.773,0.9990605711936951,1,0.9990774095058441,1
2026-02-09 22:33:01.880,0.9990461468696594,1,0.9990622341632843,1
2026-02-09 22:33:01.986,0.9990290403366089,1,0.9990549743175506,1
2026-02-09 22:33:02.093,0.9990027546882629,1,0.9990646421909333,1
2026-02-09 22:33:02.200,0.999000608921051,1,0.9990796625614167,1
2026-02-09 22:33:02.306,0.9990566372871399,1,0.999097466468811,1
2026-02-09 22:33:02.413,0.9990952014923096,1,0.9991166114807128,1
2026-02-09 22:33:02.520,0.9992056488990784,1,0.9991376519203186,1
2026-02-09 22:33:02.626,0.9992311000823975,1,0.999160760641098,1
2026-02-09 22:33:02.733,0.9992469549179077,1,0.9991869151592254,1
2026-02-09 22:33:02.840,0.9992520213127136,1,0.9992141902446747,1
2026-02-09 22:33:02.946,0.9992565512657166,1,0.999236112833023,1
2026-02-09 22:33:03.053,0.9992601275444031,1,0.9992540597915649,1
2026-02-09 22:33:03.160,0.9992642998695374,1,0.9992603302001953,1
2026-02-09 22:33:03.266,0.9992733597755432,1,0.9992627322673797,1
2026-02-09 22:33:03.373,0.9992758631706238,1,0.9992619931697846,1
2026-02-09 22:33:03.480,0.9992746710777283,1,0.9992611527442932,1
2026-02-09 22:33:03.586,0.9992683529853821,1,0.9992600858211518,1
2026-02-09 22:33:03.693,0.9992551207542419,1,0.9992592036724091,1
2026-02-09 22:33:03.800,0.9992395639419556,1,0.9992582499980927,1
2026-02-09 22:33:03.906,0.9992436170578003,1,0.9992563426494598,1
2026-02-09 22:33:04.013,0.9992458820343018,1,0.9992518663406372,1
2026-02-09 22:33:04.120,0.9992513060569763,1,0.9992459118366241,1
2026-02-09 22:33:04.226,0.9992547631263733,1,0.9992333292961121,1
2026-02-09 22:33:04.333,0.9992542862892151,1,0.9992205858230591,1
2026-02-09 22:33:04.440,0.9992311000823975,1,0.9992110967636109,1
2026-02-09 22:33:04.546,0.9992151260375977,1,0.9992000162601471,1
2026-02-09 22:33:04.653,0.9991425275802612,1,0.9991857349872589,1
2026-02-09 22:33:04.760,0.9991276860237122,1,0.9991677403450012,1
2026-02-09 22:33:04.866,0.9991446733474731,1,0.9991457998752594,1
2026-02-09 22:33:04.973,0.9991328120231628,1,0.9991211950778961,1
2026-02-09 22:33:05.080,0.9991030693054199,1,0.9991013705730438,1
2026-02-09 22:33:05.186,0.9990713596343994,1,0.9990857601165771,1
2026-02-09 22:33:05.293,0.9990353584289551,1,0.9990793108940125,1
2026-02-09 22:33:05.400,0.9990082383155823,1,0.9990766704082489,1
2026-02-09 22:33:05.506,0.9990328550338745,1,0.9990747928619385,1
2026-02-09 22:33:05.613,0.9990590214729309,1,0.9990776360034943,1
2026-02-09 22:33:05.720,0.9990780353546143,1,0.9990848422050476,1
2026-02-09 22:33:05.826,0.9991012811660767,1,0.9990954339504242,1
2026-02-09 22:33:05.933,0.9991258978843689,1,0.9991103529930114,1
2026-02-09 22:33:06.040,0.9991612434387207,1,0.9991290807723999,1
2026-02-09 22:33:06.146,0.9991751313209534,1,0.9991455495357513,1
2026-02-09 22:33:06.253,0.9991772770881653,1,0.9991578042507172,1
2026-02-09 22:33:06.360,0.9991845488548279,1,0.9991649806499481,1
2026-02-09 22:33:06.466,0.9991955161094666,1,0.9991639912128448,1
2026-02-09 22:33:06.573,0.9991975426673889,1,0.9991555988788605,1
2026-02-09 22:33:06.680,0.9991815686225891,1,0.9991459131240845,1
2026-02-09 22:33:06.786,0.9991497993469238,1,0.9991371929645538,1
2026-02-09 22:33:06.893,0.999091386795044,1,0.9991302073001862,1
2026-02-09 22:33:07.000,0.9990419745445251,1,0.9991241037845612,1
2026-02-09 22:33:07.106,0.9990643858909607,1,0.9991182267665863,1
2026-02-09 22:33:07.213,0.999087929725647,1,0.9991131544113159,1
2026-02-09 22:33:07.320,0.9991074204444885,1,0.9991109430789947,1
2026-02-09 22:33:07.426,0.9991235136985779,1,0.9991135001182556,1
2026-02-09 22:33:07.533,0.999136745929718,1,0.9991234838962555,1
2026-02-09 22:33:07.640,0.9991468191146851,1,0.9991399347782135,1
2026-02-09 22:33:07.746,0.9991594552993774,1,0.999152022600174,1
2026-02-09 22:33:07.853,0.9991753697395325,1,0.9991623640060425,1
2026-02-09 22:33:07.960,0.9991912245750427,1,0.9991725981235504,1
2026-02-09 22:33:08.066,0.9992064833641052,1,0.9991816282272339,1
2026-02-09 22:33:08.173,0.9991852641105652,1,0.9991890251636505,1
2026-02-09 22:33:08.280,0.9991913437843323,1,0.9991966784000397,1
2026-02-09 22:33:08.386,0.9992097616195679,1,0.9992045342922211,1
2026-02-09 22:33:08.493,0.9992138147354126,1,0.9992127597332001,1
2026-02-09 22:33:08.600,0.9992107152938843,1,0.9992213785648346,1
2026-02-09 22:33:08.706,0.9992233514785767,1,0.9992303490638733,1
2026-02-09 22:33:08.813,0.9992380142211914,1,0.9992426097393036,1
2026-02-09 22:33:08.920,0.9992576241493225,1,0.9992546439170837,1
2026-02-09 22:33:09.026,0.9992774128913879,1,0.999264919757843,1
2026-02-09 22:33:09.133,0.9992961883544922,1,0.9992750883102417,1
2026-02-09 22:33:09.240,0.9993078708648682,1,0.9992858648300171,1
2026-02-09 22:33:09.346,0.9993116855621338,1,0.9992947340011596,1
2026-02-09 22:33:09.453,0.9993125200271606,1,0.9993014097213745,1
2026-02-09 22:33:09.560,0.9993155002593994,1,0.9993062436580658,1
2026-02-09 22:33:09.666,0.9993184804916382,1,0.9993091225624084,1
2026-02-09 22:33:09.773,0.9993120431900024,1,0.9993105292320251,1
2026-02-09 22:33:09.880,0.9993047714233398,1,0.9993117451667786,1
2026-02-09 22:33:09.986,0.9993059635162354,1,0.9993132591247559,1
2026-02-09 22:33:10.093,0.9993062019348145,1,0.9993152558803559,1
2026-02-09 22:33:10.200,0.9993102550506592,1,0.999317216873169,1
2026-02-09 22:33:10.306,0.9993200302124023,1,0.999319189786911,1
2026-02-09 22:33:10.413,0.9993268251419067,1,0.9993214011192322,1
2026-02-09 22:33:10.520,0.9993324875831604,1,0.9993234395980835,1
2026-02-09 22:33:10.626,0.9993351101875305,1,0.9993249416351319,1
2026-02-09 22:33:10.733,0.9993382096290588,1,0.999326479434967,1
2026-02-09 22:33:10.840,0.9993341565132141,1,0.9993275046348572,1
2026-02-09 22:33:10.946,0.999325156211853,1,0.9993261933326721,1
2026-02-09 22:33:11.053,0.9993209838867188,1,0.9993225693702698,1
2026-02-09 22:33:11.160,0.9993215799331665,1,0.9993167519569397,1
2026-02-09 22:33:11.266,0.9993205070495605,1,0.9993085861206055,1
2026-02-09 22:33:11.373,0.9993069171905518,1,0.9992988407611847,1
2026-02-09 22:33:11.480,0.9992905855178833,1,0.9992900133132935,1
2026-02-09 22:33:11.586,0.9992743134498596,1,0.9992829978466033,1
2026-02-09 22:33:11.693,0.9992534518241882,1,0.9992769479751586,1
2026-02-09 22:33:11.800,0.9992407560348511,1,0.9992716252803803,1
2026-02-09 22:33:11.906,0.9992458820343018,1,0.9992666840553284,1
2026-02-09 22:33:12.013,0.9992550015449524,1,0.999263709783554,1
2026-02-09 22:33:12.120,0.9992604851722717,1,0.9992626667022705,1
2026-02-09 22:33:12.226,0.9992683529853821,1,0.9992632389068603,1
2026-02-09 22:33:12.333,0.9992710947990417,1,0.999265992641449,1
2026-02-09 22:33:12.440,0.9992771744728088,1,0.9992697775363922,1
2026-02-09 22:33:12.546,0.9992801547050476,1,0.9992719769477845,1
2026-02-09 22:33:12.653,0.9992800354957581,1,0.9992720603942871,1
2026-02-09 22:33:12.760,0.9992809891700745,1,0.9992702066898346,1
2026-02-09 22:33:12.866,0.9992786049842834,1,0.9992647051811219,1
2026-02-09 22:33:12.973,0.9992678761482239,1,0.9992569565773011,1
2026-02-09 22:33:13.080,0.9992558360099792,1,0.999245411157608,1
2026-02-09 22:33:13.186,0.9992419481277466,1,0.9992275595664978,1
2026-02-09 22:33:13.293,0.9992133378982544,1,0.9992096841335296,1
2026-02-09 22:33:13.400,0.9991936087608337,1,0.9991933882236481,1
2026-02-09 22:33:13.506,0.9991617202758789,1,0.9991797208786011,1
2026-02-09 22:33:13.613,0.9991016387939453,1,0.9991685688495636,1
2026-02-09 22:33:13.720,0.9991012811660767,1,0.9991609156131744,1
2026-02-09 22:33:13.826,0.9991180300712585,1,0.9991548180580139,1
2026-02-09 22:33:13.933,0.9991419315338135,1,0.9991515100002288,1
2026-02-09 22:33:14.040,0.9991563558578491,1,0.999148964881897,1
2026-02-09 22:33:14.146,0.9991793036460876,1,0.9991467118263244,1
2026-02-09 22:33:14.253,0.9991809725761414,1,0.9991463899612427,1
2026-02-09 22:33:14.360,0.999180257320404,1,0.9991419374942779,1
2026-02-09 22:33:14.466,0.9991681575775146,1,0.9991299927234649,1
2026-02-09 22:33:14.573,0.9991391897201538,1,0.9991164565086365,1
2026-02-09 22:33:14.680,0.9990984201431274,1,0.9991045236587525,1
2026-02-09 22:33:14.786,0.9990567564964294,1,0.9990964114665986,1
2026-02-09 22:33:14.893,0.9989985823631287,1,0.9990923643112183,1
2026-02-09 22:33:15.000,0.9990065693855286,1,0.9990945219993591,1
2026-02-09 22:33:15.106,0.9990370273590088,1,0.9991007328033448,1
2026-02-09 22:33:15.213,0.9990981817245483,1,0.9991115927696228,1
2026-02-09 22:33:15.320,0.9991405010223389,1,0.9991292655467987,1
2026-02-09 22:33:15.426,0.9992018342018127,1,0.9991525530815124,1
2026-02-09 22:33:15.533,0.9992302656173706,1,0.999183064699173,1
2026-02-09 22:33:15.640,0.9992477893829346,1,0.9992124438285828,1
2026-02-09 22:33:15.746,0.9992751479148865,1,0.9992379665374755,1
2026-02-09 22:33:15.853,0.9992896318435669,1,0.9992555320262909,1
2026-02-09 22:33:15.960,0.9993036985397339,1,0.9992677450180054,1
2026-02-09 22:33:16.066,0.9993003606796265,1,0.9992726922035218,1
2026-02-09 22:33:16.173,0.999292254447937,1,0.9992749273777009,1
2026-02-09 22:33:16.280,0.9992738366127014,1,0.999276089668274,1
2026-02-09 22:33:16.386,0.9992626309394836,1,0.9992751359939576,1
2026-02-09 22:33:16.493,0.9992513060569763,1,0.9992734611034393,1
2026-02-09 22:33:16.600,0.9992526173591614,1,0.9992714405059815,1
2026-02-09 22:33:16.706,0.9992594122886658,1,0.9992694318294525,1
2026-02-09 22:33:16.813,0.9992656111717224,1,0.999267864227295,1
2026-02-09 22:33:16.920,0.999272882938385,1,0.999267315864563,1
2026-02-09 22:33:17.026,0.999283492565155,1,0.9992676258087159,1
2026-02-09 22:33:17.133,0.9992802739143372,1,0.999268651008606,1
2026-02-09 22:33:17.240,0.9992765784263611,1,0.9992686986923218,1
2026-02-09 22:33:17.346,0.9992683529853821,1,0.9992677927017212,1
2026-02-09 22:33:17.453,0.999265730381012,1,0.9992660999298095,1
2026-02-09 22:33:17.560,0.9992615580558777,1,0.9992622792720794,1
2026-02-09 22:33:17.666,0.9992530941963196,1,0.9992555856704712,1
2026-02-09 22:33:17.773,0.9992503523826599,1,0.9992502868175507,1
2026-02-09 22:33:17.880,0.9992486834526062,1,0.9992465734481811,1
2026-02-09 22:33:17.986,0.999234676361084,1,0.9992445468902588,1
2026-02-09 22:33:18.093,0.9992165565490723,1,0.999243700504303,1
2026-02-09 22:33:18.200,0.9992272853851318,1,0.9992435097694397,1
2026-02-09 22:33:18.306,0.999239444732666,1,0.9992437958717346,1
2026-02-09 22:33:18.413,0.9992480874061584,1,0.9992439389228821,1
2026-02-09 22:33:18.520,0.9992572665214539,1,0.9992438018321991,1
2026-02-09 22:33:18.626,0.9992596507072449,1,0.9992444813251495,1
2026-02-09 22:33:18.733,0.9992559552192688,1,0.9992465198040008,1
2026-02-09 22:33:18.840,0.9992517828941345,1,0.999247008562088,1
2026-02-09 22:33:18.946,0.9992473125457764,1,0.999245423078537,1
2026-02-09 22:33:19.053,0.9992414712905884,1,0.9992423176765441,1
2026-02-09 22:33:19.160,0.9992369413375854,1,0.9992373943328857,1
2026-02-09 22:33:19.266,0.9992321729660034,1,0.9992318511009216,1
2026-02-09 22:33:19.373,0.9992235898971558,1,0.9992288768291473,1
2026-02-09 22:33:19.480,0.9992170333862305,1,0.9992279529571533,1
2026-02-09 22:33:19.586,0.9992080330848694,1,0.9992271184921264,1
2026-02-09 22:33:19.693,0.9992042183876038,1,0.9992272853851318,1
2026-02-09 22:33:19.800,0.9992262125015259,1,0.999228036403656,1
2026-02-09 22:33:19.906,0.9992425441741943,1,0.9992284297943115,1
2026-02-09 22:33:20.013,0.9992389678955078,1,0.9992275953292846,1
2026-02-09 22:33:20.120,0.9992431402206421,1,0.9992220401763916,1
2026-02-09 22:33:20.226,0.9992444515228271,1,0.9992107689380646,1
2026-02-09 22:33:20.333,0.9992361068725586,1,0.9991968929767608,1
2026-02-09 22:33:20.440,0.9992152452468872,1,0.9991761386394501,1
2026-02-09 22:33:20.546,0.9991614818572998,1,0.9991464972496032,1
2026-02-09 22:33:20.653,0.9990953207015991,1,0.9991125345230103,1
2026-02-09 22:33:20.760,0.9990654587745667,1,0.9990760505199432,1
2026-02-09 22:33:20.866,0.999018669128418,1,0.9990417659282684,1
2026-02-09 22:33:20.973,0.9989461302757263,1,0.9990145862102509,1
2026-02-09 22:33:21.080,0.9988993406295776,1,0.9989914298057556,1
2026-02-09 22:33:21.186,0.9988783001899719,1,0.998971450328827,1
2026-02-09 22:33:21.293,0.9989016056060791,1,0.9989538550376892,1
2026-02-09 22:33:21.400,0.9989643096923828,1,0.9989336907863617,1
2026-02-09 22:33:21.506,0.9989836812019348,1,0.9989076912403106,1
2026-02-09 22:33:21.613,0.9989616870880127,1,0.9988726556301117,1
2026-02-09 22:33:21.720,0.9989193677902222,1,0.9988398015499115,1
2026-02-09 22:33:21.826,0.9988638162612915,1,0.9988110482692718,1
2026-02-09 22:33:21.933,0.9987586736679077,1,0.9987765073776245,1
2026-02-09 22:33:22.040,0.9985957741737366,1,0.9987295031547546,1
2026-02-09 22:33:22.146,0.9985707998275757,1,0.9986761629581451,1
2026-02-09 22:33:22.253,0.9985907673835754,1,0.9986368596553803,1
2026-02-09 22:33:22.360,0.9985561966896057,1,0.998613977432251,1
2026-02-09 22:33:22.466,0.9984942674636841,1,0.9986020565032959,1
2026-02-09 22:33:22.573,0.9984502792358398,1,0.9986044466495514,1
2026-02-09 22:33:22.680,0.9985686540603638,1,0.9986291766166687,1
2026-02-09 22:33:22.786,0.9986905455589294,1,0.9986654341220855,1
2026-02-09 22:33:22.893,0.9987446069717407,1,0.9987036108970642,1
2026-02-09 22:33:23.000,0.9987825751304626,1,0.9987470030784606,1
2026-02-09 22:33:23.106,0.9988430738449097,1,0.9987958610057831,1
2026-02-09 22:33:23.213,0.9989333748817444,1,0.9988541901111603,1
2026-02-09 22:33:23.320,0.9989725351333618,1,0.99891037940979,1
2026-02-09 22:33:23.426,0.9989901185035706,1,0.9989603281021118,1
2026-02-09 22:33:23.533,0.998982846736908,1,0.9990088224411011,1
2026-02-09 22:33:23.640,0.9990335702896118,1,0.999054628610611,1
2026-02-09 22:33:23.746,0.9991305470466614,1,0.9990947902202606,1
2026-02-09 22:33:23.853,0.9991900324821472,1,0.9991264879703522,1
2026-02-09 22:33:23.960,0.9992295503616333,1,0.999154019355774,1
2026-02-09 22:33:24.066,0.9992406368255615,1,0.9991804242134095,1
2026-02-09 22:33:24.173,0.9992446899414062,1,0.9992092967033386,1
2026-02-09 22:33:24.280,0.9992503523826599,1,0.9992347419261932,1
2026-02-09 22:33:24.386,0.9992478489875793,1,0.9992514848709106,1
2026-02-09 22:33:24.493,0.9992541670799255,1,0.9992630064487458,1
2026-02-09 22:33:24.600,0.9992715716362,1,0.9992707669734955,1
2026-02-09 22:33:24.706,0.999288022518158,1,0.9992780387401581,1
2026-02-09 22:33:24.813,0.9992979764938354,1,0.9992851674556732,1
2026-02-09 22:33:24.920,0.999305248260498,1,0.999291718006134,1
2026-02-09 22:33:25.026,0.9993071556091309,1,0.9992986977100372,1
2026-02-09 22:33:25.133,0.9993133544921875,1,0.9993046998977662,1
2026-02-09 22:33:25.240,0.9993159770965576,1,0.9993083894252777,1
2026-02-09 22:33:25.346,0.9993158578872681,1,0.9993095874786377,1
2026-02-09 22:33:25.453,0.9993176460266113,1,0.9993075549602508,1
2026-02-09 22:33:25.560,0.9993141889572144,1,0.9993029832839966,1
2026-02-09 22:33:25.666,0.9993084669113159,1,0.9992965936660767,1
2026-02-09 22:33:25.773,0.9993000030517578,1,0.9992891430854798,1
2026-02-09 22:33:25.880,0.999277651309967,1,0.9992819428443909,1
2026-02-09 22:33:25.986,0.9992595314979553,1,0.9992732286453248,1
2026-02-09 22:33:26.093,0.9992432594299316,1,0.9992608845233917,1
2026-02-09 22:33:26.200,0.9992388486862183,1,0.999246460199356,1
2026-02-09 22:33:26.306,0.999243974685669,1,0.9992293655872345,1
2026-02-09 22:33:26.413,0.9992287158966064,1,0.9992090284824371,1
2026-02-09 22:33:26.520,0.9991942048072815,1,0.9991874039173126,1
2026-02-09 22:33:26.626,0.9991699457168579,1,0.9991649508476257,1
2026-02-09 22:33:26.733,0.9991375207901001,1,0.9991415858268737,1
2026-02-09 22:33:26.840,0.9990966320037842,1,0.9991173446178436,1
2026-02-09 22:33:26.946,0.9990614056587219,1,0.9990952670574188,1
2026-02-09 22:33:27.053,0.9990350008010864,1,0.9990750253200531,1
2026-02-09 22:33:27.160,0.9990096092224121,1,0.9990541756153106,1
2026-02-09 22:33:27.266,0.9989964365959167,1,0.9990347802639008,1
2026-02-09 22:33:27.373,0.9990231990814209,1,0.9990190625190735,1
2026-02-09 22:33:27.480,0.9990262985229492,1,0.9990088045597076,1
2026-02-09 22:33:27.586,0.9989857077598572,1,0.9990042328834534,1
2026-02-09 22:33:27.693,0.9989759922027588,1,0.9990040540695191,1
2026-02-09 22:33:27.800,0.9989803433418274,1,0.9990057110786438,1
2026-02-09 22:33:27.906,0.9989940524101257,1,0.9990085899829865,1
2026-02-09 22:33:28.013,0.9990156888961792,1,0.9990083992481231,1
2026-02-09 22:33:28.120,0.9990332126617432,1,0.9990105152130127,1
2026-02-09 22:33:28.226,0.9990261793136597,1,0.999017596244812,1
2026-02-09 22:33:28.333,0.9990252256393433,1,0.9990216970443726,1
2026-02-09 22:33:28.440,0.9990212917327881,1,0.9990209400653839,1
2026-02-09 22:33:28.546,0.9990474581718445,1,0.9990161001682282,1
2026-02-09 22:33:28.653,0.9990565180778503,1,0.9990074753761291,1
2026-02-09 22:33:28.760,0.9990170001983643,1,0.9990025937557221,1
2026-02-09 22:33:28.866,0.9989727735519409,1,0.9989979267120361,1
2026-02-09 22:33:28.973,0.9989456534385681,1,0.9989945471286774,1
2026-02-09 22:33:29.080,0.9989294409751892,1,0.9989916324615479,1
2026-02-09 22:33:29.186,0.9989843964576721,1,0.9989843308925629,1
2026-02-09 22:33:29.293,0.9989795088768005,1,0.9989877223968506,1
2026-02-09 22:33:29.400,0.9989914298057556,1,0.9989842712879181,1
2026-02-09 22:33:29.506,0.9989921450614929,1,0.9989769876003265,1
2026-02-09 22:33:29.613,0.9989744424819946,1,0.99895458817482,1
2026-02-09 22:33:29.720,0.9990904331207275,1,0.9989343822002411,1
2026-02-09 22:33:29.826,0.9989824891090393,1,0.9989118218421936,1
2026-02-09 22:33:29.933,0.9988999366760254,1,0.9988724410533905,1
2026-02-09 22:33:30.040,0.9987216591835022,1,0.9988109827041626,1
2026-02-09 22:33:30.146,0.9987273812294006,1,0.9987274050712586,1
2026-02-09 22:33:30.253,0.9987587928771973,1,0.9986059665679932,1
2026-02-09 22:33:30.360,0.9985857009887695,1,0.9984389543533325,1
2026-02-09 22:33:30.466,0.9983768463134766,1,0.9983146965503693,1
2026-02-09 22:33:30.573,0.9981563687324524,1,0.9982370615005494,1
2026-02-09 22:33:30.680,0.9977600574493408,1,0.9982089757919311,1
2026-02-09 22:33:30.786,0.9974203109741211,1,0.9981999158859253,1
2026-02-09 22:33:30.893,0.9977399110794067,1,0.9981993436813354,1
2026-02-09 22:33:31.000,0.9981235861778259,1,0.9982198655605317,1
2026-02-09 22:33:31.106,0.9984408020973206,1,0.9982625663280487,1
2026-02-09 22:33:31.213,0.998636782169342,1,0.9983276963233948,1
2026-02-09 22:33:31.320,0.9987530708312988,1,0.9984318256378174,1
2026-02-09 22:33:31.426,0.9987909197807312,1,0.998557162284851,1
2026-02-09 22:33:31.533,0.9988038539886475,1,0.9986498594284058,1
2026-02-09 22:33:31.640,0.9988076686859131,1,0.9987349927425384,1
2026-02-09 22:33:31.746,0.9988013505935669,1,0.9988056898117066,1
2026-02-09 22:33:31.853,0.998673677444458,1,0.9988606810569763,1
2026-02-09 22:33:31.960,0.9986668825149536,1,0.9989061295986176,1
2026-02-09 22:33:32.066,0.9989749193191528,1,0.9989517450332641,1
2026-02-09 22:33:32.173,0.9991477727890015,1,0.9989988505840302,1
2026-02-09 22:33:32.280,0.9991866946220398,1,0.9990470945835114,1
2026-02-09 22:33:32.386,0.9992075562477112,1,0.9990975081920623,1
2026-02-09 22:33:32.493,0.9992470741271973,1,0.9991618812084198,1
2026-02-09 22:33:32.600,0.9992749094963074,1,0.9992273986339569,1
2026-02-09 22:33:32.706,0.9992901086807251,1,0.9992624819278717,1
2026-02-09 22:33:32.813,0.9993054866790771,1,0.9992801964282989,1
2026-02-09 22:33:32.920,0.9993174076080322,1,0.9992939352989196,1
2026-02-09 22:33:33.026,0.9993220567703247,1,0.9993053138256073,1
2026-02-09 22:33:33.133,0.9993257522583008,1,0.9993120849132537,1
2026-02-09 22:33:33.240,0.9993249177932739,1,0.9993153572082519,1
2026-02-09 22:33:33.346,0.9993240833282471,1,0.9993163704872131,1
2026-02-09 22:33:33.453,0.9993213415145874,1,0.9993149042129517,1
2026-02-09 22:33:33.560,0.9993147850036621,1,0.9993116319179535,1
2026-02-09 22:33:33.666,0.9993076324462891,1,0.9993084609508515,1
2026-02-09 22:33:33.773,0.9993002414703369,1,0.999305146932602,1
2026-02-09 22:33:33.880,0.9992908239364624,1,0.9993010878562927,1
2026-02-09 22:33:33.986,0.9992846846580505,1,0.9992964088916778,1
2026-02-09 22:33:34.093,0.9992903470993042,1,0.9992912888526917,1
2026-02-09 22:33:34.200,0.9992926120758057,1,0.9992863953113555,1
2026-02-09 22:33:34.306,0.9992843270301819,1,0.999282157421112,1
2026-02-09 22:33:34.413,0.9992772936820984,1,0.9992786467075347,1
2026-02-09 22:33:34.520,0.9992701411247253,1,0.9992751479148865,1
2026-02-09 22:33:34.626,0.9992658495903015,1,0.9992707312107086,1
2026-02-09 22:33:34.733,0.9992652535438538,1,0.9992631494998931,1
2026-02-09 22:33:34.840,0.9992651343345642,1,0.9992514729499817,1
2026-02-09 22:33:34.946,0.9992558360099792,1,0.9992370307445526,1
2026-02-09 22:33:35.053,0.999240517616272,1,0.9992191791534424,1
2026-02-09 22:33:35.160,0.9992145299911499,1,0.9992003738880157,1
2026-02-09 22:33:35.266,0.9991758465766907,1,0.9991835236549378,1
2026-02-09 22:33:35.373,0.9991399049758911,1,0.9991694808006286,1
2026-02-09 22:33:35.480,0.9990987777709961,1,0.9991576373577118,1
2026-02-09 22:33:35.586,0.999082088470459,1,0.9991500437259674,1
2026-02-09 22:33:35.693,0.9990973472595215,1,0.999146968126297,1
2026-02-09 22:33:35.800,0.9991248250007629,1,0.9991471469402313,1
2026-02-09 22:33:35.906,0.9991466999053955,1,0.9991514801979064,1
2026-02-09 22:33:36.013,0.9991798996925354,1,0.9991595983505249,1
2026-02-09 22:33:36.120,0.9992097616195679,1,0.9991708874702454,1
2026-02-09 22:33:36.226,0.9992163181304932,1,0.9991805613040924,1
2026-02-09 22:33:36.333,0.9992191791534424,1,0.9991837978363037,1
2026-02-09 22:33:36.440,0.9992210865020752,1,0.9991788685321807,1
2026-02-09 22:33:36.546,0.9992116689682007,1,0.9991672098636627,1
2026-02-09 22:33:36.653,0.9991788268089294,1,0.9991473734378815,1
2026-02-09 22:33:36.760,0.9991297125816345,1,0.9991249203681946,1
2026-02-09 22:33:36.866,0.9990755319595337,1,0.9991048693656921,1
2026-02-09 22:33:36.973,0.9990301132202148,1,0.9990862369537353,1
2026-02-09 22:33:37.080,0.9989815354347229,1,0.999074113368988,1
2026-02-09 22:33:37.186,0.998985230922699,1,0.9990699887275696,1
2026-02-09 22:33:37.293,0.9990158081054688,1,0.999072265625,1
2026-02-09 22:33:37.400,0.9990328550338745,1,0.9990810453891754,1
2026-02-09 22:33:37.506,0.999099850654602,1,0.9990959227085113,1
2026-02-09 22:33:37.613,0.9991704225540161,1,0.9991162121295929,1
2026-02-09 22:33:37.720,0.9992015957832336,1,0.9991422653198242,1
2026-02-09 22:33:37.826,0.9992175102233887,1,0.9991672217845917,1
2026-02-09 22:33:37.933,0.9992243051528931,1,0.9991886079311371,1
2026-02-09 22:33:38.040,0.9992330074310303,1,0.9992071449756622,1
2026-02-09 22:33:38.146,0.9992420673370361,1,0.9992170929908752,1
2026-02-09 22:33:38.253,0.9992347955703735,1,0.9992210030555725,1
2026-02-09 22:33:38.360,0.9992296695709229,1,0.9992250025272369,1
2026-02-09 22:33:38.466,0.999218225479126,1,0.9992300510406494,1
2026-02-09 22:33:38.573,0.9991993308067322,1,0.9992362797260285,1
2026-02-09 22:33:38.680,0.9992095232009888,1,0.9992427170276642,1
2026-02-09 22:33:38.786,0.9992415904998779,1,0.9992491662502289,1
2026-02-09 22:33:38.893,0.9992679953575134,1,0.9992558062076569,1
2026-02-09 22:33:39.000,0.9992865920066833,1,0.9992621600627899,1
2026-02-09 22:33:39.106,0.9992973804473877,1,0.9992693364620209,1
2026-02-09 22:33:39.213,0.9993065595626831,1,0.9992778837680817,1
2026-02-09 22:33:39.320,0.9993011951446533,1,0.9992847561836242,1
2026-02-09 22:33:39.426,0.9992932081222534,1,0.9992876470088958,1
2026-02-09 22:33:39.533,0.9992899894714355,1,0.999286550283432,1
2026-02-09 22:33:39.640,0.9992848038673401,1,0.99928218126297,1
2026-02-09 22:33:39.746,0.9992782473564148,1,0.9992744565010071,1
2026-02-09 22:33:39.853,0.999270498752594,1,0.9992642223834991,1
2026-02-09 22:33:39.960,0.9992570281028748,1,0.9992554366588593,1
2026-02-09 22:33:40.066,0.999242901802063,1,0.999248069524765,1
2026-02-09 22:33:40.173,0.9992201328277588,1,0.9992420375347137,1
2026-02-09 22:33:40.280,0.9992042183876038,1,0.999237883090973,1
2026-02-09 22:33:40.386,0.9992133378982544,1,0.9992346704006195,1
2026-02-09 22:33:40.493,0.999219536781311,1,0.9992316007614136,1
2026-02-09 22:33:40.600,0.9992296695709229,1,0.9992300689220428,1
2026-02-09 22:33:40.706,0.9992432594299316,1,0.9992295444011688,1
2026-02-09 22:33:40.813,0.9992461204528809,1,0.9992308914661407,1
2026-02-09 22:33:40.920,0.9992398023605347,1,0.9992340087890625,1
2026-02-09 22:33:41.026,0.9992417097091675,1,0.999235737323761,1
2026-02-09 22:33:41.133,0.9992376565933228,1,0.9992380499839782,1
2026-02-09 22:33:41.240,0.999233603477478,1,0.9992392420768738,1
2026-02-09 22:33:41.346,0.9992353916168213,1,0.9992386698722839,1
2026-02-09 22:33:41.453,0.9992306232452393,1,0.9992371082305909,1
2026-02-09 22:33:41.560,0.9992426633834839,1,0.9992376565933228,1
2026-02-09 22:33:41.666,0.9992415904998779,1,0.9992384612560272,1
2026-02-09 22:33:41.773,0.9992375373840332,1,0.9992401242256165,1
2026-02-09 22:33:41.880,0.9992305040359497,1,0.9992429554462433,1
2026-02-09 22:33:41.986,0.999245285987854,1,0.999245572090149,1
2026-02-09 22:33:42.093,0.9992497563362122,1,0.9992480337619781,1
2026-02-09 22:33:42.200,0.9992542862892151,1,0.9992482960224152,1
2026-02-09 22:33:42.306,0.9992619156837463,1,0.9992476165294647,1
2026-02-09 22:33:42.413,0.9992615580558777,1,0.9992465555667878,1
2026-02-09 22:33:42.520,0.9992552399635315,1,0.9992456257343292,1
2026-02-09 22:33:42.626,0.999245285987854,1,0.9992393612861633,1
2026-02-09 22:33:42.733,0.9992347955703735,1,0.9992274045944214,1
2026-02-09 22:33:42.840,0.9992269277572632,1,0.9992106139659882,1
2026-02-09 22:33:42.946,0.9992212057113647,1,0.9991892158985138,1
2026-02-09 22:33:43.053,0.9991826415061951,1,0.9991637170314789,1
2026-02-09 22:33:43.160,0.9991301894187927,1,0.9991397142410279,1
2026-02-09 22:33:43.266,0.9990863800048828,1,0.9991200864315033,1
2026-02-09 22:33:43.373,0.9990479350090027,1,0.9991076350212097,1
2026-02-09 22:33:43.480,0.9990065693855286,1,0.9990976870059967,1
2026-02-09 22:33:43.586,0.999015212059021,1,0.999093234539032,1
2026-02-09 22:33:43.693,0.9990490078926086,1,0.9990940570831299,1
2026-02-09 22:33:43.800,0.9991102814674377,1,0.9991018056869507,1
2026-02-09 22:33:43.906,0.9991274476051331,1,0.9991145491600036,1
2026-02-09 22:33:44.013,0.9991766810417175,1,0.9991314232349395,1
2026-02-09 22:33:44.120,0.9991908669471741,1,0.9991526365280151,1
2026-02-09 22:33:44.226,0.9992076754570007,1,0.9991706430912017,1
2026-02-09 22:33:44.333,0.9992138147354126,1,0.9991845071315766,1
2026-02-09 22:33:44.440,0.9992166757583618,1,0.9991921842098236,1
2026-02-09 22:33:44.546,0.9992187023162842,1,0.99919793009758,1
2026-02-09 22:33:44.653,0.9991952776908875,1,0.9991978108882904,1
2026-02-09 22:33:44.760,0.9991876482963562,1,0.9991964638233185,1
2026-02-09 22:33:44.866,0.9991870522499084,1,0.9991950333118439,1
2026-02-09 22:33:44.973,0.9991849064826965,1,0.9991962611675262,1
2026-02-09 22:33:45.080,0.999175488948822,1,0.9991992294788361,1
2026-02-09 22:33:45.186,0.9991773962974548,1,0.9992031931877137,1
2026-02-09 22:33:45.293,0.9991933703422546,1,0.9992094516754151,1
2026-02-09 22:33:45.400,0.9992260932922363,1,0.9992161512374877,1
2026-02-09 22:33:45.506,0.99924635887146,1,0.9992214024066925,1
2026-02-09 22:33:45.613,0.9992583394050598,1,0.9992245674133301,1
2026-02-09 22:33:45.720,0.9992578625679016,1,0.9992215812206269,1
2026-02-09 22:33:45.826,0.9992546439170837,1,0.999205207824707,1
2026-02-09 22:33:45.933,0.9992395639419556,1,0.9991751909255981,1
2026-02-09 22:33:46.040,0.9992165565490723,1,0.9991379380226135,1
2026-02-09 22:33:46.146,0.9991456270217896,1,0.9990939021110534,1
2026-02-09 22:33:46.253,0.9990136623382568,1,0.9990437448024749,1
2026-02-09 22:33:46.360,0.9988932013511658,1,0.9989978194236755,1
2026-02-09 22:33:46.466,0.9988535642623901,1,0.998956948518753,1
2026-02-09 22:33:46.573,0.9988059997558594,1,0.9989255905151367,1
2026-02-09 22:33:46.680,0.9987567663192749,1,0.9989038169384002,1
2026-02-09 22:33:46.786,0.9987986087799072,1,0.9988931000232697,1
2026-02-09 22:33:46.893,0.9988459348678589,1,0.9988980650901794,1
2026-02-09 22:33:47.000,0.9989259839057922,1,0.9989159643650055,1
2026-02-09 22:33:47.106,0.9989988207817078,1,0.9989365696907043,1
2026-02-09 22:33:47.213,0.9990384578704834,1,0.9989613115787506,1
2026-02-09 22:33:47.320,0.9990633130073547,1,0.9989899277687073,1
2026-02-09 22:33:47.426,0.9990721940994263,1,0.9990122079849243,1
2026-02-09 22:33:47.533,0.9990596175193787,1,0.999026757478714,1
2026-02-09 22:33:47.640,0.999053418636322,1,0.9990318775177002,1
2026-02-09 22:33:47.746,0.9990429282188416,1,0.9990284264087677,1
2026-02-09 22:33:47.853,0.9990214109420776,1,0.9990258872509002,1
2026-02-09 22:33:47.960,0.9989914298057556,1,0.9990304291248322,1
2026-02-09 22:33:48.066,0.9989771842956543,1,0.9990393698215485,1
2026-02-09 22:33:48.173,0.9989643096923828,1,0.9990532100200653,1
2026-02-09 22:33:48.280,0.9990130662918091,1,0.9990708470344544,1
2026-02-09 22:33:48.386,0.9991087317466736,1,0.9990915775299072,1
2026-02-09 22:33:48.493,0.9991616010665894,1,0.999114590883255,1
2026-02-09 22:33:48.600,0.9991980195045471,1,0.9991405308246613,1
2026-02-09 22:33:48.706,0.9992297887802124,1,0.9991677045822144,1
2026-02-09 22:33:48.813,0.9992502331733704,1,0.9991955399513245,1
2026-02-09 22:33:48.920,0.9992515444755554,1,0.9992192566394806,1
2026-02-09 22:33:49.026,0.9992508292198181,1,0.9992329359054566,1
2026-02-09 22:33:49.133,0.9992489218711853,1,0.9992398381233215,1
2026-02-09 22:33:49.240,0.9992426633834839,1,0.9992431104183197,1
2026-02-09 22:33:49.346,0.9992502331733704,1,0.9992442667484284,1
2026-02-09 22:33:49.453,0.9992455244064331,1,0.9992449223995209,1
2026-02-09 22:33:49.560,0.9992306232452393,1,0.9992470681667328,1
2026-02-09 22:33:49.666,0.9992307424545288,1,0.9992510318756104,1
2026-02-09 22:33:49.773,0.9992413520812988,1,0.9992567121982574,1
2026-02-09 22:33:49.880,0.9992567896842957,1,0.9992643058300018,1
2026-02-09 22:33:49.986,0.9992730021476746,1,0.9992720603942871,1
2026-02-09 22:33:50.093,0.9992904663085938,1,0.9992801308631897,1
2026-02-09 22:33:50.200,0.9993057250976562,1,0.9992890954017639,1
2026-02-09 22:33:50.306,0.9993185997009277,1,0.9992979407310486,1
2026-02-09 22:33:50.413,0.9993277788162231,1,0.999305808544159,1
2026-02-09 22:33:50.520,0.999326229095459,1,0.9993116915225982,1
2026-02-09 22:33:50.626,0.9993202686309814,1,0.9993149995803833,1
2026-02-09 22:33:50.733,0.9993191957473755,1,0.999315595626831,1
2026-02-09 22:33:50.840,0.9993200302124023,1,0.9993134558200836,1
2026-02-09 22:33:50.946,0.999315619468689,1,0.9993088006973266,1
2026-02-09 22:33:51.053,0.9993060827255249,1,0.9993023693561554,1
2026-02-09 22:33:51.160,0.9992964267730713,1,0.999296236038208,1
2026-02-09 22:33:51.266,0.9992843270301819,1,0.9992906033992768,1
2026-02-09 22:33:51.373,0.9992720484733582,1,0.9992846012115478,1
2026-02-09 22:33:51.480,0.9992634654045105,1,0.9992776930332183,1
2026-02-09 22:33:51.586,0.9992648959159851,1,0.9992693841457367,1
2026-02-09 22:33:51.693,0.9992639422416687,1,0.999261075258255,1
2026-02-09 22:33:51.800,0.9992591738700867,1,0.9992526471614838,1
2026-02-09 22:33:51.906,0.9992509484291077,1,0.9992443501949311,1
2026-02-09 22:33:52.013,0.9992325305938721,1,0.9992364585399628,1
2026-02-09 22:33:52.120,0.999222993850708,1,0.9992264151573181,1
2026-02-09 22:33:52.226,0.9992121458053589,1,0.9992134213447571,1
2026-02-09 22:33:52.333,0.9992013573646545,1,0.9992004871368408,1
2026-02-09 22:33:52.440,0.9991931319236755,1,0.9991849899291992,1
2026-02-09 22:33:52.546,0.999163031578064,1,0.9991718411445618,1
2026-02-09 22:33:52.653,0.9991349577903748,1,0.9991640567779541,1
2026-02-09 22:33:52.760,0.9991346001625061,1,0.9991593897342682,1
2026-02-09 22:33:52.866,0.9991042017936707,1,0.9991566061973571,1
2026-02-09 22:33:52.973,0.9991194605827332,1,0.9991558909416198,1
2026-02-09 22:33:53.080,0.9991546869277954,1,0.9991560935974121,1
2026-02-09 22:33:53.186,0.9991763234138489,1,0.9991568326950073,1
2026-02-09 22:33:53.293,0.9991843104362488,1,0.9991578161716461,1
2026-02-09 22:33:53.400,0.9991942048072815,1,0.9991568028926849,1
2026-02-09 22:33:53.506,0.9991951584815979,1,0.999160623550415,1
2026-02-09 22:33:53.613,0.9991704225540161,1,0.9991653501987457,1
2026-02-09 22:33:53.720,0.9991447925567627,1,0.9991653144359589,1
2026-02-09 22:33:53.826,0.9991244673728943,1,0.9991607010364533,1
2026-02-09 22:33:53.933,0.9991424083709717,1,0.9991534888744354,1
2026-02-09 22:33:54.040,0.99916672706604,1,0.9991427659988403,1
2026-02-09 22:33:54.146,0.9991543292999268,1,0.999129593372345,1
2026-02-09 22:33:54.253,0.9991301894187927,1,0.9991234123706818,1
2026-02-09 22:33:54.360,0.9991121888160706,1,0.9991268634796142,1
2026-02-09 22:33:54.466,0.9990869760513306,1,0.9991378486156464,1
2026-02-09 22:33:54.573,0.9990634322166443,1,0.9991489768028259,1
2026-02-09 22:33:54.680,0.999108612537384,1,0.9991552710533143,1
2026-02-09 22:33:54.786,0.9991793036460876,1,0.9991619229316712,1
2026-02-09 22:33:54.893,0.9992343187332153,1,0.9991712868213654,1
2026-02-09 22:33:55.000,0.9992536902427673,1,0.9991832375526428,1
2026-02-09 22:33:55.106,0.9992296695709229,1,0.9991973757743835,1
2026-02-09 22:33:55.213,0.9992208480834961,1,0.9992137849330902,1
2026-02-09 22:33:55.320,0.9992238283157349,1,0.999224066734314,1
2026-02-09 22:33:55.426,0.9992316961288452,1,0.9992267251014709,1
2026-02-09 22:33:55.533,0.9992283582687378,1,0.9992239296436309,1
2026-02-09 22:33:55.640,0.9992275238037109,1,0.9992180287837982,1
2026-02-09 22:33:55.746,0.9992114305496216,1,0.9992125630378723,1
2026-02-09 22:33:55.853,0.9992058873176575,1,0.9992086589336395,1
2026-02-09 22:33:55.960,0.9992063641548157,1,0.9992063641548157,1
2026-02-09 22:33:56.066,0.9991946816444397,1,0.9992047429084778,1
2026-02-09 22:33:56.173,0.9991750121116638,1,0.9992047309875488,1
2026-02-09 22:33:56.280,0.9991818070411682,1,0.9992053151130676,1
2026-02-09 22:33:56.386,0.9992008805274963,1,0.9992070674896241,1
2026-02-09 22:33:56.493,0.9992154836654663,1,0.9992084443569184,1
2026-02-09 22:33:56.600,0.9992282390594482,1,0.9992083489894867,1
2026-02-09 22:33:56.706,0.9992333650588989,1,0.9992059946060181,1
2026-02-09 22:33:56.813,0.9992289543151855,1,0.9992049515247345,1
2026-02-09 22:33:56.920,0.9992196559906006,1,0.9992014288902282,1
2026-02-09 22:33:57.026,0.9992054104804993,1,0.9991945147514343,1
2026-02-09 22:33:57.133,0.9991711378097534,1,0.9991840898990632,1
2026-02-09 22:33:57.240,0.9991645812988281,1,0.9991717100143432,1
2026-02-09 22:33:57.346,0.999146580696106,1,0.9991595447063446,1
2026-02-09 22:33:57.453,0.9991317391395569,1,0.9991527736186981,1
2026-02-09 22:33:57.560,0.9991112351417542,1,0.9991498589515686,1
2026-02-09 22:33:57.666,0.9991044402122498,1,0.9991509139537811,1
2026-02-09 22:33:57.773,0.9991117119789124,1,0.9991572439670563,1
2026-02-09 22:33:57.880,0.9991612434387207,1,0.9991656064987182,1
2026-02-09 22:33:57.986,0.9991905093193054,1,0.9991759955883026,1
2026-02-09 22:33:58.093,0.9992159605026245,1,0.9991881072521209,1
2026-02-09 22:33:58.200,0.9992344379425049,1,0.9992027580738068,1
2026-02-09 22:33:58.306,0.999248206615448,1,0.9992178976535797,1
2026-02-09 22:33:58.413,0.9992504715919495,1,0.9992331087589263,1
2026-02-09 22:33:58.520,0.9992528557777405,1,0.9992436289787292,1
2026-02-09 22:33:58.626,0.9992577433586121,1,0.999250876903534,1
2026-02-09 22:33:58.733,0.9992558360099792,1,0.9992563426494598,1
2026-02-09 22:33:58.840,0.9992638230323792,1,0.9992602705955506,1
2026-02-09 22:33:58.946,0.9992664456367493,1,0.9992631554603577,1
2026-02-09 22:33:59.053,0.9992629885673523,1,0.999268239736557,1
2026-02-09 22:33:59.160,0.9992706179618835,1,0.9992748141288758,1
2026-02-09 22:33:59.266,0.9992737174034119,1,0.9992816984653473,1
2026-02-09 22:33:59.373,0.9992770552635193,1,0.9992889881134033,1
2026-02-09 22:33:59.480,0.9993013143539429,1,0.9992954075336457,1
2026-02-09 22:33:59.586,0.9993185997009277,1,0.9993013620376587,1
2026-02-09 22:33:59.693,0.9993265867233276,1,0.9993077695369721,1
2026-02-09 22:33:59.800,0.9993287324905396,1,0.9993132710456848,1
2026-02-09 22:33:59.906,0.9993280172348022,1,0.9993182241916656,1
2026-02-09 22:34:00.013,0.9993259906768799,1,0.9993226289749145,1
2026-02-09 22:34:00.120,0.9993270635604858,1,0.9993237257003784,1
2026-02-09 22:34:00.226,0.9993256330490112,1,0.9993219971656799,1
2026-02-09 22:34:00.333,0.9993232488632202,1,0.9993186354637146,1
2026-02-09 22:34:00.440,0.9993211030960083,1,0.9993130981922149,1
2026-02-09 22:34:00.546,0.9993122816085815,1,0.9993055582046508,1
2026-02-09 22:34:00.653,0.9993013143539429,1,0.9992978036403656,1
2026-02-09 22:34:00.760,0.9992929697036743,1,0.9992899894714355,1
2026-02-09 22:34:00.866,0.9992733597755432,1,0.9992826640605926,1
2026-02-09 22:34:00.973,0.9992526173591614,1,0.9992757797241211,1
2026-02-09 22:34:01.080,0.9992484450340271,1,0.9992695033550263,1
2026-02-09 22:34:01.186,0.9992489218711853,1,0.9992632389068603,1
2026-02-09 22:34:01.293,0.9992523789405823,1,0.9992572784423828,1
2026-02-09 22:34:01.400,0.9992544054985046,1,0.9992524147033691,1
2026-02-09 22:34:01.506,0.9992583394050598,1,0.9992489755153656,1
2026-02-09 22:34:01.613,0.9992496371269226,1,0.9992469787597656,1
2026-02-09 22:34:01.720,0.9992417097091675,1,0.999243575334549,1
2026-02-09 22:34:01.826,0.9992443323135376,1,0.9992378294467926,1
2026-02-09 22:34:01.933,0.9992389678955078,1,0.9992304265499115,1
2026-02-09 22:34:02.040,0.9992326498031616,1,0.9992215275764466,1
2026-02-09 22:34:02.146,0.9992144107818604,1,0.9992119252681733,1
2026-02-09 22:34:02.253,0.9991914629936218,1,0.9992047607898712,1
2026-02-09 22:34:02.360,0.9991783499717712,1,0.9992003202438354,1
2026-02-09 22:34:02.466,0.999165415763855,1,0.9991970658302307,1
2026-02-09 22:34:02.573,0.9991623163223267,1,0.9991952061653138,1
2026-02-09 22:34:02.680,0.9991779923439026,1,0.9991946339607238,1
2026-02-09 22:34:02.786,0.9991973042488098,1,0.9991961359977722,1
2026-02-09 22:34:02.893,0.9992117881774902,1,0.9992002308368683,1
2026-02-09 22:34:03.000,0.9992203712463379,1,0.9992061972618103,1
2026-02-09 22:34:03.106,0.9992269277572632,1,0.9992141246795654,1
2026-02-09 22:34:03.213,0.9992294311523438,1,0.9992232501506806,1
2026-02-09 22:34:03.320,0.9992324113845825,1,0.9992305696010589,1
2026-02-09 22:34:03.426,0.9992380142211914,1,0.9992355346679688,1
2026-02-09 22:34:03.533,0.9992446899414062,1,0.999237847328186,1
2026-02-09 22:34:03.640,0.9992535710334778,1,0.999238133430481,1
2026-02-09 22:34:03.746,0.9992511868476868,1,0.9992390155792237,1
2026-02-09 22:34:03.853,0.9992469549179077,1,0.9992418587207794,1
2026-02-09 22:34:03.960,0.9992349147796631,1,0.9992465972900391,1
2026-02-09 22:34:04.066,0.9992232322692871,1,0.9992523670196534,1
2026-02-09 22:34:04.173,0.9992357492446899,1,0.9992584109306335,1
2026-02-09 22:34:04.280,0.9992578625679016,1,0.9992639243602752,1
2026-02-09 22:34:04.386,0.999279797077179,1,0.9992687940597534,1
2026-02-09 22:34:04.493,0.999295711517334,1,0.9992737412452698,1
2026-02-09 22:34:04.600,0.9993051290512085,1,0.9992790877819061,1
2026-02-09 22:34:04.706,0.999308705329895,1,0.9992847204208374,1
2026-02-09 22:34:04.813,0.9992998838424683,1,0.9992891252040863,1
2026-02-09 22:34:04.920,0.9992964267730713,1,0.9992905199527741,1
2026-02-09 22:34:05.026,0.9992883801460266,1,0.9992885410785675,1
2026-02-09 22:34:05.133,0.9992795586585999,1,0.9992834031581879,1
2026-02-09 22:34:05.240,0.999279797077179,1,0.9992752850055695,1
2026-02-09 22:34:05.346,0.999271810054779,1,0.9992666184902191,1
2026-02-09 22:34:05.453,0.9992600083351135,1,0.9992593944072723,1
2026-02-09 22:34:05.560,0.9992443323135376,1,0.9992521345615387,1
2026-02-09 22:34:05.666,0.9992239475250244,1,0.9992465734481811,1
2026-02-09 22:34:05.773,0.9992220401763916,1,0.9992443323135376,1
2026-02-09 22:34:05.880,0.9992276430130005,1,0.9992422461509705,1
2026-02-09 22:34:05.986,0.9992238283157349,1,0.9992403984069824,1
2026-02-09 22:34:06.093,0.9992327690124512,1,0.9992392182350158,1
2026-02-09 22:34:06.200,0.9992571473121643,1,0.9992399632930755,1
2026-02-09 22:34:06.306,0.9992589354515076,1,0.9992434501647949,1
2026-02-09 22:34:06.413,0.9992533326148987,1,0.9992471277713776,1
2026-02-09 22:34:06.520,0.999248206615448,1,0.9992496490478515,1
2026-02-09 22:34:06.626,0.9992517828941345,1,0.9992510080337524,1
2026-02-09 22:34:06.733,0.999258816242218,1,0.9992498397827149,1
2026-02-09 22:34:06.840,0.999258816242218,1,0.9992446780204773,1
2026-02-09 22:34:06.946,0.9992528557777405,1,0.99924036860466,1
2026-02-09 22:34:07.053,0.9992374181747437,1,0.9992377877235412,1
2026-02-09 22:34:07.160,0.9992210865020752,1,0.9992368638515472,1
2026-02-09 22:34:07.266,0.9992055296897888,1,0.9992368280887604,1
2026-02-09 22:34:07.373,0.999215841293335,1,0.9992374360561371,1
2026-02-09 22:34:07.480,0.9992275238037109,1,0.9992378652095795,1
2026-02-09 22:34:07.586,0.9992389678955078,1,0.9992384731769561,1
2026-02-09 22:34:07.693,0.9992514252662659,1,0.9992403626441956,1
2026-02-09 22:34:07.800,0.9992648959159851,1,0.9992430210113525,1
2026-02-09 22:34:07.906,0.9992631077766418,1,0.9992430567741394,1
2026-02-09 22:34:08.013,0.9992589354515076,1,0.9992397725582123,1
2026-02-09 22:34:08.120,0.9992563128471375,1,0.9992358684539795,1
2026-02-09 22:34:08.226,0.999247670173645,1,0.9992305696010589,1
2026-02-09 22:34:08.333,0.9992058873176575,1,0.9992207765579224,1
2026-02-09 22:34:08.440,0.9991829991340637,1,0.9992066502571106,1
2026-02-09 22:34:08.546,0.9991884827613831,1,0.9991939663887024,1
2026-02-09 22:34:08.653,0.9991859793663025,1,0.9991812348365784,1
2026-02-09 22:34:08.760,0.9991534948348999,1,0.9991705358028412,1
2026-02-09 22:34:08.866,0.9991236329078674,1,0.9991658926010132,1
2026-02-09 22:34:08.973,0.9991362690925598,1,0.9991693913936615,1
2026-02-09 22:34:09.080,0.9991316199302673,1,0.999177223443985,1
2026-02-09 22:34:09.186,0.9991493225097656,1,0.9991855680942535,1
2026-02-09 22:34:09.293,0.999201238155365,1,0.9991945087909698,1
2026-02-09 22:34:09.400,0.9992408752441406,1,0.9992067813873291,1
2026-02-09 22:34:09.506,0.9992613196372986,1,0.9992216348648071,1
2026-02-09 22:34:09.613,0.9992719292640686,1,0.9992342472076416,1
2026-02-09 22:34:09.720,0.9992753863334656,1,0.9992466568946838,1
2026-02-09 22:34:09.826,0.9992762207984924,1,0.9992560744285583,1
2026-02-09 22:34:09.933,0.9992721676826477,1,0.9992587625980377,1
2026-02-09 22:34:10.040,0.9992623925209045,1,0.9992561757564544,1
2026-02-09 22:34:10.146,0.9992557168006897,1,0.9992528915405273,1
2026-02-09 22:34:10.253,0.9992434978485107,1,0.9992483556270599,1
2026-02-09 22:34:10.360,0.9992281198501587,1,0.9992438435554505,1
2026-02-09 22:34:10.466,0.9992150068283081,1,0.999239593744278,1
2026-02-09 22:34:10.573,0.9992284774780273,1,0.999235200881958,1
2026-02-09 22:34:10.680,0.9992265701293945,1,0.9992299258708954,1
2026-02-09 22:34:10.786,0.9992302656173706,1,0.9992215752601623,1
2026-02-09 22:34:10.893,0.9992337226867676,1,0.9992080271244049,1
2026-02-09 22:34:11.000,0.9992282390594482,1,0.9991869390010834,1
2026-02-09 22:34:11.106,0.9992096424102783,1,0.9991622388362884,1
2026-02-09 22:34:11.213,0.9991722106933594,1,0.9991328001022339,1
2026-02-09 22:34:11.320,0.9991080164909363,1,0.9991030633449555,1
2026-02-09 22:34:11.426,0.9990172386169434,1,0.9990713894367218,1
2026-02-09 22:34:11.533,0.9989680051803589,1,0.999034196138382,1
2026-02-09 22:34:11.640,0.9989340901374817,1,0.9989893674850464,1
2026-02-09 22:34:11.746,0.9989292025566101,1,0.9989468395709992,1
2026-02-09 22:34:11.853,0.9989135265350342,1,0.9989112079143524,1
2026-02-09 22:34:11.960,0.9988617897033691,1,0.9988841950893402,1
2026-02-09 22:34:12.066,0.9987799525260925,1,0.9988665103912353,1
2026-02-09 22:34:12.173,0.9987843632698059,1,0.9988532364368439,1
2026-02-09 22:34:12.280,0.9988158941268921,1,0.9988498449325561,1
2026-02-09 22:34:12.386,0.9988378882408142,1,0.998854261636734,1
2026-02-09 22:34:12.493,0.9988403916358948,1,0.9988716781139374,1
2026-02-09 22:34:12.600,0.9988352656364441,1,0.998897933959961,1
2026-02-09 22:34:12.706,0.9989001750946045,1,0.9989348351955414,1
2026-02-09 22:34:12.813,0.9989733695983887,1,0.9989717245101929,1
2026-02-09 22:34:12.920,0.9990876913070679,1,0.999007624387741,1
2026-02-09 22:34:13.026,0.9991243481636047,1,0.9990422904491425,1
2026-02-09 22:34:13.133,0.999148964881897,1,0.9990760862827301,1
2026-02-09 22:34:13.240,0.9991532564163208,1,0.999108362197876,1
2026-02-09 22:34:13.346,0.9991748929023743,1,0.9991350412368775,1
2026-02-09 22:34:13.453,0.9991845488548279,1,0.9991552531719208,1
2026-02-09 22:34:13.560,0.9991783499717712,1,0.9991659164428711,1
2026-02-09 22:34:13.666,0.9991580247879028,1,0.9991752207279205,1
2026-02-09 22:34:13.773,0.9991669654846191,1,0.9991851210594177,1
2026-02-09 22:34:13.880,0.999175488948822,1,0.9991961181163788,1
2026-02-09 22:34:13.986,0.999194324016571,1,0.9992068350315094,1
2026-02-09 22:34:14.093,0.9992173910140991,1,0.9992180824279785,1
2026-02-09 22:34:14.200,0.9992479681968689,1,0.9992311775684357,1
2026-02-09 22:34:14.306,0.9992632269859314,1,0.999247533082962,1
2026-02-09 22:34:14.413,0.9992820620536804,1,0.999263459444046,1
2026-02-09 22:34:14.520,0.999297022819519,1,0.9992793142795563,1
2026-02-09 22:34:14.626,0.9993093013763428,1,0.9992935478687286,1
2026-02-09 22:34:14.733,0.9993215799331665,1,0.9993051528930664,1
2026-02-09 22:34:14.840,0.999326229095459,1,0.9993132650852203,1
2026-02-09 22:34:14.946,0.9993340373039246,1,0.9993204295635223,1
2026-02-09 22:34:15.053,0.9993366599082947,1,0.9993263304233551,1
2026-02-09 22:34:15.160,0.9993334412574768,1,0.9993312120437622,1
2026-02-09 22:34:15.266,0.9993290901184082,1,0.9993353426456452,1
2026-02-09 22:34:15.373,0.9993348717689514,1,0.9993386268615723,1
2026-02-09 22:34:15.480,0.9993410706520081,1,0.9993414103984832,1
2026-02-09 22:34:15.586,0.9993458390235901,1,0.9993431746959687,1
2026-02-09 22:34:15.693,0.9993506073951721,1,0.9993445217609406,1
2026-02-09 22:34:15.800,0.9993544220924377,1,0.9993460476398468,1
2026-02-09 22:34:15.906,0.9993540644645691,1,0.9993475556373597,1
2026-02-09 22:34:16.013,0.9993516802787781,1,0.9993479609489441,1
2026-02-09 22:34:16.120,0.9993501305580139,1,0.9993466556072235,1
2026-02-09 22:34:16.226,0.9993487000465393,1,0.9993435859680175,1
2026-02-09 22:34:16.333,0.9993441700935364,1,0.9993380844593048,1
2026-02-09 22:34:16.440,0.9993389248847961,1,0.9993313133716584,1
2026-02-09 22:34:16.546,0.9993280172348022,1,0.9993236482143402,1
2026-02-09 22:34:16.653,0.9993151426315308,1,0.9993157327175141,1
2026-02-09 22:34:16.760,0.9992955923080444,1,0.9993082106113433,1
2026-02-09 22:34:16.866,0.9992867112159729,1,0.9993018686771393,1
2026-02-09 22:34:16.973,0.9992774128913879,1,0.9992967009544372,1
2026-02-09 22:34:17.080,0.9992725253105164,1,0.9992919266223907,1
2026-02-09 22:34:17.186,0.9992749094963074,1,0.9992881119251251,1
2026-02-09 22:34:17.293,0.9992852807044983,1,0.9992854237556458,1
2026-02-09 22:34:17.400,0.9992924928665161,1,0.9992842376232147,1
2026-02-09 22:34:17.506,0.999291181564331,1,0.9992827713489533,1
2026-02-09 22:34:17.613,0.999289870262146,1,0.9992806136608123,1
2026-02-09 22:34:17.720,0.9992882609367371,1,0.9992776989936829,1
2026-02-09 22:34:17.826,0.9992837309837341,1,0.999273020029068,1
2026-02-09 22:34:17.933,0.9992720484733582,1,0.9992661595344543,1
2026-02-09 22:34:18.040,0.9992558360099792,1,0.9992586135864258,1
2026-02-09 22:34:18.146,0.9992433786392212,1,0.9992509961128235,1
2026-02-09 22:34:18.253,0.9992281198501587,1,0.9992432117462158,1
2026-02-09 22:34:18.360,0.9992166757583618,1,0.9992347717285156,1
2026-02-09 22:34:18.466,0.9992170333862305,1,0.9992269158363343,1
2026-02-09 22:34:18.573,0.9992150068283081,1,0.9992199420928956,1
2026-02-09 22:34:18.680,0.9992120265960693,1,0.9992139101028442,1
2026-02-09 22:34:18.786,0.9992038607597351,1,0.9992095410823822,1
2026-02-09 22:34:18.893,0.9992051720619202,1,0.9992053508758545,1
2026-02-09 22:34:19.000,0.999202311038971,1,0.9991987586021424,1
2026-02-09 22:34:19.106,0.9991955161094666,1,0.999194449186325,1
2026-02-09 22:34:19.213,0.9991996884346008,1,0.9991887032985687,1
2026-02-09 22:34:19.320,0.9991862177848816,1,0.9991771042346954,1
2026-02-09 22:34:19.426,0.9991507530212402,1,0.9991598963737488,1
2026-02-09 22:34:19.533,0.9991739392280579,1,0.9991371333599091,1
2026-02-09 22:34:19.640,0.9991575479507446,1,0.9991212785243988,1
2026-02-09 22:34:19.746,0.9990960359573364,1,0.9991194546222687,1
2026-02-09 22:34:19.853,0.9990317821502686,1,0.9991232752799988,1
2026-02-09 22:34:19.960,0.998977541923523,1,0.9991318821907044,1
2026-02-09 22:34:20.066,0.9990437626838684,1,0.9991466879844666,1
2026-02-09 22:34:20.173,0.9991772770881653,1,0.9991603195667267,1
2026-02-09 22:34:20.280,0.9992378950119019,1,0.9991764605045319,1
2026-02-09 22:34:20.386,0.9992722868919373,1,0.999199503660202,1
2026-02-09 22:34:20.493,0.9992988109588623,1,0.999229633808136,1
2026-02-09 22:34:20.600,0.9993102550506592,1,0.9992656767368316,1
2026-02-09 22:34:20.706,0.9993189573287964,1,0.999295037984848,1
2026-02-09 22:34:20.813,0.9993264675140381,1,0.9993110716342926,1
2026-02-09 22:34:20.920,0.9993330836296082,1,0.9993207097053528,1
2026-02-09 22:34:21.026,0.9993379712104797,1,0.9993266820907593,1
2026-02-09 22:34:21.133,0.999337375164032,1,0.9993297219276428,1
2026-02-09 22:34:21.240,0.9993376135826111,1,0.9993320524692535,1
2026-02-09 22:34:21.346,0.9993342757225037,1,0.9993340492248535,1
2026-02-09 22:34:21.453,0.9993320107460022,1,0.999336165189743,1
2026-02-09 22:34:21.560,0.9993292093276978,1,0.9993382632732392,1
2026-02-09 22:34:21.666,0.9993335604667664,1,0.9993403136730195,1
2026-02-09 22:34:21.773,0.9993389248847961,1,0.9993421852588653,1
2026-02-09 22:34:21.880,0.9993476271629333,1,0.9993434011936188,1
2026-02-09 22:34:21.986,0.9993540644645691,1,0.9993442237377167,1
2026-02-09 22:34:22.093,0.9993584752082825,1,0.9993444502353668,1
2026-02-09 22:34:22.200,0.9993560910224915,1,0.9993439614772797,1
2026-02-09 22:34:22.306,0.9993497729301453,1,0.9993414044380188,1
2026-02-09 22:34:22.413,0.9993425011634827,1,0.9993369281291962,1
2026-02-09 22:34:22.520,0.9993342757225037,1,0.9993303000926972,1
2026-02-09 22:34:22.626,0.9993243217468262,1,0.9993216216564178,1
2026-02-09 22:34:22.733,0.9993079900741577,1,0.9993115961551666,1
2026-02-09 22:34:22.840,0.9992941617965698,1,0.9993015706539154,1
2026-02-09 22:34:22.946,0.9992813467979431,1,0.9992916882038116,1
2026-02-09 22:34:23.053,0.9992672801017761,1,0.9992827117443085,1
2026-02-09 22:34:23.160,0.9992582201957703,1,0.9992743670940399,1
2026-02-09 22:34:23.266,0.9992558360099792,1,0.9992669820785522,1
2026-02-09 22:34:23.373,0.9992509484291077,1,0.9992547452449798,1
2026-02-09 22:34:23.480,0.9992527365684509,1,0.999238646030426,1
2026-02-09 22:34:23.586,0.9992508292198181,1,0.9992210149765015,1
2026-02-09 22:34:23.693,0.9992504715919495,1,0.9992011666297913,1
2026-02-09 22:34:23.800,0.9991856217384338,1,0.9991746068000793,1
2026-02-09 22:34:23.906,0.9991331696510315,1,0.9991393148899078,1
2026-02-09 22:34:24.013,0.9991050362586975,1,0.999096006155014,1
2026-02-09 22:34:24.120,0.9990687966346741,1,0.9990442931652069,1
2026-02-09 22:34:24.226,0.9989926218986511,1,0.9989907145500183,1
2026-02-09 22:34:24.333,0.9989029169082642,1,0.9989383578300476,1
2026-02-09 22:34:24.440,0.9988178610801697,1,0.9989014089107513,1
2026-02-09 22:34:24.546,0.9987356066703796,1,0.9988777160644531,1
2026-02-09 22:34:24.653,0.9987150430679321,1,0.9988657236099243,1
2026-02-09 22:34:24.760,0.9987269043922424,1,0.9988623201847077,1
2026-02-09 22:34:24.866,0.9988161325454712,1,0.9988691508769989,1
2026-02-09 22:34:24.973,0.9988962411880493,1,0.9988855242729187,1
2026-02-09 22:34:25.080,0.9989851117134094,1,0.9989091038703919,1
2026-02-09 22:34:25.186,0.9990347623825073,1,0.9989375650882721,1
2026-02-09 22:34:25.293,0.9990609288215637,1,0.9989701986312867,1
2026-02-09 22:34:25.400,0.9990666508674622,1,0.9990038275718689,1
2026-02-09 22:34:25.506,0.9990536570549011,1,0.9990275800228119,1
2026-02-09 22:34:25.613,0.9990202188491821,1,0.9990451395511627,1
2026-02-09 22:34:25.720,0.9990413784980774,1,0.999054741859436,1
2026-02-09 22:34:25.826,0.9990631937980652,1,0.9990576207637787,1
2026-02-09 22:34:25.933,0.9990536570549011,1,0.9990572273731232,1
2026-02-09 22:34:26.040,0.9990718364715576,1,0.9990606665611267,1
2026-02-09 22:34:26.146,0.9990811347961426,1,0.9990680098533631,1
2026-02-09 22:34:26.253,0.9990635514259338,1,0.9990794479846954,1
2026-02-09 22:34:26.360,0.9990569949150085,1,0.9990887224674225,1
2026-02-09 22:34:26.466,0.9991010427474976,1,0.9990967631340026,1
2026-02-09 22:34:26.573,0.9991270899772644,1,0.9991047501564025,1
2026-02-09 22:34:26.680,0.9991346001625061,1,0.9991049408912659,1
2026-02-09 22:34:26.786,0.9991341233253479,1,0.9990949690341949,1
2026-02-09 22:34:26.893,0.9991436004638672,1,0.9990787982940674,1
2026-02-09 22:34:27.000,0.9991335272789001,1,0.9990537345409394,1
2026-02-09 22:34:27.106,0.9990737438201904,1,0.9990172624588013,1
2026-02-09 22:34:27.213,0.9989814162254333,1,0.9989741802215576,1
2026-02-09 22:34:27.320,0.9989018440246582,1,0.9989279687404633,1
2026-02-09 22:34:27.426,0.998806357383728,1,0.9988751828670501,1
2026-02-09 22:34:27.533,0.9987363219261169,1,0.9988101422786713,1
2026-02-09 22:34:27.640,0.9986962676048279,1,0.9987646400928497,1
2026-02-09 22:34:27.746,0.9986724853515625,1,0.9987357974052429,1
2026-02-09 22:34:27.853,0.998606264591217,1,0.9987262725830078,1
2026-02-09 22:34:27.960,0.9984931945800781,1,0.9987292110919952,1
2026-02-09 22:34:28.066,0.9986785054206848,1,0.9987429976463318,1
2026-02-09 22:34:28.173,0.9987853169441223,1,0.9987634301185608,1
2026-02-09 22:34:28.280,0.9988861680030823,1,0.998789769411087,1
2026-02-09 22:34:28.386,0.9989312291145325,1,0.9988231658935547,1
2026-02-09 22:34:28.493,0.9989442229270935,1,0.9988649070262909,1
2026-02-09 22:34:28.600,0.998940646648407,1,0.9989206552505493,1
2026-02-09 22:34:28.706,0.9989596605300903,1,0.9989618480205535,1
2026-02-09 22:34:28.813,0.999006450176239,1,0.9989968121051789,1
2026-02-09 22:34:28.920,0.9990236759185791,1,0.9990259230136871,1
2026-02-09 22:34:29.026,0.9990506768226624,1,0.9990525662899017,1
2026-02-09 22:34:29.133,0.9990904331207275,1,0.9990813374519348,1
2026-02-09 22:34:29.240,0.9991349577903748,1,0.9991127371788024,1
2026-02-09 22:34:29.346,0.9991772770881653,1,0.999144047498703,1
2026-02-09 22:34:29.453,0.9991976618766785,1,0.9991722404956818,1
2026-02-09 22:34:29.560,0.9992319345474243,1,0.9992001354694366,1
2026-02-09 22:34:29.666,0.9992546439170837,1,0.9992263555526734,1
2026-02-09 22:34:29.773,0.9992727637290955,1,0.999249255657196,1
2026-02-09 22:34:29.880,0.9992883801460266,1,0.9992680013179779,1
2026-02-09 22:34:29.986,0.9993026256561279,1,0.9992825388908386,1
2026-02-09 22:34:30.093,0.9993128776550293,1,0.9992950141429902,1
2026-02-09 22:34:30.200,0.9993194341659546,1,0.9993035614490509,1
2026-02-09 22:34:30.306,0.9993224143981934,1,0.9993093729019165,1
2026-02-09 22:34:30.413,0.9993226528167725,1,0.9993130981922149,1
2026-02-09 22:34:30.520,0.9993224143981934,1,0.9993147253990173,1
2026-02-09 22:34:30.626,0.9993174076080322,1,0.9993161201477051,1
2026-02-09 22:34:30.733,0.9993127584457397,1,0.9993168234825134,1
2026-02-09 22:34:30.840,0.9993100166320801,1,0.9993172526359558,1
2026-02-09 22:34:30.946,0.9993046522140503,1,0.9993176579475402,1
2026-02-09 22:34:31.053,0.9993165731430054,1,0.9993180513381958,1
2026-02-09 22:34:31.160,0.9993199110031128,1,0.9993182778358459,1
2026-02-09 22:34:31.266,0.9993237257003784,1,0.99931880235672,1
2026-02-09 22:34:31.373,0.9993264675140381,1,0.9993197083473205,1
2026-02-09 22:34:31.480,0.9993265867233276,1,0.9993206143379212,1
2026-02-09 22:34:31.586,0.9993246793746948,1,0.999321711063385,1
2026-02-09 22:34:31.693,0.9993226528167725,1,0.9993217349052429,1
2026-02-09 22:34:31.800,0.9993218183517456,1,0.9993212699890137,1
2026-02-09 22:34:31.906,0.9993190765380859,1,0.9993186354637146,1
2026-02-09 22:34:32.013,0.999315619468689,1,0.9993138134479522,1
2026-02-09 22:34:32.120,0.9993168115615845,1,0.999307119846344,1
2026-02-09 22:34:32.226,0.9993152618408203,1,0.9992992877960205,1
2026-02-09 22:34:32.333,0.9992973804473877,1,0.9992927372455597,1
2026-02-09 22:34:32.440,0.9992782473564148,1,0.999287211894989,1
2026-02-09 22:34:32.546,0.9992596507072449,1,0.9992826998233795,1
2026-02-09 22:34:32.653,0.99924635887146,1,0.9992790937423706,1
2026-02-09 22:34:32.760,0.9992571473121643,1,0.9992758452892303,1
2026-02-09 22:34:32.866,0.9992665648460388,1,0.9992722034454345,1
2026-02-09 22:34:32.973,0.999273955821991,1,0.9992687284946442,1
2026-02-09 22:34:33.080,0.9992795586585999,1,0.9992650508880615,1
2026-02-09 22:34:33.186,0.9992843270301819,1,0.9992620885372162,1
2026-02-09 22:34:33.293,0.9992788434028625,1,0.9992592394351959,1
2026-02-09 22:34:33.400,0.9992626309394836,1,0.9992531836032867,1
2026-02-09 22:34:33.506,0.9992414712905884,1,0.9992425441741943,1
2026-02-09 22:34:33.613,0.9992300271987915,1,0.9992282509803772,1
2026-02-09 22:34:33.720,0.9992178678512573,1,0.999210387468338,1
2026-02-09 22:34:33.826,0.9991965889930725,1,0.9991894602775574,1
2026-02-09 22:34:33.933,0.9991601705551147,1,0.9991670608520508,1
2026-02-09 22:34:34.040,0.9991310238838196,1,0.999145245552063,1
2026-02-09 22:34:34.146,0.999100923538208,1,0.9991268455982208,1
2026-02-09 22:34:34.253,0.9990750551223755,1,0.9991091370582581,1
2026-02-09 22:34:34.360,0.9990548491477966,1,0.9990941345691681,1
2026-02-09 22:34:34.466,0.9990444779396057,1,0.9990787208080292,1
2026-02-09 22:34:34.573,0.9990574717521667,1,0.999061918258667,1
2026-02-09 22:34:34.680,0.9990529417991638,1,0.9990443527698517,1
2026-02-09 22:34:34.786,0.9990678429603577,1,0.9990244567394256,1
2026-02-09 22:34:34.893,0.9990424513816833,1,0.9990056157112122,1
2026-02-09 22:34:35.000,0.9989921450614929,1,0.9989829897880554,1
2026-02-09 22:34:35.106,0.9989553689956665,1,0.998964148759842,1
2026-02-09 22:34:35.213,0.9989019632339478,1,0.998948049545288,1
2026-02-09 22:34:35.320,0.9988866448402405,1,0.998935055732727,1
2026-02-09 22:34:35.426,0.9988285899162292,1,0.9989241063594818,1
2026-02-09 22:34:35.533,0.9988560676574707,1,0.9989269852638245,1
2026-02-09 22:34:35.640,0.9988964796066284,1,0.9989435374736786,1
2026-02-09 22:34:35.746,0.9989230036735535,1,0.9989698588848114,1
2026-02-09 22:34:35.853,0.9989583492279053,1,0.9990047574043274,1
2026-02-09 22:34:35.960,0.9990712404251099,1,0.9990443229675293,1
2026-02-09 22:34:36.066,0.9991576671600342,1,0.9990911543369293,1
2026-02-09 22:34:36.173,0.9992185831069946,1,0.9991357505321503,1
2026-02-09 22:34:36.280,0.9992509484291077,1,0.9991767108440399,1
2026-02-09 22:34:36.386,0.9992823004722595,1,0.9992149472236633,1
2026-02-09 22:34:36.493,0.9992969036102295,1,0.9992485880851746,1
2026-02-09 22:34:36.600,0.9993020296096802,1,0.9992682039737701,1
2026-02-09 22:34:36.706,0.9993060827255249,1,0.9992785334587098,1
2026-02-09 22:34:36.813,0.9993053674697876,1,0.9992847263813018,1
2026-02-09 22:34:36.920,0.9992947578430176,1,0.9992879092693329,1
2026-02-09 22:34:37.026,0.9992673993110657,1,0.9992874681949615,1
2026-02-09 22:34:37.133,0.9992609620094299,1,0.9992865443229675,1
2026-02-09 22:34:37.240,0.9992805123329163,1,0.999285364151001,1
2026-02-09 22:34:37.346,0.9992827773094177,1,0.9992835581302643,1
2026-02-09 22:34:37.453,0.9992778897285461,1,0.999281370639801,1
2026-02-09 22:34:37.560,0.9992876648902893,1,0.9992793023586273,1
2026-02-09 22:34:37.666,0.9992902278900146,1,0.9992782533168793,1
2026-02-09 22:34:37.773,0.999288022518158,1,0.9992754817008972,1
2026-02-09 22:34:37.880,0.999283492565155,1,0.999268788099289,1
2026-02-09 22:34:37.986,0.9992740750312805,1,0.9992615222930908,1
2026-02-09 22:34:38.093,0.9992569088935852,1,0.9992531776428223,1
2026-02-09 22:34:38.200,0.9992332458496094,1,0.9992397248744964,1
2026-02-09 22:34:38.306,0.9992135763168335,1,0.9992206037044525,1
2026-02-09 22:34:38.413,0.9992101192474365,1,0.9991866171360015,1
2026-02-09 22:34:38.520,0.9991944432258606,1,0.999156790971756,1
2026-02-09 22:34:38.626,0.9991531372070312,1,0.9991373300552369,1
2026-02-09 22:34:38.733,0.9990990161895752,1,0.9991256058216095,1
2026-02-09 22:34:38.840,0.9989481568336487,1,0.9991209626197814,1
2026-02-09 22:34:38.946,0.998985230922699,1,0.9991226196289062,1
2026-02-09 22:34:39.053,0.9990794658660889,1,0.9991279542446136,1
2026-02-09 22:34:39.160,0.999139666557312,1,0.9991363704204559,1
2026-02-09 22:34:39.266,0.9991868138313293,1,0.9991489291191101,1
2026-02-09 22:34:39.373,0.999230146408081,1,0.9991668403148651,1
2026-02-09 22:34:39.480,0.9992634654045105,1,0.9992000162601471,1
2026-02-09 22:34:39.586,0.9992786049842834,1,0.9992294609546661,1
2026-02-09 22:34:39.693,0.999278724193573,1,0.999249255657196,1
2026-02-09 22:34:39.800,0.9992781281471252,1,0.999261349439621,1
2026-02-09 22:34:39.906,0.9992799162864685,1,0.9992671966552734,1
2026-02-09 22:34:40.013,0.9992796778678894,1,0.9992667317390442,1
2026-02-09 22:34:40.120,0.9992774128913879,1,0.9992612361907959,1
2026-02-09 22:34:40.226,0.9992606043815613,1,0.9992535591125489,1
2026-02-09 22:34:40.333,0.999245285987854,1,0.9992470562458038,1
2026-02-09 22:34:40.440,0.9992254972457886,1,0.9992412805557251,1
2026-02-09 22:34:40.546,0.9992085099220276,1,0.999236661195755,1
2026-02-09 22:34:40.653,0.9992018342018127,1,0.9992328524589539,1
2026-02-09 22:34:40.760,0.999213695526123,1,0.9992300033569336,1
2026-02-09 22:34:40.866,0.9992203712463379,1,0.9992282569408417,1
2026-02-09 22:34:40.973,0.9992337226867676,1,0.9992284119129181,1
2026-02-09 22:34:41.080,0.9992415904998779,1,0.9992306470870972,1
2026-02-09 22:34:41.186,0.9992489218711853,1,0.9992353439331054,1
2026-02-09 22:34:41.293,0.9992431402206421,1,0.9992401123046875,1
2026-02-09 22:34:41.400,0.9992468357086182,1,0.9992427349090576,1
2026-02-09 22:34:41.506,0.9992478489875793,1,0.9992433547973633,1
2026-02-09 22:34:41.613,0.9992554783821106,1,0.9992411136627197,1
2026-02-09 22:34:41.720,0.9992495179176331,1,0.999236422777176,1
2026-02-09 22:34:41.826,0.9992399215698242,1,0.9992309272289276,1
2026-02-09 22:34:41.933,0.9992265701293945,1,0.9992259263992309,1
2026-02-09 22:34:42.040,0.999211311340332,1,0.9992203891277314,1
2026-02-09 22:34:42.146,0.9991946816444397,1,0.999214905500412,1
2026-02-09 22:34:42.253,0.9991939663887024,1,0.9992090046405793,1
2026-02-09 22:34:42.360,0.9991931319236755,1,0.9992041289806366,1
2026-02-09 22:34:42.466,0.9991914629936218,1,0.9991990447044372,1
2026-02-09 22:34:42.573,0.999193012714386,1,0.9991933822631835,1
2026-02-09 22:34:42.680,0.999196469783783,1,0.9991864800453186,1
2026-02-09 22:34:42.786,0.9992007613182068,1,0.9991804361343384,1
2026-02-09 22:34:42.893,0.9991890788078308,1,0.9991716861724853,1
2026-02-09 22:34:43.000,0.9991699457168579,1,0.999160212278366,1
2026-02-09 22:34:43.106,0.9991422891616821,1,0.9991439700126648,1
2026-02-09 22:34:43.213,0.9991342425346375,1,0.9991203248500824,1
2026-02-09 22:34:43.320,0.9991064667701721,1,0.9990850448608398,1
2026-02-09 22:34:43.426,0.9990783929824829,1,0.9990498006343842,1
2026-02-09 22:34:43.533,0.9990290403366089,1,0.9990195333957672,1
2026-02-09 22:34:43.640,0.998956561088562,1,0.9989923179149628,1
2026-02-09 22:34:43.746,0.9988436698913574,1,0.99896639585495,1
2026-02-09 22:34:43.853,0.9988483190536499,1,0.9989412307739258,1
2026-02-09 22:34:43.960,0.9988864064216614,1,0.9989202558994293,1
2026-02-09 22:34:44.066,0.9988977909088135,1,0.9989054083824158,1
2026-02-09 22:34:44.173,0.998883068561554,1,0.9988997459411622,1
2026-02-09 22:34:44.280,0.9988825917243958,1,0.9989039719104766,1
2026-02-09 22:34:44.386,0.9988967180252075,1,0.9989301681518554,1
2026-02-09 22:34:44.493,0.9989299178123474,1,0.9989595174789428,1
2026-02-09 22:34:44.600,0.9989724159240723,1,0.9989882588386536,1
2026-02-09 22:34:44.706,0.9989988207817078,1,0.9990175664424896,1
2026-02-09 22:34:44.813,0.9991056323051453,1,0.9990496575832367,1
2026-02-09 22:34:44.920,0.9991418123245239,1,0.9990812122821808,1
2026-02-09 22:34:45.026,0.9991738200187683,1,0.9991138279438019,1
2026-02-09 22:34:45.133,0.9991908669471741,1,0.9991451382637024,1
2026-02-09 22:34:45.240,0.9992039799690247,1,0.9991735517978668,1
2026-02-09 22:34:45.346,0.9991981387138367,1,0.9992004811763764,1
2026-02-09 22:34:45.453,0.9992228746414185,1,0.9992176711559295,1
2026-02-09 22:34:45.560,0.9992430210113525,1,0.9992314338684082,1
2026-02-09 22:34:45.666,0.9992565512657166,1,0.9992429435253143,1
2026-02-09 22:34:45.773,0.999268114566803,1,0.9992544054985046,1
2026-02-09 22:34:45.880,0.9992775321006775,1,0.9992657482624054,1
2026-02-09 22:34:45.986,0.9992794394493103,1,0.999278461933136,1
2026-02-09 22:34:46.093,0.9992889165878296,1,0.9992883920669555,1
2026-02-09 22:34:46.200,0.9993054866790771,1,0.9992958188056946,1
2026-02-09 22:34:46.306,0.9993174076080322,1,0.9993012487888336,1
2026-02-09 22:34:46.413,0.9993252754211426,1,0.9993049621582031,1
2026-02-09 22:34:46.520,0.9993221759796143,1,0.9993062555789948,1
2026-02-09 22:34:46.626,0.9993172883987427,1,0.99930739402771,1
2026-02-09 22:34:46.733,0.9993108510971069,1,0.9993080258369446,1
2026-02-09 22:34:46.840,0.999305248260498,1,0.9993073225021363,1
2026-02-09 22:34:46.946,0.9992904663085938,1,0.9993058443069458,1
2026-02-09 22:34:47.053,0.9992908239364624,1,0.9993043899536133,1
2026-02-09 22:34:47.160,0.9992952346801758,1,0.9993028283119202,1
2026-02-09 22:34:47.266,0.9992984533309937,1,0.999301266670227,1
2026-02-09 22:34:47.373,0.9993026256561279,1,0.9992994546890259,1
2026-02-09 22:34:47.480,0.9993107318878174,1,0.9992976129055023,1
2026-02-09 22:34:47.586,0.9993065595626831,1,0.9992971181869507,1
2026-02-09 22:34:47.693,0.9993016719818115,1,0.9992962539196014,1
2026-02-09 22:34:47.800,0.9992927312850952,1,0.9992933154106141,1
2026-02-09 22:34:47.906,0.9992868304252625,1,0.9992860078811645,1
2026-02-09 22:34:48.013,0.9992855191230774,1,0.9992750823497772,1
2026-02-09 22:34:48.120,0.99928218126297,1,0.9992600739002228,1
2026-02-09 22:34:48.226,0.9992658495903015,1,0.9992460906505585,1
2026-02-09 22:34:48.333,0.999225378036499,1,0.9992328703403472,1
2026-02-09 22:34:48.440,0.9991933703422546,1,0.9992228269577026,1
2026-02-09 22:34:48.546,0.999160647392273,1,0.9992144227027893,1
2026-02-09 22:34:48.653,0.99916672706604,1,0.9992063403129577,1
2026-02-09 22:34:48.760,0.9991694688796997,1,0.9991986751556396,1
2026-02-09 22:34:48.866,0.9991922974586487,1,0.9991937816143036,1
2026-02-09 22:34:48.973,0.9992027878761292,1,0.9991938412189484,1
2026-02-09 22:34:49.080,0.999204695224762,1,0.9991970181465148,1
2026-02-09 22:34:49.186,0.9992055296897888,1,0.9992029786109924,1
2026-02-09 22:34:49.293,0.9992169141769409,1,0.9992070496082306,1
2026-02-09 22:34:49.400,0.9992259740829468,1,0.9992102026939392,1
2026-02-09 22:34:49.506,0.9992251396179199,1,0.9992117524147034,1
2026-02-09 22:34:49.613,0.9992202520370483,1,0.9992134153842926,1
2026-02-09 22:34:49.720,0.9992074370384216,1,0.999215054512024,1
2026-02-09 22:34:49.826,0.9992009997367859,1,0.999218612909317,1
2026-02-09 22:34:49.933,0.9992077946662903,1,0.9992230176925659,1
2026-02-09 22:34:50.040,0.9992194175720215,1,0.9992279708385468,1
2026-02-09 22:34:50.146,0.9992210865020752,1,0.9992342114448547,1
2026-02-09 22:34:50.253,0.9992411136627197,1,0.9992418766021729,1
2026-02-09 22:34:50.360,0.9992609620094299,1,0.9992509067058564,1
2026-02-09 22:34:50.466,0.9992755055427551,1,0.9992607712745667,1
2026-02-09 22:34:50.573,0.9992875456809998,1,0.999269837141037,1
2026-02-09 22:34:50.680,0.9992969036102295,1,0.9992775022983551,1
2026-02-09 22:34:50.786,0.9992977380752563,1,0.9992845833301545,1
2026-02-09 22:34:50.893,0.9992996454238892,1,0.9992877840995789,1
2026-02-09 22:34:51.000,0.9992984533309937,1,0.9992861211299896,1
2026-02-09 22:34:51.106,0.9992960691452026,1,0.9992794334888458,1
2026-02-09 22:34:51.213,0.9992918968200684,1,0.999269038438797,1
2026-02-09 22:34:51.320,0.9992731213569641,1,0.9992530703544616,1
2026-02-09 22:34:51.426,0.9992443323135376,1,0.9992371320724487,1
2026-02-09 22:34:51.533,0.9992086291313171,1,0.9992210865020752,1
2026-02-09 22:34:51.640,0.9991835951805115,1,0.9992050290107727,1
2026-02-09 22:34:51.746,0.9991372227668762,1,0.9991896390914917,1
2026-02-09 22:34:51.853,0.999138355255127,1,0.9991739928722382,1
2026-02-09 22:34:51.960,0.9991391897201538,1,0.9991598904132843,1
2026-02-09 22:34:52.066,0.9991378784179688,1,0.9991474986076355,1
2026-02-09 22:34:52.173,0.9991421699523926,1,0.9991451501846313,1
2026-02-09 22:34:52.280,0.999135434627533,1,0.999152684211731,1
2026-02-09 22:34:52.386,0.9991320967674255,1,0.9991663694381714,1
2026-02-09 22:34:52.493,0.9991204142570496,1,0.999179619550705,1
2026-02-09 22:34:52.600,0.9991851449012756,1,0.9991916298866272,1
2026-02-09 22:34:52.706,0.9992589354515076,1,0.9992028534412384,1
2026-02-09 22:34:52.813,0.9992740750312805,1,0.9992126643657684,1
2026-02-09 22:34:52.920,0.9992708563804626,1,0.9992230653762817,1
2026-02-09 22:34:53.026,0.9992592930793762,1,0.9992358207702636,1
2026-02-09 22:34:53.133,0.9992501139640808,1,0.9992517471313477,1
2026-02-09 22:34:53.240,0.9992402791976929,1,0.9992627799510956,1
2026-02-09 22:34:53.346,0.999239444732666,1,0.9992676019668579,1
2026-02-09 22:34:53.453,0.9992596507072449,1,0.9992725431919098,1
2026-02-09 22:34:53.560,0.9992796778678894,1,0.9992781519889832,1
2026-02-09 22:34:53.666,0.9992954730987549,1,0.9992847263813018,1
2026-02-09 22:34:53.773,0.9993071556091309,1,0.999292004108429,1
2026-02-09 22:34:53.880,0.9993234872817993,1,0.9992996096611023,1
2026-02-09 22:34:53.986,0.9993269443511963,1,0.9993066310882568,1
2026-02-09 22:34:54.093,0.9993250370025635,1,0.9993114292621612,1
2026-02-09 22:34:54.200,0.9993228912353516,1,0.9993137717247009,1
2026-02-09 22:34:54.306,0.9993163347244263,1,0.9993143081665039,1
2026-02-09 22:34:54.413,0.9993096590042114,1,0.9993072748184204,1
2026-02-09 22:34:54.520,0.9993076324462891,1,0.9992839217185974,1
2026-02-09 22:34:54.626,0.9993031024932861,1,0.9992549538612365,1
2026-02-09 22:34:54.733,0.9993008375167847,1,0.9992220222949981,1
2026-02-09 22:34:54.840,0.9992368221282959,1,0.9991869151592254,1
2026-02-09 22:34:54.946,0.9990899562835693,1,0.9991573989391327,1
2026-02-09 22:34:55.053,0.9990372657775879,1,0.9991334915161133,1
2026-02-09 22:34:55.160,0.9989957213401794,1,0.9991124272346497,1
2026-02-09 22:34:55.266,0.9989718198776245,1,0.9990949928760529,1
2026-02-09 22:34:55.373,0.9990211725234985,1,0.9990790903568267,1
2026-02-09 22:34:55.480,0.9990705847740173,1,0.999071329832077,1
2026-02-09 22:34:55.586,0.9990969896316528,1,0.9990783274173737,1
2026-02-09 22:34:55.693,0.9991287589073181,1,0.999088853597641,1
2026-02-09 22:34:55.800,0.9991418123245239,1,0.9990998566150665,1
2026-02-09 22:34:55.906,0.9991592168807983,1,0.9991102039813995,1
2026-02-09 22:34:56.013,0.9991599321365356,1,0.9991147994995118,1
2026-02-09 22:34:56.120,0.9991425275802612,1,0.9991189360618591,1
2026-02-09 22:34:56.226,0.9991057515144348,1,0.9991235256195068,1
2026-02-09 22:34:56.333,0.9990752935409546,1,0.9991261303424835,1
2026-02-09 22:34:56.440,0.9990671277046204,1,0.9991290390491485,1
2026-02-09 22:34:56.546,0.9991119503974915,1,0.9991331696510315,1
2026-02-09 22:34:56.653,0.9991428852081299,1,0.9991392135620117,1
2026-02-09 22:34:56.760,0.999154806137085,1,0.9991485595703125,1
2026-02-09 22:34:56.866,0.9991708993911743,1,0.9991627633571625,1
2026-02-09 22:34:56.973,0.9992005228996277,1,0.9991804122924804,1
2026-02-09 22:34:57.080,0.9992203712463379,1,0.9991993427276611,1
2026-02-09 22:34:57.186,0.999235987663269,1,0.9992128431797027,1
2026-02-09 22:34:57.293,0.9992477893829346,1,0.9992221057415008,1
2026-02-09 22:34:57.400,0.9992517828941345,1,0.9992274284362793,1
2026-02-09 22:34:57.506,0.999256432056427,1,0.9992278516292572,1
2026-02-09 22:34:57.613,0.9992469549179077,1,0.9992228865623474,1
2026-02-09 22:34:57.720,0.9992355108261108,1,0.9992172002792359,1
2026-02-09 22:34:57.826,0.9992080330848694,1,0.9992123782634735,1
2026-02-09 22:34:57.933,0.9991751313209534,1,0.9992097556591034,1
2026-02-09 22:34:58.040,0.9991508722305298,1,0.9992087364196778,1
2026-02-09 22:34:58.146,0.9991635084152222,1,0.9992090225219726,1
2026-02-09 22:34:58.253,0.9991877675056458,1,0.999209600687027,1
2026-02-09 22:34:58.360,0.9992215633392334,1,0.9992105901241303,1
2026-02-09 22:34:58.466,0.9992415904998779,1,0.9992138266563415,1
2026-02-09 22:34:58.573,0.9992592930793762,1,0.9992193877696991,1
2026-02-09 22:34:58.680,0.9992527365684509,1,0.9992261469364166,1
2026-02-09 22:34:58.786,0.9992454051971436,1,0.9992306113243103,1
2026-02-09 22:34:58.893,0.9992403984069824,1,0.9992346346378327,1
2026-02-09 22:34:59.000,0.9992307424545288,1,0.9992354571819305,1
2026-02-09 22:34:59.106,0.9992184638977051,1,0.9992338836193084,1
2026-02-09 22:34:59.213,0.9992081522941589,1,0.9992286264896393,1
2026-02-09 22:34:59.320,0.9992280006408691,1,0.9992264986038208,1
2026-02-09 22:34:59.426,0.9992297887802124,1,0.9992276012897492,1
2026-02-09 22:34:59.533,0.9992258548736572,1,0.9992322206497193,1
2026-02-09 22:34:59.640,0.9992067217826843,1,0.9992395401000976,1
2026-02-09 22:34:59.746,0.9992314577102661,1,0.9992491126060485,1
2026-02-09 22:34:59.853,0.999256432056427,1,0.999259752035141,1
2026-02-09 22:34:59.960,0.9992865920066833,1,0.9992684900760651,1
2026-02-09 22:35:00.066,0.999303936958313,1,0.9992772400379181,1
2026-02-09 22:35:00.173,0.9993141889572144,1,0.999286538362503,1
2026-02-09 22:35:00.280,0.999314546585083,1,0.9992973685264588,1
2026-02-09 22:35:00.386,0.9993153810501099,1,0.9993041276931762,1
2026-02-09 22:35:00.493,0.9993172883987427,1,0.9993072986602783,1
2026-02-09 22:35:00.600,0.9993188381195068,1,0.9993062376976013,1
2026-02-09 22:35:00.706,0.9993150234222412,1,0.9993036448955536,1
2026-02-09 22:35:00.813,0.9992990493774414,1,0.9992993593215942,1
2026-02-09 22:35:00.920,0.9992881417274475,1,0.9992945253849029,1
2026-02-09 22:35:01.026,0.9992759823799133,1,0.9992884755134582,1
2026-02-09 22:35:01.133,0.9992780089378357,1,0.9992819011211396,1
2026-02-09 22:35:01.240,0.9992713332176208,1,0.9992760062217713,1
2026-02-09 22:35:01.346,0.9992662072181702,1,0.999271684885025,1
2026-02-09 22:35:01.453,0.9992548823356628,1,0.9992689490318298,1
2026-02-09 22:35:01.560,0.9992515444755554,1,0.999266791343689,1
2026-02-09 22:35:01.666,0.999259889125824,1,0.9992650270462036,1
2026-02-09 22:35:01.773,0.999271810054779,1,0.9992630362510682,1
2026-02-09 22:35:01.880,0.9992716908454895,1,0.9992622137069702,1
2026-02-09 22:35:01.986,0.9992665648460388,1,0.9992613673210144,1
2026-02-09 22:35:02.093,0.9992583394050598,1,0.999260938167572,1
2026-02-09 22:35:02.200,0.9992581009864807,1,0.9992606043815613,1
2026-02-09 22:35:02.306,0.9992631077766418,1,0.9992623448371887,1
2026-02-09 22:35:02.413,0.9992577433586121,1,0.9992634534835816,1
2026-02-09 22:35:02.520,0.999250590801239,1,0.9992662250995636,1
2026-02-09 22:35:02.626,0.999248206615448,1,0.9992704033851624,1
2026-02-09 22:35:02.733,0.9992772936820984,1,0.9992761313915253,1
2026-02-09 22:35:02.840,0.9992828965187073,1,0.9992825865745545,1
2026-02-09 22:35:02.946,0.9992994070053101,1,0.9992894530296326,1
2026-02-09 22:35:03.053,0.9993083477020264,1,0.9992971062660218,1
2026-02-09 22:35:03.160,0.999315619468689,1,0.9993057966232299,1
2026-02-09 22:35:03.266,0.9993226528167725,1,0.9993149995803833,1
2026-02-09 22:35:03.373,0.9993317723274231,1,0.9993212938308715,1
2026-02-09 22:35:03.480,0.9993342757225037,1,0.9993268609046936,1
2026-02-09 22:35:03.586,0.9993374943733215,1,0.9993304789066315,1
2026-02-09 22:35:03.693,0.9993402361869812,1,0.999332720041275,1
2026-02-09 22:35:03.800,0.9993402361869812,1,0.9993336737155915,1
2026-02-09 22:35:03.906,0.9993385672569275,1,0.9993334233760833,1
2026-02-09 22:35:04.013,0.9993355870246887,1,0.9993316054344177,1
2026-02-09 22:35:04.120,0.9993307590484619,1,0.9993299543857574,1
2026-02-09 22:35:04.226,0.999325156211853,1,0.9993284583091736,1
2026-02-09 22:35:04.333,0.9993201494216919,1,0.9993266761302948,1
2026-02-09 22:35:04.440,0.9993135929107666,1,0.9993249416351319,1
2026-02-09 22:35:04.546,0.9993177652359009,1,0.9993233025074005,1
2026-02-09 22:35:04.653,0.9993225336074829,1,0.9993215799331665,1
2026-02-09 22:35:04.760,0.9993224143981934,1,0.9993199586868287,1
2026-02-09 22:35:04.866,0.9993228912353516,1,0.9993186593055725,1
2026-02-09 22:35:04.973,0.9993221759796143,1,0.9993175029754638,1
2026-02-09 22:35:05.080,0.9993183612823486,1,0.9993162631988526,1
2026-02-09 22:35:05.186,0.999314546585083,1,0.9993127882480621,1
2026-02-09 22:35:05.293,0.999312162399292,1,0.9993064045906067,1
2026-02-09 22:35:05.400,0.9993085861206055,1,0.9992972135543823,1
2026-02-09 22:35:05.506,0.9993011951446533,1,0.9992844641208649,1
2026-02-09 22:35:05.613,0.9992830157279968,1,0.9992704749107361,1
2026-02-09 22:35:05.720,0.9992586970329285,1,0.9992567479610444,1
2026-02-09 22:35:05.826,0.9992305040359497,1,0.9992435455322266,1
2026-02-09 22:35:05.933,0.999195396900177,1,0.9992307484149933,1
2026-02-09 22:35:06.040,0.9991822838783264,1,0.9992188453674317,1
2026-02-09 22:35:06.146,0.9991810917854309,1,0.9992079317569733,1
2026-02-09 22:35:06.253,0.9991825222969055,1,0.9991975843906402,1
2026-02-09 22:35:06.360,0.9991841912269592,1,0.9991880893707276,1
2026-02-09 22:35:06.466,0.999189555644989,1,0.9991793632507324,1
2026-02-09 22:35:06.573,0.9991920590400696,1,0.9991669356822968,1
2026-02-09 22:35:06.680,0.9991795420646667,1,0.9991468966007233,1
2026-02-09 22:35:06.786,0.9991637468338013,1,0.9991208553314209,1
2026-02-09 22:35:06.893,0.9991432428359985,1,0.9990914940834046,1
2026-02-09 22:35:07.000,0.9990711212158203,1,0.999056625366211,1
2026-02-09 22:35:07.106,0.9989818930625916,1,0.9990172564983368,1
2026-02-09 22:35:07.213,0.9989206790924072,1,0.9989726424217225,1
2026-02-09 22:35:07.320,0.9988889098167419,1,0.9989256680011749,1
2026-02-09 22:35:07.426,0.9988355040550232,1,0.9988909065723419,1
2026-02-09 22:35:07.533,0.9987958669662476,1,0.9988739907741546,1
2026-02-09 22:35:07.640,0.9987459182739258,1,0.9988745510578155,1
2026-02-09 22:35:07.746,0.9987097978591919,1,0.998889583349228,1
2026-02-09 22:35:07.853,0.9988161325454712,1,0.9989108800888061,1
2026-02-09 22:35:07.960,0.998974084854126,1,0.9989342808723449,1
2026-02-09 22:35:08.066,0.9990767240524292,1,0.9989597976207734,1
2026-02-09 22:35:08.173,0.9991322159767151,1,0.9989873349666596,1
2026-02-09 22:35:08.280,0.9991336464881897,1,0.9990174412727356,1
2026-02-09 22:35:08.386,0.9991229176521301,1,0.9990506827831268,1
2026-02-09 22:35:08.493,0.9990906715393066,1,0.99907186627388,1
2026-02-09 22:35:08.600,0.9990712404251099,1,0.9990777194499969,1
2026-02-09 22:35:08.706,0.9990469813346863,1,0.9990746021270752,1
2026-02-09 22:35:08.813,0.9990422129631042,1,0.9990691363811492,1
2026-02-09 22:35:08.920,0.9990279674530029,1,0.9990655303001403,1
2026-02-09 22:35:09.026,0.9990326166152954,1,0.9990649461746216,1
2026-02-09 22:35:09.133,0.9990455508232117,1,0.9990716814994812,1
2026-02-09 22:35:09.240,0.999077558517456,1,0.9990837872028351,1
2026-02-09 22:35:09.346,0.9990975856781006,1,0.9991003155708313,1
2026-02-09 22:35:09.453,0.9991170763969421,1,0.9991186201572418,1
2026-02-09 22:35:09.560,0.9991580247879028,1,0.9991397321224212,1
2026-02-09 22:35:09.666,0.9991922974586487,1,0.9991615056991577,1
2026-02-09 22:35:09.773,0.9992122650146484,1,0.9991827607154846,1
2026-02-09 22:35:09.880,0.9992252588272095,1,0.9992008864879608,1
2026-02-09 22:35:09.986,0.9992390871047974,1,0.9992165088653564,1
2026-02-09 22:35:10.093,0.9992503523826599,1,0.9992299437522888,1
2026-02-09 22:35:10.200,0.9992581009864807,1,0.9992395460605621,1
2026-02-09 22:35:10.306,0.999258816242218,1,0.99924595952034,1
2026-02-09 22:35:10.413,0.9992538094520569,1,0.9992516756057739,1
2026-02-09 22:35:10.520,0.9992514252662659,1,0.9992566287517548,1
2026-02-09 22:35:10.626,0.999254047870636,1,0.9992605566978454,1
2026-02-09 22:35:10.733,0.999256432056427,1,0.999263322353363,1
2026-02-09 22:35:10.840,0.999269425868988,1,0.9992653250694274,1
2026-02-09 22:35:10.946,0.9992747902870178,1,0.9992670893669129,1
2026-02-09 22:35:11.053,0.9992783665657043,1,0.9992692232131958,1
2026-02-09 22:35:11.160,0.9992780089378357,1,0.9992714524269104,1
2026-02-09 22:35:11.266,0.9992781281471252,1,0.9992729544639587,1
2026-02-09 22:35:11.373,0.9992764592170715,1,0.9992738246917725,1
2026-02-09 22:35:11.480,0.9992751479148865,1,0.9992717385292054,1
2026-02-09 22:35:11.586,0.9992737174034119,1,0.9992673456668854,1
2026-02-09 22:35:11.693,0.9992690682411194,1,0.9992622971534729,1
2026-02-09 22:35:11.800,0.9992651343345642,1,0.9992572009563446,1
2026-02-09 22:35:11.906,0.9992485642433167,1,0.9992425858974456,1
2026-02-09 22:35:12.013,0.9992308616638184,1,0.9992259800434112,1
2026-02-09 22:35:12.120,0.9992278814315796,1,0.9992100894451141,1
2026-02-09 22:35:12.226,0.9992270469665527,1,0.999196994304657,1
2026-02-09 22:35:12.333,0.999131977558136,1,0.9991869866847992,1
2026-02-09 22:35:12.440,0.9991104006767273,1,0.999178022146225,1
2026-02-09 22:35:12.546,0.9991162419319153,1,0.9991706550121308,1
2026-02-09 22:35:12.653,0.9991427659988403,1,0.999164754152298,1
2026-02-09 22:35:12.760,0.9991689920425415,1,0.9991587579250336,1
2026-02-09 22:35:12.866,0.999175488948822,1,0.9991539120674133,1
2026-02-09 22:35:12.973,0.9991748929023743,1,0.9991598486900329,1
2026-02-09 22:35:13.080,0.9991718530654907,1,0.9991688251495361,1
2026-02-09 22:35:13.186,0.9991679191589355,1,0.9991795599460602,1
2026-02-09 22:35:13.293,0.9991785883903503,1,0.9991873800754547,1
2026-02-09 22:35:13.400,0.9991913437843323,1,0.9991915166378021,1
2026-02-09 22:35:13.506,0.999200165271759,1,0.9991928160190582,1
2026-02-09 22:35:13.613,0.9992235898971558,1,0.9991952359676362,1
2026-02-09 22:35:13.720,0.9992209672927856,1,0.9991986870765686,1
2026-02-09 22:35:13.826,0.9992103576660156,1,0.9992018043994904,1
2026-02-09 22:35:13.933,0.9991884827613831,1,0.9992025554180145,1
2026-02-09 22:35:14.040,0.9991990923881531,1,0.9992003083229065,1
2026-02-09 22:35:14.146,0.9992063641548157,1,0.9991953432559967,1
2026-02-09 22:35:14.253,0.9991990923881531,1,0.9991867959499359,1
2026-02-09 22:35:14.360,0.999186098575592,1,0.9991776823997498,1
2026-02-09 22:35:14.466,0.999168872833252,1,0.9991684257984161,1
2026-02-09 22:35:14.573,0.9991505146026611,1,0.9991589903831481,1
2026-02-09 22:35:14.680,0.9991381168365479,1,0.9991459012031555,1
2026-02-09 22:35:14.786,0.9991298317909241,1,0.9991299152374268,1
2026-02-09 22:35:14.893,0.9991177916526794,1,0.9991143941879272,1
2026-02-09 22:35:15.000,0.9990941286087036,1,0.9991005778312683,1
2026-02-09 22:35:15.106,0.9990682005882263,1,0.9990877449512482,1
2026-02-09 22:35:15.213,0.9990465044975281,1,0.9990938127040863,1
2026-02-09 22:35:15.320,0.999043881893158,1,0.9991030037403107,1
2026-02-09 22:35:15.426,0.9990479350090027,1,0.999114853143692,1
2026-02-09 22:35:15.533,0.9990405440330505,1,0.9991298258304596,1
2026-02-09 22:35:15.640,0.9992111921310425,1,0.9991490006446838,1
2026-02-09 22:35:15.746,0.9992300271987915,1,0.9991716325283051,1
2026-02-09 22:35:15.853,0.9992483258247375,1,0.9991973876953125,1
2026-02-09 22:35:15.960,0.9992675185203552,1,0.9992248117923737,1
2026-02-09 22:35:16.066,0.999285876750946,1,0.9992530703544616,1
2026-02-09 22:35:16.173,0.9992945194244385,1,0.9992829084396362,1
2026-02-09 22:35:16.280,0.9993040561676025,1,0.9992954671382904,1
2026-02-09 22:35:16.386,0.9993181228637695,1,0.9993055760860443,1
2026-02-09 22:35:16.493,0.9993305206298828,1,0.9993140518665313,1
2026-02-09 22:35:16.600,0.9993389248847961,1,0.9993209540843964,1
2026-02-09 22:35:16.706,0.9993367791175842,1,0.999326103925705,1
2026-02-09 22:35:16.813,0.9993311166763306,1,0.9993309736251831,1
2026-02-09 22:35:16.920,0.9993330836296082,1,0.9993353188037872,1
2026-02-09 22:35:17.026,0.9993365406990051,1,0.99933842420578,1
2026-02-09 22:35:17.133,0.999337375164032,1,0.9993403494358063,1
2026-02-09 22:35:17.240,0.99934321641922,1,0.9993412673473359,1
2026-02-09 22:35:17.346,0.9993475079536438,1,0.9993418872356414,1
2026-02-09 22:35:17.453,0.9993491768836975,1,0.9993425607681274,1
2026-02-09 22:35:17.560,0.9993497729301453,1,0.9993427038192749,1
2026-02-09 22:35:17.666,0.9993481040000916,1,0.9993420898914337,1
2026-02-09 22:35:17.773,0.9993429780006409,1,0.9993409872055053,1
2026-02-09 22:35:17.880,0.9993378520011902,1,0.9993381798267365,1
2026-02-09 22:35:17.986,0.9993345141410828,1,0.9993335485458374,1
2026-02-09 22:35:18.093,0.9993304014205933,1,0.9993271470069885,1
2026-02-09 22:35:18.200,0.9993263483047485,1,0.9993189454078675,1
2026-02-09 22:35:18.306,0.9993151426315308,1,0.9993105053901672,1
2026-02-09 22:35:18.413,0.9993011951446533,1,0.9993034482002259,1
2026-02-09 22:35:18.520,0.9992851614952087,1,0.9992977023124695,1
2026-02-09 22:35:18.626,0.9992677569389343,1,0.9992923855781555,1
2026-02-09 22:35:18.733,0.9992637038230896,1,0.9992870032787323,1
2026-02-09 22:35:18.840,0.9992724061012268,1,0.9992817640304565,1
2026-02-09 22:35:18.946,0.9992803931236267,1,0.9992772281169892,1
2026-02-09 22:35:19.053,0.9992813467979431,1,0.9992735981941223,1
2026-02-09 22:35:19.160,0.9992765784263611,1,0.9992711186408997,1
2026-02-09 22:35:19.266,0.999273955821991,1,0.9992704033851624,1
2026-02-09 22:35:19.373,0.9992697834968567,1,0.999269986152649,1
2026-02-09 22:35:19.480,0.9992648959159851,1,0.9992675662040711,1
2026-02-09 22:35:19.586,0.9992603659629822,1,0.9992629945278168,1
2026-02-09 22:35:19.693,0.9992606043815613,1,0.999256432056427,1
2026-02-09 22:35:19.800,0.9992595314979553,1,0.9992483735084534,1
2026-02-09 22:35:19.906,0.999248206615448,1,0.9992393612861633,1
2026-02-09 22:35:20.013,0.999234676361084,1,0.9992315769195557,1
2026-02-09 22:35:20.120,0.9992157220840454,1,0.999225378036499,1
2026-02-09 22:35:20.226,0.9991959929466248,1,0.9992206871509552,1
2026-02-09 22:35:20.333,0.9991838335990906,1,0.999216628074646,1
2026-02-09 22:35:20.440,0.99919193983078,1,0.9992128431797027,1
2026-02-09 22:35:20.546,0.9992029070854187,1,0.9992102146148681,1
2026-02-09 22:35:20.653,0.999213457107544,1,0.9992112994194031,1
2026-02-09 22:35:20.760,0.9992200136184692,1,0.9992170989513397,1
2026-02-09 22:35:20.866,0.999221682548523,1,0.9992263376712799,1
2026-02-09 22:35:20.973,0.999221920967102,1,0.9992371439933777,1
2026-02-09 22:35:21.080,0.9992455244064331,1,0.9992465972900391,1
2026-02-09 22:35:21.186,0.9992737174034119,1,0.9992545366287231,1
2026-02-09 22:35:21.293,0.9992883801460266,1,0.999261099100113,1
2026-02-09 22:35:21.400,0.9992918968200684,1,0.9992671847343445,1
2026-02-09 22:35:21.506,0.9992864727973938,1,0.9992715895175934,1
2026-02-09 22:35:21.613,0.9992823004722595,1,0.9992765784263611,1
2026-02-09 22:35:21.720,0.9992790818214417,1,0.9992796838283539,1
2026-02-09 22:35:21.826,0.9992808699607849,1,0.9992794096469879,1
2026-02-09 22:35:21.933,0.999265730381012,1,0.9992774307727814,1
2026-02-09 22:35:22.040,0.999271810054779,1,0.9992735028266907,1
2026-02-09 22:35:22.146,0.9992765784263611,1,0.9992695987224579,1
2026-02-09 22:35:22.253,0.9992709755897522,1,0.9992658972740174,1
2026-02-09 22:35:22.360,0.9992685914039612,1,0.9992625772953033,1
2026-02-09 22:35:22.466,0.9992526173591614,1,0.9992595613002777,1
2026-02-09 22:35:22.573,0.9992474317550659,1,0.9992570042610168,1
2026-02-09 22:35:22.680,0.999245285987854,1,0.9992516219615937,1
2026-02-09 22:35:22.786,0.9992458820343018,1,0.9992431342601776,1
2026-02-09 22:35:22.893,0.9992507100105286,1,0.9992313981056213,1
2026-02-09 22:35:23.000,0.9992401599884033,1,0.9992165803909302,1
2026-02-09 22:35:23.106,0.9992179870605469,1,0.9992052257061005,1
2026-02-09 22:35:23.213,0.9991917014122009,1,0.9991979002952576,1
2026-02-09 22:35:23.320,0.9991536140441895,1,0.999193686246872,1
2026-02-09 22:35:23.426,0.9991204142570496,1,0.9991915166378021,1
2026-02-09 22:35:23.533,0.9991390705108643,1,0.9991918742656708,1
2026-02-09 22:35:23.640,0.999174177646637,1,0.9991933107376099,1
2026-02-09 22:35:23.746,0.9992031455039978,1,0.9991961121559143,1
2026-02-09 22:35:23.853,0.9992241859436035,1,0.9991998612880707,1
2026-02-09 22:35:23.960,0.9992542862892151,1,0.9992062628269196,1
2026-02-09 22:35:24.066,0.9992545247077942,1,0.9992131054401397,1
2026-02-09 22:35:24.173,0.9992460012435913,1,0.9992163002490997,1
2026-02-09 22:35:24.280,0.9992291927337646,1,0.9992131471633912,1
2026-02-09 22:35:24.386,0.9992176294326782,1,0.9992027223110199,1
2026-02-09 22:35:24.493,0.9991888403892517,1,0.9991875946521759,1
2026-02-09 22:35:24.600,0.9991710186004639,1,0.9991628944873809,1
2026-02-09 22:35:24.706,0.9991426467895508,1,0.9991356194019317,1
2026-02-09 22:35:24.813,0.9990988969802856,1,0.99911128282547,1
2026-02-09 22:35:24.920,0.9990729093551636,1,0.9990954399108887,1
2026-02-09 22:35:25.026,0.9990072846412659,1,0.999085146188736,1
2026-02-09 22:35:25.133,0.998981773853302,1,0.9990807294845581,1
2026-02-09 22:35:25.240,0.9990026354789734,1,0.9990758955478668,1
2026-02-09 22:35:25.346,0.9990707635879517,1,0.9990751266479492,1
2026-02-09 22:35:25.453,0.9991146922111511,1,0.9990808367729187,1
2026-02-09 22:35:25.560,0.9991446733474731,1,0.9990895748138428,1
2026-02-09 22:35:25.666,0.999122679233551,1,0.9991026103496552,1
2026-02-09 22:35:25.773,0.9991349577903748,1,0.9991181313991546,1
2026-02-09 22:35:25.880,0.9991559982299805,1,0.9991349577903748,1
2026-02-09 22:35:25.986,0.9991602897644043,1,0.9991454899311065,1
2026-02-09 22:35:26.093,0.9991376399993896,1,0.999152022600174,1
2026-02-09 22:35:26.200,0.9991369843482971,1,0.9991548001766205,1
2026-02-09 22:35:26.306,0.9991708993911743,1,0.9991619527339936,1
2026-02-09 22:35:26.413,0.9991760849952698,1,0.9991736590862275,1
2026-02-09 22:35:26.520,0.999180018901825,1,0.9991863012313843,1
2026-02-09 22:35:26.626,0.9991724491119385,1,0.9992004632949829,1
2026-02-09 22:35:26.733,0.9991942048072815,1,0.9992181658744812,1
2026-02-09 22:35:26.840,0.9992520213127136,1,0.9992362916469574,1
2026-02-09 22:35:26.946,0.9992824196815491,1,0.9992514193058014,1
2026-02-09 22:35:27.053,0.9993019104003906,1,0.9992662072181702,1
2026-02-09 22:35:27.160,0.9993146657943726,1,0.9992806494235993,1
2026-02-09 22:35:27.266,0.9993182420730591,1,0.9992955982685089,1
2026-02-09 22:35:27.373,0.9993221759796143,1,0.999307656288147,1
2026-02-09 22:35:27.480,0.9993239641189575,1,0.9993131220340729,1
2026-02-09 22:35:27.586,0.9993244409561157,1,0.9993146657943726,1
2026-02-09 22:35:27.693,0.9993219375610352,1,0.9993132770061492,1
2026-02-09 22:35:27.800,0.9993147850036621,1,0.9993096113204956,1
2026-02-09 22:35:27.906,0.9993066787719727,1,0.9993058145046234,1
2026-02-09 22:35:28.013,0.9992978572845459,1,0.9993009448051453,1
2026-02-09 22:35:28.120,0.999288022518158,1,0.9992959320545196,1
2026-02-09 22:35:28.226,0.9992780089378357,1,0.9992913722991943,1
2026-02-09 22:35:28.333,0.9992802739143372,1,0.9992884755134582,1
2026-02-09 22:35:28.440,0.9992734789848328,1,0.9992865204811097,1
2026-02-09 22:35:28.546,0.9992738366127014,1,0.9992851376533508,1
2026-02-09 22:35:28.653,0.9992788434028625,1,0.9992844343185425,1
2026-02-09 22:35:28.760,0.9992929697036743,1,0.999283742904663,1
2026-02-09 22:35:28.866,0.9992952346801758,1,0.9992825984954834,1
2026-02-09 22:35:28.973,0.9992928504943848,1,0.9992787420749665,1
2026-02-09 22:35:29.080,0.9992908239364624,1,0.9992718279361725,1
2026-02-09 22:35:29.186,0.999281108379364,1,0.9992618501186371,1
2026-02-09 22:35:29.293,0.9992665648460388,1,0.9992486000061035,1
2026-02-09 22:35:29.400,0.9992417097091675,1,0.9992321789264679,1
2026-02-09 22:35:29.506,0.9992043375968933,1,0.9992173492908478,1
2026-02-09 22:35:29.613,0.9991740584373474,1,0.9992041409015655,1
2026-02-09 22:35:29.720,0.9991463422775269,1,0.9991932511329651,1
2026-02-09 22:35:29.826,0.9991287589073181,1,0.9991864025592804,1
2026-02-09 22:35:29.933,0.9991469383239746,1,0.9991832971572876,1
2026-02-09 22:35:30.040,0.9991607666015625,1,0.9991825938224792,1
2026-02-09 22:35:30.146,0.9991819262504578,1,0.9991861641407013,1
2026-02-09 22:35:30.253,0.9992126226425171,1,0.9991949021816253,1
2026-02-09 22:35:30.360,0.9992355108261108,1,0.9992077589035034,1
2026-02-09 22:35:30.466,0.999234676361084,1,0.9992226481437683,1
2026-02-09 22:35:30.573,0.9992400407791138,1,0.9992341935634613,1
2026-02-09 22:35:30.680,0.9992614388465881,1,0.9992426812648774,1
2026-02-09 22:35:30.786,0.9992749094963074,1,0.9992471575737,1
2026-02-09 22:35:30.893,0.999277651309967,1,0.9992478370666504,1
2026-02-09 22:35:31.000,0.9992623925209045,1,0.9992466449737549,1
2026-02-09 22:35:31.106,0.9992456436157227,1,0.9992477893829346,1
2026-02-09 22:35:31.213,0.9992266893386841,1,0.999250739812851,1
2026-02-09 22:35:31.320,0.9992194175720215,1,0.9992537140846253,1
2026-02-09 22:35:31.426,0.9992235898971558,1,0.9992570102214813,1
2026-02-09 22:35:31.533,0.9992461204528809,1,0.9992610692977906,1
2026-02-09 22:35:31.640,0.9992695450782776,1,0.9992664277553558,1
2026-02-09 22:35:31.746,0.999291181564331,1,0.9992734253406524,1
2026-02-09 22:35:31.853,0.9993078708648682,1,0.9992821633815765,1
2026-02-09 22:35:31.960,0.9993182420730591,1,0.9992918550968171,1
2026-02-09 22:35:32.066,0.9993159770965576,1,0.9993016660213471,1
2026-02-09 22:35:32.173,0.999315619468689,1,0.9993088781833649,1
2026-02-09 22:35:32.280,0.9993140697479248,1,0.9993125319480896,1
2026-02-09 22:35:32.386,0.9993163347244263,1,0.9993116796016693,1
2026-02-09 22:35:32.493,0.999321699142456,1,0.9993066549301147,1
2026-02-09 22:35:32.600,0.9993182420730591,1,0.999300068616867,1
2026-02-09 22:35:32.706,0.9993060827255249,1,0.9992955803871155,1
2026-02-09 22:35:32.813,0.9992826581001282,1,0.9992913186550141,1
2026-02-09 22:35:32.920,0.9992576241493225,1,0.999287223815918,1
2026-02-09 22:35:33.026,0.9992523789405823,1,0.9992820799350739,1
2026-02-09 22:35:33.133,0.9992710947990417,1,0.9992756843566895,1
2026-02-09 22:35:33.240,0.9992730021476746,1,0.9992696940898895,1
2026-02-09 22:35:33.346,0.9992731213569641,1,0.9992651343345642,1
2026-02-09 22:35:33.453,0.9992648959159851,1,0.9992630481719971,1
2026-02-09 22:35:33.560,0.9992577433586121,1,0.9992640376091003,1
2026-02-09 22:35:33.666,0.9992583394050598,1,0.9992657661437988,1
2026-02-09 22:35:33.773,0.9992604851722717,1,0.9992655992507935,1
2026-02-09 22:35:33.880,0.9992617964744568,1,0.9992651343345642,1
2026-02-09 22:35:33.986,0.9992675185203552,1,0.9992639303207398,1
2026-02-09 22:35:34.093,0.9992696642875671,1,0.9992624402046204,1
2026-02-09 22:35:34.200,0.999269425868988,1,0.9992618441581727,1
2026-02-09 22:35:34.306,0.9992683529853821,1,0.9992626667022705,1
2026-02-09 22:35:34.413,0.9992610812187195,1,0.999264121055603,1
2026-02-09 22:35:34.520,0.9992499947547913,1,0.9992657542228699,1
2026-02-09 22:35:34.626,0.9992517828941345,1,0.9992665886878968,1
2026-02-09 22:35:34.733,0.9992665648460388,1,0.9992668509483338,1
2026-02-09 22:35:34.840,0.9992750287055969,1,0.9992665529251099,1
2026-02-09 22:35:34.946,0.9992781281471252,1,0.9992655992507935,1
2026-02-09 22:35:35.053,0.9992758631706238,1,0.9992663025856018,1
2026-02-09 22:35:35.160,0.9992722868919373,1,0.999271422624588,1
2026-02-09 22:35:35.266,0.9992664456367493,1,0.9992782950401307,1
2026-02-09 22:35:35.373,0.999258816242218,1,0.9992840588092804,1
2026-02-09 22:35:35.480,0.999268114566803,1,0.9992884993553162,1
2026-02-09 22:35:35.586,0.9993011951446533,1,0.9992916285991669,1
2026-02-09 22:35:35.693,0.9993205070495605,1,0.9992936015129089,1
2026-02-09 22:35:35.800,0.9993242025375366,1,0.9992960751056671,1
2026-02-09 22:35:35.906,0.9993194341659546,1,0.999299144744873,1
2026-02-09 22:35:36.013,0.9993094205856323,1,0.9993031442165374,1
2026-02-09 22:35:36.120,0.9992955923080444,1,0.9993066906929016,1
2026-02-09 22:35:36.226,0.999297022819519,1,0.9993071675300598,1
2026-02-09 22:35:36.333,0.9992971420288086,1,0.9993048906326294,1
2026-02-09 22:35:36.440,0.9992988109588623,1,0.9993014454841613,1
2026-02-09 22:35:36.546,0.9993035793304443,1,0.9992984890937805,1
2026-02-09 22:35:36.653,0.9993059635162354,1,0.9992968082427979,1
2026-02-09 22:35:36.760,0.9992977380752563,1,0.9992967247962952,1
2026-02-09 22:35:36.866,0.9992897510528564,1,0.9992960333824158,1
2026-02-09 22:35:36.973,0.999289870262146,1,0.9992945969104767,1
2026-02-09 22:35:37.080,0.9992926120758057,1,0.9992907285690308,1
2026-02-09 22:35:37.186,0.9992947578430176,1,0.9992845177650451,1
2026-02-09 22:35:37.293,0.9992901086807251,1,0.9992716252803803,1
2026-02-09 22:35:37.400,0.9992827773094177,1,0.9992593884468078,1
2026-02-09 22:35:37.506,0.9992601275444031,1,0.9992479503154754,1
2026-02-09 22:35:37.613,0.9992414712905884,1,0.9992366671562195,1
2026-02-09 22:35:37.720,0.9991770386695862,1,0.9992268860340119,1
2026-02-09 22:35:37.826,0.9991753697395325,1,0.9992178082466125,1
2026-02-09 22:35:37.933,0.9991753697395325,1,0.9992078244686127,1
2026-02-09 22:35:38.040,0.9991770386695862,1,0.9991976082324981,1
2026-02-09 22:35:38.146,0.9991948008537292,1,0.9991885304450989,1
2026-02-09 22:35:38.253,0.9992039799690247,1,0.9991795182228088,1
2026-02-09 22:35:38.360,0.9991902709007263,1,0.9991749286651611,1
2026-02-09 22:35:38.466,0.9991806149482727,1,0.9991677880287171,1
2026-02-09 22:35:38.573,0.9991693496704102,1,0.9991546630859375,1
2026-02-09 22:35:38.680,0.999151349067688,1,0.9991330683231354,1
2026-02-09 22:35:38.786,0.9991311430931091,1,0.9991047263145447,1
2026-02-09 22:35:38.893,0.9991039633750916,1,0.9990695416927338,1
2026-02-09 22:35:39.000,0.9990441203117371,1,0.9990371704101563,1
2026-02-09 22:35:39.106,0.9989610910415649,1,0.9990087687969208,1
2026-02-09 22:35:39.213,0.9989113807678223,1,0.9989842534065246,1
2026-02-09 22:35:39.320,0.9988521337509155,1,0.9989623367786408,1
2026-02-09 22:35:39.426,0.9988665580749512,1,0.9989426553249359,1
2026-02-09 22:35:39.533,0.998896598815918,1,0.9989229679107666,1
2026-02-09 22:35:39.640,0.998924195766449,1,0.9989051878452301,1
2026-02-09 22:35:39.746,0.9989321827888489,1,0.9988939225673675,1
2026-02-09 22:35:39.853,0.9989343285560608,1,0.9988850116729736,1
2026-02-09 22:35:39.960,0.9989070892333984,1,0.9988959193229675,1
2026-02-09 22:35:40.066,0.9988663196563721,1,0.998912763595581,1
2026-02-09 22:35:40.173,0.9988484382629395,1,0.9989313006401062,1
2026-02-09 22:35:40.280,0.9988222718238831,1,0.9989520192146302,1
2026-02-09 22:35:40.386,0.9989612102508545,1,0.9989727079868317,1
2026-02-09 22:35:40.493,0.9990350008010864,1,0.9989946722984314,1
2026-02-09 22:35:40.600,0.9990819692611694,1,0.9990212082862854,1
2026-02-09 22:35:40.706,0.9991313815116882,1,0.9990546405315399,1
2026-02-09 22:35:40.813,0.9991390705108643,1,0.9990931808948517,1
2026-02-09 22:35:40.920,0.9991539716720581,1,0.9991383850574493,1
2026-02-09 22:35:41.026,0.9991724491119385,1,0.9991730153560638,1
2026-02-09 22:35:41.133,0.9992006421089172,1,0.9992017209529876,1
2026-02-09 22:35:41.240,0.9992338418960571,1,0.9992265045642853,1
2026-02-09 22:35:41.346,0.9992743134498596,1,0.9992474496364594,1
2026-02-09 22:35:41.453,0.9993075132369995,1,0.99926837682724,1
2026-02-09 22:35:41.560,0.9993220567703247,1,0.9992883861064911,1
2026-02-09 22:35:41.666,0.9993298053741455,1,0.9993064403533936,1
2026-02-09 22:35:41.773,0.999340832233429,1,0.9993215203285217,1
2026-02-09 22:35:41.880,0.9993483424186707,1,0.9993331015110016,1
2026-02-09 22:35:41.986,0.9993540644645691,1,0.9993404567241668,1
2026-02-09 22:35:42.093,0.9993529915809631,1,0.9993441700935364,1
2026-02-09 22:35:42.200,0.999351441860199,1,0.999346774816513,1
2026-02-09 22:35:42.306,0.9993496537208557,1,0.9993488788604736,1
2026-02-09 22:35:42.413,0.9993478655815125,1,0.9993499875068664,1
2026-02-09 22:35:42.520,0.9993446469306946,1,0.9993505835533142,1
2026-02-09 22:35:42.626,0.9993481040000916,1,0.9993507027626037,1
2026-02-09 22:35:42.733,0.9993508458137512,1,0.9993508577346801,1
2026-02-09 22:35:42.840,0.9993519186973572,1,0.9993512392044067,1
2026-02-09 22:35:42.946,0.9993543028831482,1,0.9993518352508545,1
2026-02-09 22:35:43.053,0.9993552565574646,1,0.9993526220321656,1
2026-02-09 22:35:43.160,0.9993545413017273,1,0.9993534326553345,1
2026-02-09 22:35:43.266,0.9993552565574646,1,0.999353039264679,1
2026-02-09 22:35:43.373,0.9993556141853333,1,0.9993514776229858,1
2026-02-09 22:35:43.480,0.9993557333946228,1,0.9993480980396271,1
2026-02-09 22:35:43.586,0.999352753162384,1,0.9993425011634827,1
2026-02-09 22:35:43.693,0.9993441700935364,1,0.9993371188640594,1
2026-02-09 22:35:43.800,0.9993352293968201,1,0.9993316411972046,1
2026-02-09 22:35:43.906,0.9993181228637695,1,0.9993264853954316,1
2026-02-09 22:35:44.013,0.9992983341217041,1,0.9993212938308715,1
2026-02-09 22:35:44.120,0.9993014335632324,1,0.9993166506290436,1
2026-02-09 22:35:44.226,0.9992997646331787,1,0.9993127584457397,1
2026-02-09 22:35:44.333,0.9993036985397339,1,0.9993088781833649,1
2026-02-09 22:35:44.440,0.9993036985397339,1,0.9993053793907165,1
2026-02-09 22:35:44.546,0.9993093013763428,1,0.9993030905723572,1
2026-02-09 22:35:44.653,0.9993138313293457,1,0.999302351474762,1
2026-02-09 22:35:44.760,0.9993053674697876,1,0.9993002593517304,1
2026-02-09 22:35:44.866,0.9993002414703369,1,0.999297273159027,1
2026-02-09 22:35:44.973,0.9992952346801758,1,0.9992926776409149,1
2026-02-09 22:35:45.080,0.999290943145752,1,0.9992869913578033,1
2026-02-09 22:35:45.186,0.9992805123329163,1,0.9992798030376434,1
2026-02-09 22:35:45.293,0.9992699027061462,1,0.9992715179920196,1
2026-02-09 22:35:45.400,0.9992577433586121,1,0.9992641270160675,1
2026-02-09 22:35:45.506,0.9992468357086182,1,0.9992577254772186,1
2026-02-09 22:35:45.613,0.9992374181747437,1,0.9992531061172485,1
2026-02-09 22:35:45.720,0.9992309808731079,1,0.9992498576641082,1
2026-02-09 22:35:45.826,0.9992314577102661,1,0.9992474734783172,1
2026-02-09 22:35:45.933,0.9992362260818481,1,0.9992450118064881,1
2026-02-09 22:35:46.040,0.9992490410804749,1,0.9992421925067901,1
2026-02-09 22:35:46.146,0.9992584586143494,1,0.9992413938045501,1
2026-02-09 22:35:46.253,0.9992566704750061,1,0.9992438197135926,1
2026-02-09 22:35:46.360,0.999245285987854,1,0.9992481052875519,1
2026-02-09 22:35:46.466,0.9992295503616333,1,0.999252188205719,1
2026-02-09 22:35:46.573,0.9992388486862183,1,0.9992548644542694,1
2026-02-09 22:35:46.680,0.9992616772651672,1,0.9992553532123566,1
2026-02-09 22:35:46.786,0.9992738366127014,1,0.9992533564567566,1
2026-02-09 22:35:46.893,0.9992722868919373,1,0.9992522180080414,1
2026-02-09 22:35:47.000,0.9992629885673523,1,0.9992526292800903,1
2026-02-09 22:35:47.106,0.9992539286613464,1,0.9992548048496246,1
2026-02-09 22:35:47.213,0.9992384910583496,1,0.9992557406425476,1
2026-02-09 22:35:47.320,0.999245285987854,1,0.9992550492286683,1
2026-02-09 22:35:47.426,0.9992493987083435,1,0.9992536544799805,1
2026-02-09 22:35:47.533,0.9992513060569763,1,0.9992531299591064,1
2026-02-09 22:35:47.640,0.999248206615448,1,0.9992537498474121,1
2026-02-09 22:35:47.746,0.9992547631263733,1,0.9992553472518921,1
2026-02-09 22:35:47.853,0.999259889125824,1,0.9992588222026825,1
2026-02-09 22:35:47.960,0.999267041683197,1,0.9992608904838562,1
2026-02-09 22:35:48.066,0.9992691874504089,1,0.9992621302604675,1
2026-02-09 22:35:48.173,0.9992699027061462,1,0.9992626905441284,1
2026-02-09 22:35:48.280,0.9992732405662537,1,0.9992626905441284,1
2026-02-09 22:35:48.386,0.9992659687995911,1,0.9992598593235016,1
2026-02-09 22:35:48.493,0.9992617964744568,1,0.999256145954132,1
2026-02-09 22:35:48.600,0.9992569088935852,1,0.9992519199848175,1
2026-02-09 22:35:48.706,0.999248206615448,1,0.9992483496665955,1
2026-02-09 22:35:48.813,0.999226450920105,1,0.9992467880249023,1
2026-02-09 22:35:48.920,0.9992227554321289,1,0.9992468953132629,1
2026-02-09 22:35:49.026,0.9992247819900513,1,0.9992489814758301,1
2026-02-09 22:35:49.133,0.9992334842681885,1,0.9992530286312103,1
2026-02-09 22:35:49.240,0.9992542862892151,1,0.9992583990097046,1
2026-02-09 22:35:49.346,0.9992743134498596,1,0.9992654740810394,1
2026-02-09 22:35:49.453,0.9992868304252625,1,0.9992749631404877,1
2026-02-09 22:35:49.560,0.9993022680282593,1,0.9992848455905914,1
2026-02-09 22:35:49.666,0.9993106126785278,1,0.9992938101291656,1
2026-02-09 22:35:49.773,0.9993189573287964,1,0.9993010938167572,1
2026-02-09 22:35:49.880,0.9993213415145874,1,0.999305260181427,1
2026-02-09 22:35:49.986,0.9993215799331665,1,0.9993064045906067,1
2026-02-09 22:35:50.093,0.9993144273757935,1,0.999306732416153,1
2026-02-09 22:35:50.200,0.999306321144104,1,0.999305659532547,1
2026-02-09 22:35:50.306,0.9992959499359131,1,0.9993038594722747,1
2026-02-09 22:35:50.413,0.9992857575416565,1,0.9993012607097626,1
2026-02-09 22:35:50.520,0.9992901086807251,1,0.999298733472824,1
2026-02-09 22:35:50.626,0.9992915391921997,1,0.9992961823940277,1
2026-02-09 22:35:50.733,0.9992926120758057,1,0.9992941796779633,1
2026-02-09 22:35:50.840,0.9992929697036743,1,0.999293178319931,1
2026-02-09 22:35:50.946,0.9992960691452026,1,0.9992926895618439,1
2026-02-09 22:35:51.053,0.9992960691452026,1,0.9992928802967072,1
2026-02-09 22:35:51.160,0.9992944002151489,1,0.9992914915084838,1
2026-02-09 22:35:51.266,0.9992963075637817,1,0.9992882907390594,1
2026-02-09 22:35:51.373,0.9992910623550415,1,0.9992842435836792,1
2026-02-09 22:35:51.480,0.9992876648902893,1,0.9992783784866333,1
2026-02-09 22:35:51.586,0.9992762207984924,1,0.9992694795131684,1
2026-02-09 22:35:51.693,0.9992595314979553,1,0.9992613852024078,1
2026-02-09 22:35:51.800,0.9992521405220032,1,0.9992549240589141,1
2026-02-09 22:35:51.906,0.9992343187332153,1,0.9992496311664582,1
2026-02-09 22:35:52.013,0.999207079410553,1,0.9992469429969788,1
2026-02-09 22:35:52.120,0.9992151260375977,1,0.999247020483017,1
2026-02-09 22:35:52.226,0.9992297887802124,1,0.9992497801780701,1
2026-02-09 22:35:52.333,0.9992433786392212,1,0.9992566049098969,1
2026-02-09 22:35:52.440,0.9992641806602478,1,0.9992651641368866,1
2026-02-09 22:35:52.546,0.9992884397506714,1,0.9992757439613342,1
2026-02-09 22:35:52.653,0.9993038177490234,1,0.9992892146110535,1
2026-02-09 22:35:52.760,0.9993277788162231,1,0.9993015944957733,1
2026-02-09 22:35:52.866,0.9993377327919006,1,0.9993122100830079,1
2026-02-09 22:35:52.973,0.9993401169776917,1,0.9993210077285767,1
2026-02-09 22:35:53.080,0.9993417859077454,1,0.9993274509906769,1
2026-02-09 22:35:53.186,0.9993389248847961,1,0.9993314325809479,1
2026-02-09 22:35:53.293,0.9993359446525574,1,0.999334704875946,1
2026-02-09 22:35:53.400,0.9993313550949097,1,0.9993362963199616,1
2026-02-09 22:35:53.506,0.99932861328125,1,0.999337512254715,1
2026-02-09 22:35:53.613,0.9993282556533813,1,0.9993389666080474,1
2026-02-09 22:35:53.720,0.9993365406990051,1,0.9993406236171722,1
2026-02-09 22:35:53.826,0.9993436932563782,1,0.9993426382541657,1
2026-02-09 22:35:53.933,0.9993498921394348,1,0.9993450105190277,1
2026-02-09 22:35:54.040,0.9993546605110168,1,0.9993478417396545,1
2026-02-09 22:35:54.146,0.9993583559989929,1,0.9993508040904999,1
2026-02-09 22:35:54.253,0.9993590712547302,1,0.9993536233901977,1
2026-02-09 22:35:54.360,0.999359667301178,1,0.9993552088737487,1
2026-02-09 22:35:54.466,0.999359667301178,1,0.9993550539016723,1
2026-02-09 22:35:54.573,0.9993582367897034,1,0.999352902173996,1
2026-02-09 22:35:54.680,0.9993564486503601,1,0.9993493914604187,1
2026-02-09 22:35:54.786,0.9993523955345154,1,0.9993451058864593,1
2026-02-09 22:35:54.893,0.999342143535614,1,0.9993416905403137,1
2026-02-09 22:35:55.000,0.9993283748626709,1,0.9993384540081024,1
2026-02-09 22:35:55.106,0.9993195533752441,1,0.9993353486061096,1
2026-02-09 22:35:55.213,0.9993155002593994,1,0.9993327379226684,1
2026-02-09 22:35:55.320,0.9993249177932739,1,0.9993305802345276,1
2026-02-09 22:35:55.426,0.9993273019790649,1,0.9993281662464142,1
2026-02-09 22:35:55.533,0.99932861328125,1,0.9993248343467712,1
2026-02-09 22:35:55.640,0.9993321299552917,1,0.9993203341960907,1
2026-02-09 22:35:55.746,0.9993348717689514,1,0.9993155241012573,1
2026-02-09 22:35:55.853,0.9993282556533813,1,0.9993103921413422,1
2026-02-09 22:35:55.960,0.9993088245391846,1,0.9993034720420837,1
2026-02-09 22:35:56.066,0.9992833733558655,1,0.9992958724498748,1
2026-02-09 22:35:56.173,0.9992714524269104,1,0.9992870271205903,1
2026-02-09 22:35:56.280,0.9992641806602478,1,0.9992764353752136,1
2026-02-09 22:35:56.386,0.9992557168006897,1,0.9992634654045105,1
2026-02-09 22:35:56.493,0.9992513060569763,1,0.999251639842987,1
2026-02-09 22:35:56.600,0.9992401599884033,1,0.9992430686950684,1
2026-02-09 22:35:56.706,0.9992262125015259,1,0.9992376029491424,1
2026-02-09 22:35:56.813,0.9992051720619202,1,0.9992306053638458,1
2026-02-09 22:35:56.920,0.999210000038147,1,0.999221396446228,1
2026-02-09 22:35:57.026,0.9992231130599976,1,0.999209213256836,1
2026-02-09 22:35:57.133,0.9992287158966064,1,0.9991953611373902,1
2026-02-09 22:35:57.240,0.9992014765739441,1,0.9991810083389282,1
2026-02-09 22:35:57.346,0.9991720914840698,1,0.999167537689209,1
2026-02-09 22:35:57.453,0.9991338849067688,1,0.9991462230682373,1
2026-02-09 22:35:57.560,0.9991127848625183,1,0.9991129815578461,1
2026-02-09 22:35:57.666,0.9990966320037842,1,0.9990682363510132,1
2026-02-09 22:35:57.773,0.9990915060043335,1,0.9990142166614533,1
2026-02-09 22:35:57.880,0.9989920258522034,1,0.9989524960517884,1
2026-02-09 22:35:57.986,0.9988775849342346,1,0.9988945782184601,1
2026-02-09 22:35:58.093,0.9987756609916687,1,0.9988371074199677,1
2026-02-09 22:35:58.200,0.9986885190010071,1,0.9987749695777893,1
2026-02-09 22:35:58.306,0.9985842704772949,1,0.9987266182899475,1
2026-02-09 22:35:58.413,0.9985929131507874,1,0.9986944019794464,1
2026-02-09 22:35:58.520,0.9985591769218445,1,0.998686945438385,1
2026-02-09 22:35:58.626,0.9984914064407349,1,0.9986946403980255,1
2026-02-09 22:35:58.733,0.9986131191253662,1,0.9987148642539978,1
2026-02-09 22:35:58.840,0.9987693428993225,1,0.9987468600273133,1
2026-02-09 22:35:58.946,0.9989174604415894,1,0.998799067735672,1
2026-02-09 22:35:59.053,0.9989545345306396,1,0.9988499283790588,1
2026-02-09 22:35:59.160,0.9989778995513916,1,0.9989030182361602,1
2026-02-09 22:35:59.266,0.9990084767341614,1,0.9989613592624664,1
2026-02-09 22:35:59.373,0.9991063475608826,1,0.9990070343017579,1
2026-02-09 22:35:59.480,0.9991015195846558,1,0.9990411520004272,1
2026-02-09 22:35:59.586,0.9990900754928589,1,0.9990682780742646,1
2026-02-09 22:35:59.693,0.9990748167037964,1,0.9990975558757782,1
2026-02-09 22:35:59.800,0.99906986951828,1,0.9991297423839569,1
2026-02-09 22:35:59.906,0.9991105198860168,1,0.9991611361503601,1
2026-02-09 22:36:00.013,0.9991887211799622,1,0.9991841793060303,1
2026-02-09 22:36:00.120,0.9992473125457764,1,0.9992080509662629,1
2026-02-09 22:36:00.226,0.9992997646331787,1,0.9992335557937622,1
2026-02-09 22:36:00.333,0.9993224143981934,1,0.9992608249187469,1
2026-02-09 22:36:00.440,0.9993367791175842,1,0.9992887318134308,1
2026-02-09 22:36:00.546,0.9993402361869812,1,0.9993126690387726,1
2026-02-09 22:36:00.653,0.9993451237678528,1,0.9993285834789276,1
2026-02-09 22:36:00.760,0.9993475079536438,1,0.9993382692337036,1
2026-02-09 22:36:00.866,0.9993489384651184,1,0.9993423044681549,1
2026-02-09 22:36:00.973,0.9993498921394348,1,0.9993435978889466,1
2026-02-09 22:36:01.080,0.9993478655815125,1,0.9993428647518158,1
2026-02-09 22:36:01.186,0.9993441700935364,1,0.9993423998355866,1
2026-02-09 22:36:01.293,0.9993401169776917,1,0.9993421375751496,1
2026-02-09 22:36:01.400,0.9993353486061096,1,0.9993421971797943,1
2026-02-09 22:36:01.506,0.9993294477462769,1,0.9993424713611603,1
2026-02-09 22:36:01.613,0.9993355870246887,1,0.9993430078029633,1
2026-02-09 22:36:01.720,0.9993425011634827,1,0.9993437469005585,1
2026-02-09 22:36:01.826,0.9993481040000916,1,0.9993448197841645,1
2026-02-09 22:36:01.933,0.9993516802787781,1,0.9993458688259125,1
2026-02-09 22:36:02.040,0.9993552565574646,1,0.9993471324443817,1
2026-02-09 22:36:02.146,0.9993552565574646,1,0.999348771572113,1
2026-02-09 22:36:02.253,0.999354898929596,1,0.9993492126464844,1
2026-02-09 22:36:02.360,0.9993506073951721,1,0.9993486046791077,1
2026-02-09 22:36:02.466,0.999347984790802,1,0.9993472218513488,1
2026-02-09 22:36:02.573,0.9993458390235901,1,0.9993452668190003,1
2026-02-09 22:36:02.680,0.9993399977684021,1,0.9993426263332367,1
2026-02-09 22:36:02.786,0.9993364214897156,1,0.9993403255939484,1
2026-02-09 22:36:02.893,0.9993342757225037,1,0.9993382513523101,1
2026-02-09 22:36:03.000,0.9993321299552917,1,0.9993364989757538,1
2026-02-09 22:36:03.106,0.9993288516998291,1,0.9993346333503723,1
2026-02-09 22:36:03.213,0.9993322491645813,1,0.999332708120346,1
2026-02-09 22:36:03.320,0.9993341565132141,1,0.999331021308899,1
2026-02-09 22:36:03.426,0.9993330836296082,1,0.9993292152881622,1
2026-02-09 22:36:03.533,0.9993293285369873,1,0.99932701587677,1
2026-02-09 22:36:03.640,0.9993265867233276,1,0.9993243992328644,1
2026-02-09 22:36:03.746,0.9993231296539307,1,0.9993204653263092,1
2026-02-09 22:36:03.853,0.9993183612823486,1,0.9993145406246186,1
2026-02-09 22:36:03.960,0.9993122816085815,1,0.9993066847324371,1
2026-02-09 22:36:04.066,0.9993059635162354,1,0.9992964148521424,1
2026-02-09 22:36:04.173,0.9992895126342773,1,0.9992821276187897,1
2026-02-09 22:36:04.280,0.9992730021476746,1,0.9992635190486908,1
2026-02-09 22:36:04.386,0.9992555975914001,1,0.9992454349994659,1
2026-02-09 22:36:04.493,0.9992303848266602,1,0.9992276966571808,1
2026-02-09 22:36:04.600,0.9991864562034607,1,0.999209713935852,1
2026-02-09 22:36:04.706,0.9991405010223389,1,0.9991885423660278,1
2026-02-09 22:36:04.813,0.9991422891616821,1,0.999166339635849,1
2026-02-09 22:36:04.920,0.9991409778594971,1,0.9991449177265167,1
2026-02-09 22:36:05.026,0.9991324543952942,1,0.9991287350654602,1
2026-02-09 22:36:05.133,0.9990942478179932,1,0.9991199612617493,1
2026-02-09 22:36:05.240,0.999067485332489,1,0.9991206288337707,1
2026-02-09 22:36:05.346,0.9990587830543518,1,0.9991279482841492,1
2026-02-09 22:36:05.453,0.999093770980835,1,0.9991365551948548,1
2026-02-09 22:36:05.560,0.9991426467895508,1,0.9991473376750946,1
2026-02-09 22:36:05.666,0.9991931319236755,1,0.9991583824157715,1
2026-02-09 22:36:05.773,0.999213695526123,1,0.9991724252700805,1
2026-02-09 22:36:05.880,0.9992283582687378,1,0.9991877377033234,1
2026-02-09 22:36:05.986,0.9992488026618958,1,0.9992025673389435,1
2026-02-09 22:36:06.093,0.999242901802063,1,0.9992154896259308,1
2026-02-09 22:36:06.200,0.999234676361084,1,0.9992263317108154,1
2026-02-09 22:36:06.306,0.999220609664917,1,0.999235212802887,1
2026-02-09 22:36:06.413,0.999207079410553,1,0.9992437720298767,1
2026-02-09 22:36:06.520,0.999222993850708,1,0.9992514848709106,1
2026-02-09 22:36:06.626,0.9992510676383972,1,0.999257892370224,1
2026-02-09 22:36:06.733,0.9992819428443909,1,0.9992651641368866,1
2026-02-09 22:36:06.840,0.9992992877960205,1,0.9992736041545868,1
2026-02-09 22:36:06.946,0.9993054866790771,1,0.9992835581302643,1
2026-02-09 22:36:07.053,0.9993128776550293,1,0.9992945909500122,1
2026-02-09 22:36:07.160,0.999315619468689,1,0.9993038058280945,1
2026-02-09 22:36:07.266,0.9993190765380859,1,0.999309915304184,1
2026-02-09 22:36:07.373,0.9993201494216919,1,0.9993118286132813,1
2026-02-09 22:36:07.480,0.9993174076080322,1,0.9993104755878448,1
2026-02-09 22:36:07.586,0.9993151426315308,1,0.9993081450462341,1
2026-02-09 22:36:07.693,0.999312162399292,1,0.9993042767047882,1
2026-02-09 22:36:07.800,0.9993010759353638,1,0.9992999315261841,1
2026-02-09 22:36:07.906,0.9992857575416565,1,0.9992946684360504,1
2026-02-09 22:36:08.013,0.99928218126297,1,0.9992889285087585,1
2026-02-09 22:36:08.120,0.9992741942405701,1,0.9992847621440888,1
2026-02-09 22:36:08.226,0.9992721676826477,1,0.9992824137210846,1
2026-02-09 22:36:08.333,0.9992664456367493,1,0.9992817580699921,1
2026-02-09 22:36:08.440,0.9992627501487732,1,0.9992825329303742,1
2026-02-09 22:36:08.546,0.9992757439613342,1,0.9992851853370667,1
2026-02-09 22:36:08.653,0.9992916584014893,1,0.9992881000041962,1
2026-02-09 22:36:08.760,0.9993056058883667,1,0.999291181564331,1
2026-02-09 22:36:08.866,0.9993088245391846,1,0.9992937386035919,1
2026-02-09 22:36:08.973,0.9993122816085815,1,0.9992950737476349,1
2026-02-09 22:36:09.080,0.9993113279342651,1,0.9992951929569245,1
2026-02-09 22:36:09.186,0.999305009841919,1,0.9992943465709686,1
2026-02-09 22:36:09.293,0.9992977380752563,1,0.9992923617362977,1
2026-02-09 22:36:09.400,0.999279797077179,1,0.9992882072925567,1
2026-02-09 22:36:09.506,0.9992639422416687,1,0.9992839574813843,1
2026-02-09 22:36:09.613,0.9992672801017761,1,0.9992798745632172,1
2026-02-09 22:36:09.720,0.999271810054779,1,0.9992759108543396,1
2026-02-09 22:36:09.826,0.9992640614509583,1,0.9992721617221832,1
2026-02-09 22:36:09.933,0.9992663264274597,1,0.9992683053016662,1
2026-02-09 22:36:10.040,0.9992714524269104,1,0.9992663741111756,1
2026-02-09 22:36:10.146,0.9992716908454895,1,0.9992652654647827,1
2026-02-09 22:36:10.253,0.9992675185203552,1,0.9992628514766693,1
2026-02-09 22:36:10.360,0.9992591738700867,1,0.999259638786316,1
2026-02-09 22:36:10.466,0.9992604851722717,1,0.9992549836635589,1
2026-02-09 22:36:10.573,0.9992528557777405,1,0.9992483913898468,1
2026-02-09 22:36:10.680,0.9992431402206421,1,0.9992380023002625,1
2026-02-09 22:36:10.786,0.9992396831512451,1,0.9992273867130279,1
2026-02-09 22:36:10.893,0.9992175102233887,1,0.9992180526256561,1
2026-02-09 22:36:11.000,0.9992004036903381,1,0.999208390712738,1
2026-02-09 22:36:11.106,0.9991675615310669,1,0.9991979658603668,1
2026-02-09 22:36:11.213,0.9991655349731445,1,0.999190729856491,1
2026-02-09 22:36:11.320,0.999174177646637,1,0.9991857051849365,1
2026-02-09 22:36:11.426,0.9991625547409058,1,0.9991804301738739,1
2026-02-09 22:36:11.533,0.9991562366485596,1,0.9991759121417999,1
2026-02-09 22:36:11.640,0.9991804957389832,1,0.9991724848747253,1
2026-02-09 22:36:11.746,0.9991928935050964,1,0.9991711020469666,1
2026-02-09 22:36:11.853,0.9991869330406189,1,0.9991690754890442,1
2026-02-09 22:36:11.960,0.9991723299026489,1,0.9991638541221619,1
2026-02-09 22:36:12.066,0.9991661310195923,1,0.9991595923900605,1
2026-02-09 22:36:12.173,0.999153733253479,1,0.9991601288318634,1
2026-02-09 22:36:12.280,0.9991452693939209,1,0.9991647601127625,1
2026-02-09 22:36:12.386,0.9991219639778137,1,0.9991707086563111,1
2026-02-09 22:36:12.493,0.9991199374198914,1,0.9991782069206238,1
2026-02-09 22:36:12.600,0.9991616010665894,1,0.9991877496242523,1
2026-02-09 22:36:12.706,0.9992268085479736,1,0.9991987466812133,1
2026-02-09 22:36:12.813,0.9992523789405823,1,0.999211186170578,1
2026-02-09 22:36:12.920,0.9992619156837463,1,0.999224328994751,1
2026-02-09 22:36:13.026,0.9992677569389343,1,0.9992394804954529,1
2026-02-09 22:36:13.133,0.9992761015892029,1,0.9992550134658813,1
2026-02-09 22:36:13.240,0.9992781281471252,1,0.9992672264575958,1
2026-02-09 22:36:13.346,0.9992766976356506,1,0.9992729663848877,1
2026-02-09 22:36:13.453,0.9992734789848328,1,0.999275553226471,1
2026-02-09 22:36:13.560,0.999275267124176,1,0.9992762804031372,1
2026-02-09 22:36:13.666,0.9992837309837341,1,0.9992751479148865,1
2026-02-09 22:36:13.773,0.9992842078208923,1,0.9992724061012268,1
2026-02-09 22:36:13.880,0.9992782473564148,1,0.9992707371711731,1
2026-02-09 22:36:13.986,0.9992691874504089,1,0.9992699742317199,1
2026-02-09 22:36:14.093,0.999256432056427,1,0.9992705345153808,1
2026-02-09 22:36:14.200,0.9992486834526062,1,0.9992719948291778,1
2026-02-09 22:36:14.306,0.9992614388465881,1,0.9992733001708984,1
2026-02-09 22:36:14.413,0.9992690682411194,1,0.9992734789848328,1
2026-02-09 22:36:14.520,0.9992790818214417,1,0.9992729425430298,1
2026-02-09 22:36:14.626,0.999289870262146,1,0.9992722153663636,1
2026-02-09 22:36:14.733,0.9992967844009399,1,0.9992719888687134,1
2026-02-09 22:36:14.840,0.9992859959602356,1,0.9992727994918823,1
2026-02-09 22:36:14.946,0.999272882938385,1,0.9992712676525116,1
2026-02-09 22:36:15.053,0.9992619156837463,1,0.9992690086364746,1
2026-02-09 22:36:15.160,0.9992541670799255,1,0.9992653787136078,1
2026-02-09 22:36:15.266,0.9992567896842957,1,0.9992613196372986,1
2026-02-09 22:36:15.373,0.9992461204528809,1,0.9992572486400604,1
2026-02-09 22:36:15.480,0.9992464780807495,1,0.9992570102214813,1
2026-02-09 22:36:15.586,0.9992427825927734,1,0.9992591977119446,1
2026-02-09 22:36:15.693,0.999249279499054,1,0.9992635071277618,1
2026-02-09 22:36:15.800,0.9992560744285583,1,0.9992698669433594,1
2026-02-09 22:36:15.906,0.9992836117744446,1,0.9992768943309784,1
2026-02-09 22:36:16.013,0.9992947578430176,1,0.9992847740650177,1
2026-02-09 22:36:16.120,0.999305009841919,1,0.999292117357254,1
2026-02-09 22:36:16.226,0.9993177652359009,1,0.9992999732494354,1
2026-02-09 22:36:16.333,0.9993270635604858,1,0.9993076205253602,1
2026-02-09 22:36:16.440,0.9993249177932739,1,0.999314957857132,1
2026-02-09 22:36:16.546,0.9993199110031128,1,0.9993189454078675,1
2026-02-09 22:36:16.653,0.9993213415145874,1,0.9993212461471558,1
2026-02-09 22:36:16.760,0.9993257522583008,1,0.999321973323822,1
2026-02-09 22:36:16.866,0.9993294477462769,1,0.9993207812309265,1
2026-02-09 22:36:16.973,0.9993234872817993,1,0.9993176817893982,1
2026-02-09 22:36:17.080,0.9993177652359009,1,0.9993151783943176,1
2026-02-09 22:36:17.186,0.9993122816085815,1,0.9993132829666138,1
2026-02-09 22:36:17.293,0.9993058443069458,1,0.9993116736412049,1
2026-02-09 22:36:17.400,0.9992960691452026,1,0.9993097066879273,1
2026-02-09 22:36:17.506,0.9992998838424683,1,0.9993070721626282,1
2026-02-09 22:36:17.613,0.9993009567260742,1,0.999303650856018,1
2026-02-09 22:36:17.720,0.999305248260498,1,0.9992994725704193,1
2026-02-09 22:36:17.826,0.9993060827255249,1,0.9992945432662964,1
2026-02-09 22:36:17.933,0.9993031024932861,1,0.9992889940738678,1
2026-02-09 22:36:18.040,0.9992892742156982,1,0.9992831528186799,1
2026-02-09 22:36:18.146,0.9992759823799133,1,0.9992742717266083,1
2026-02-09 22:36:18.253,0.9992629885673523,1,0.9992636799812317,1
2026-02-09 22:36:18.360,0.9992503523826599,1,0.9992548704147339,1
2026-02-09 22:36:18.466,0.9992376565933228,1,0.9992467641830445,1
2026-02-09 22:36:18.573,0.9992110729217529,1,0.9992335081100464,1
2026-02-09 22:36:18.680,0.9991950392723083,1,0.9992224276065826,1
2026-02-09 22:36:18.786,0.99921715259552,1,0.9992128908634186,1
2026-02-09 22:36:18.893,0.9992250204086304,1,0.9992085337638855,1
2026-02-09 22:36:19.000,0.9991705417633057,1,0.9992081582546234,1
2026-02-09 22:36:19.106,0.9991784691810608,1,0.9992113947868347,1
2026-02-09 22:36:19.213,0.9991806149482727,1,0.999218076467514,1
2026-02-09 22:36:19.320,0.9992194175720215,1,0.9992264807224274,1
2026-02-09 22:36:19.426,0.9992465972900391,1,0.9992329478263855,1
2026-02-09 22:36:19.533,0.9992700219154358,1,0.999239033460617,1
2026-02-09 22:36:19.640,0.9992778897285461,1,0.9992508828639984,1
2026-02-09 22:36:19.746,0.9992790818214417,1,0.9992611467838287,1
2026-02-09 22:36:19.853,0.9992818236351013,1,0.9992702543735504,1
2026-02-09 22:36:19.960,0.999285876750946,1,0.9992741823196412,1
2026-02-09 22:36:20.066,0.9992890357971191,1,0.9992741227149964,1
2026-02-09 22:36:20.173,0.999281108379364,1,0.9992707073688507,1
2026-02-09 22:36:20.280,0.9992716908454895,1,0.9992667078971863,1
2026-02-09 22:36:20.386,0.9992586970329285,1,0.9992632210254669,1
2026-02-09 22:36:20.493,0.9992460012435913,1,0.9992598354816437,1
2026-02-09 22:36:20.600,0.9992358684539795,1,0.999256557226181,1
2026-02-09 22:36:20.706,0.9992378950119019,1,0.9992534875869751,1
2026-02-09 22:36:20.813,0.999244213104248,1,0.9992503523826599,1
2026-02-09 22:36:20.920,0.9992479681968689,1,0.9992476522922515,1
2026-02-09 22:36:21.026,0.9992530941963196,1,0.9992454528808594,1
2026-02-09 22:36:21.133,0.9992583394050598,1,0.9992436766624451,1
2026-02-09 22:36:21.240,0.9992497563362122,1,0.9992415428161621,1
2026-02-09 22:36:21.346,0.9992446899414062,1,0.9992362439632416,1
2026-02-09 22:36:21.453,0.9992367029190063,1,0.9992281019687652,1
2026-02-09 22:36:21.560,0.9992282390594482,1,0.9992159068584442,1
2026-02-09 22:36:21.666,0.9992145299911499,1,0.9991905510425567,1
2026-02-09 22:36:21.773,0.9991849064826965,1,0.9991317629814148,1
2026-02-09 22:36:21.880,0.9991627931594849,1,0.9990594923496247,1
2026-02-09 22:36:21.986,0.9991260170936584,1,0.9989861369132995,1
2026-02-09 22:36:22.093,0.9989995360374451,1,0.9989121317863464,1
2026-02-09 22:36:22.200,0.9986704587936401,1,0.9988450109958649,1
2026-02-09 22:36:22.306,0.9985270500183105,1,0.9988014459609985,1
2026-02-09 22:36:22.413,0.9985111355781555,1,0.998785012960434,1
2026-02-09 22:36:22.520,0.9984966516494751,1,0.9987806677818298,1
2026-02-09 22:36:22.626,0.9985570311546326,1,0.9987858891487121,1
2026-02-09 22:36:22.733,0.9987788796424866,1,0.9988061308860778,1
2026-02-09 22:36:22.840,0.9990205764770508,1,0.99885875582695,1
2026-02-09 22:36:22.946,0.9991193413734436,1,0.9989255428314209,1
2026-02-09 22:36:23.053,0.9991782307624817,1,0.998993194103241,1
2026-02-09 22:36:23.160,0.9992019534111023,1,0.9990605592727662,1
2026-02-09 22:36:23.266,0.9991967082023621,1,0.9991203486919403,1
2026-02-09 22:36:23.373,0.9991949200630188,1,0.9991582155227661,1
2026-02-09 22:36:23.480,0.9991876482963562,1,0.9991737902164459,1
2026-02-09 22:36:23.586,0.9991703033447266,1,0.9991816699504852,1
2026-02-09 22:36:23.693,0.9991549253463745,1,0.9991861462593079,1
2026-02-09 22:36:23.800,0.9991575479507446,1,0.9991912722587586,1
2026-02-09 22:36:23.906,0.9991763234138489,1,0.9991980075836182,1
2026-02-09 22:36:24.013,0.9991981387138367,1,0.9992059588432312,1
2026-02-09 22:36:24.120,0.999222993850708,1,0.9992156744003295,1
2026-02-09 22:36:24.226,0.9992532134056091,1,0.9992291331291199,1
2026-02-09 22:36:24.333,0.9992640614509583,1,0.9992446422576904,1
2026-02-09 22:36:24.440,0.9992744326591492,1,0.9992592334747314,1
2026-02-09 22:36:24.546,0.9992848038673401,1,0.999270910024643,1
2026-02-09 22:36:24.653,0.9993048906326294,1,0.9992793381214142,1
2026-02-09 22:36:24.760,0.9993100166320801,1,0.9992832779884339,1
2026-02-09 22:36:24.866,0.9993034601211548,1,0.9992817938327789,1
2026-02-09 22:36:24.973,0.9992930889129639,1,0.9992787718772889,1
2026-02-09 22:36:25.080,0.9992824196815491,1,0.999274879693985,1
2026-02-09 22:36:25.186,0.9992623925209045,1,0.9992695808410644,1
2026-02-09 22:36:25.293,0.9992383718490601,1,0.9992631077766418,1
2026-02-09 22:36:25.400,0.9992338418960571,1,0.9992572963237762,1
2026-02-09 22:36:25.506,0.9992355108261108,1,0.9992529034614563,1
2026-02-09 22:36:25.613,0.9992318153381348,1,0.9992499411106109,1
2026-02-09 22:36:25.720,0.9992401599884033,1,0.9992481410503388,1
2026-02-09 22:36:25.826,0.9992519021034241,1,0.9992487370967865,1
2026-02-09 22:36:25.933,0.9992595314979553,1,0.9992518186569214,1
2026-02-09 22:36:26.040,0.9992634654045105,1,0.9992547452449798,1
2026-02-09 22:36:26.146,0.9992644190788269,1,0.9992555916309357,1
2026-02-09 22:36:26.253,0.9992683529853821,1,0.9992546498775482,1
2026-02-09 22:36:26.360,0.9992691874504089,1,0.9992507457733154,1
2026-02-09 22:36:26.466,0.9992631077766418,1,0.9992457628250122,1
2026-02-09 22:36:26.573,0.999243974685669,1,0.9992429673671722,1
2026-02-09 22:36:26.680,0.9992223978042603,1,0.9992420732975006,1
2026-02-09 22:36:26.786,0.9992011189460754,1,0.9992434442043304,1
2026-02-09 22:36:26.893,0.9992020726203918,1,0.9992469549179077,1
2026-02-09 22:36:27.000,0.9992315769195557,1,0.9992522299289703,1
2026-02-09 22:36:27.106,0.9992545247077942,1,0.9992587089538574,1
2026-02-09 22:36:27.213,0.9992781281471252,1,0.9992669343948364,1
2026-02-09 22:36:27.320,0.9993034601211548,1,0.9992770671844482,1
2026-02-09 22:36:27.426,0.9993219375610352,1,0.999289470911026,1
2026-02-09 22:36:27.533,0.9993278980255127,1,0.9993019461631775,1
2026-02-09 22:36:27.640,0.999326229095459,1,0.9993108987808228,1
2026-02-09 22:36:27.746,0.9993237257003784,1,0.9993169605731964,1
2026-02-09 22:36:27.853,0.999325156211853,1,0.9993199110031128,1
2026-02-09 22:36:27.960,0.9993268251419067,1,0.9993197441101074,1
2026-02-09 22:36:28.066,0.9993211030960083,1,0.9993171215057373,1
2026-02-09 22:36:28.173,0.9993151426315308,1,0.9993140578269959,1
2026-02-09 22:36:28.280,0.9993076324462891,1,0.9993105530738831,1
2026-02-09 22:36:28.386,0.9993017911911011,1,0.9993067920207978,1
2026-02-09 22:36:28.493,0.999295711517334,1,0.9993026614189148,1
2026-02-09 22:36:28.600,0.9992972612380981,1,0.9992981016635895,1
2026-02-09 22:36:28.706,0.999291181564331,1,0.9992934226989746,1
2026-02-09 22:36:28.813,0.9992861151695251,1,0.9992888033390045,1
2026-02-09 22:36:28.920,0.9992838501930237,1,0.999284541606903,1
2026-02-09 22:36:29.026,0.9992812275886536,1,0.9992796599864959,1
2026-02-09 22:36:29.133,0.9992743134498596,1,0.9992745697498322,1
2026-02-09 22:36:29.240,0.9992689490318298,1,0.9992681562900543,1
2026-02-09 22:36:29.346,0.9992650151252747,1,0.9992608964443207,1
2026-02-09 22:36:29.453,0.99925297498703,1,0.999253785610199,1
2026-02-09 22:36:29.560,0.9992448091506958,1,0.9992454409599304,1
2026-02-09 22:36:29.666,0.9992331266403198,1,0.9992349505424499,1
2026-02-09 22:36:29.773,0.9992185831069946,1,0.9992258906364441,1
2026-02-09 22:36:29.880,0.9992150068283081,1,0.9992176532745362,1
2026-02-09 22:36:29.986,0.9992004036903381,1,0.9992108345031738,1
2026-02-09 22:36:30.093,0.9991763234138489,1,0.9992059946060181,1
2026-02-09 22:36:30.200,0.999183714389801,1,0.9992022573947906,1
2026-02-09 22:36:30.306,0.9991865754127502,1,0.9991969347000123,1
2026-02-09 22:36:30.413,0.9991968274116516,1,0.9991931974887848,1
2026-02-09 22:36:30.520,0.9992045760154724,1,0.9991901516914368,1
2026-02-09 22:36:30.626,0.9992074370384216,1,0.9991878867149353,1
2026-02-09 22:36:30.733,0.9991798996925354,1,0.9991870105266571,1
2026-02-09 22:36:30.840,0.9991812109947205,1,0.999181741476059,1
2026-02-09 22:36:30.946,0.9991845488548279,1,0.9991724848747253,1
2026-02-09 22:36:31.053,0.9991777539253235,1,0.9991605460643769,1
2026-02-09 22:36:31.160,0.9991675615310669,1,0.9991518199443817,1
2026-02-09 22:36:31.266,0.9991310238838196,1,0.9991416513919831,1
2026-02-09 22:36:31.373,0.9990940093994141,1,0.9991455435752868,1
2026-02-09 22:36:31.480,0.9990774393081665,1,0.999150961637497,1
2026-02-09 22:36:31.586,0.9991173148155212,1,0.9991575539112091,1
2026-02-09 22:36:31.693,0.9991057515144348,1,0.9991657555103302,1
2026-02-09 22:36:31.800,0.9992188215255737,1,0.999174976348877,1
2026-02-09 22:36:31.906,0.9992353916168213,1,0.9991862833499908,1
2026-02-09 22:36:32.013,0.9992504715919495,1,0.9992015182971954,1
2026-02-09 22:36:32.120,0.9992597699165344,1,0.9992191314697265,1
2026-02-09 22:36:32.226,0.9992597699165344,1,0.9992334365844726,1
2026-02-09 22:36:32.333,0.9992440938949585,1,0.9992496371269226,1
2026-02-09 22:36:32.440,0.99924635887146,1,0.9992533028125763,1
2026-02-09 22:36:32.546,0.9992535710334778,1,0.9992543518543243,1
2026-02-09 22:36:32.653,0.9992603659629822,1,0.999253761768341,1
2026-02-09 22:36:32.760,0.9992677569389343,1,0.9992523968219758,1
2026-02-09 22:36:32.866,0.9992554783821106,1,0.9992510199546814,1
2026-02-09 22:36:32.973,0.9992458820343018,1,0.9992532312870026,1
2026-02-09 22:36:33.080,0.9992445707321167,1,0.9992567658424377,1
2026-02-09 22:36:33.186,0.9992461204528809,1,0.9992603242397309,1
2026-02-09 22:36:33.293,0.9992460012435913,1,0.9992636799812317,1
2026-02-09 22:36:33.400,0.9992662072181702,1,0.9992662966251373,1
2026-02-09 22:36:33.506,0.9992817044258118,1,0.9992682754993438,1
2026-02-09 22:36:33.613,0.9992891550064087,1,0.9992692351341248,1
2026-02-09 22:36:33.720,0.9992939233779907,1,0.9992688417434692,1
2026-02-09 22:36:33.826,0.9992939233779907,1,0.9992669820785522,1
2026-02-09 22:36:33.933,0.999275267124176,1,0.9992630541324615,1
2026-02-09 22:36:34.040,0.9992554783821106,1,0.9992573976516723,1
2026-02-09 22:36:34.146,0.9992406368255615,1,0.9992493629455567,1
2026-02-09 22:36:34.253,0.9992275238037109,1,0.9992395460605621,1
2026-02-09 22:36:34.360,0.9992067217826843,1,0.9992280840873718,1
2026-02-09 22:36:34.466,0.9992096424102783,1,0.9992161810398101,1
2026-02-09 22:36:34.573,0.9992013573646545,1,0.9992083728313446,1
2026-02-09 22:36:34.680,0.9991909861564636,1,0.999204421043396,1
2026-02-09 22:36:34.786,0.9991793036460876,1,0.9992040276527405,1
2026-02-09 22:36:34.893,0.9991748929023743,1,0.9992068111896515,1
2026-02-09 22:36:35.000,0.9991971850395203,1,0.9992133438587188,1
2026-02-09 22:36:35.106,0.9992159605026245,1,0.9992197990417481,1
2026-02-09 22:36:35.213,0.9992367029190063,1,0.9992270469665527,1
2026-02-09 22:36:35.320,0.999255359172821,1,0.9992356419563293,1
2026-02-09 22:36:35.426,0.9992720484733582,1,0.9992459297180176,1
2026-02-09 22:36:35.533,0.9992741942405701,1,0.9992560505867004,1
2026-02-09 22:36:35.640,0.9992738366127014,1,0.9992631435394287,1
2026-02-09 22:36:35.746,0.9992769360542297,1,0.9992673695087433,1
2026-02-09 22:36:35.853,0.99928218126297,1,0.9992682993412018,1
2026-02-09 22:36:35.960,0.9992761015892029,1,0.999266505241394,1
2026-02-09 22:36:36.066,0.999268114566803,1,0.9992641091346741,1
2026-02-09 22:36:36.173,0.9992582201957703,1,0.9992623090744018,1
2026-02-09 22:36:36.280,0.9992460012435913,1,0.999261999130249,1
2026-02-09 22:36:36.386,0.9992374181747437,1,0.9992625832557678,1
2026-02-09 22:36:36.493,0.9992480874061584,1,0.9992631435394287,1
2026-02-09 22:36:36.600,0.9992561936378479,1,0.999263346195221,1
2026-02-09 22:36:36.706,0.9992707371711731,1,0.9992632746696473,1
2026-02-09 22:36:36.813,0.9992827773094177,1,0.9992637395858764,1
2026-02-09 22:36:36.920,0.9992877840995789,1,0.9992651045322418,1
2026-02-09 22:36:37.026,0.9992781281471252,1,0.9992674708366394,1
2026-02-09 22:36:37.133,0.9992673993110657,1,0.9992676138877868,1
2026-02-09 22:36:37.240,0.9992628693580627,1,0.9992651760578155,1
2026-02-09 22:36:37.346,0.9992596507072449,1,0.9992596268653869,1
2026-02-09 22:36:37.453,0.9992610812187195,1,0.9992511868476868,1
2026-02-09 22:36:37.560,0.9992495179176331,1,0.9992408514022827,1
2026-02-09 22:36:37.666,0.9992318153381348,1,0.9992322444915771,1
2026-02-09 22:36:37.773,0.9992152452468872,1,0.9992251396179199,1
2026-02-09 22:36:37.880,0.9991983771324158,1,0.9992200434207916,1
2026-02-09 22:36:37.986,0.9991844296455383,1,0.9992173433303833,1
2026-02-09 22:36:38.093,0.9991920590400696,1,0.9992165088653564,1
2026-02-09 22:36:38.200,0.9991963505744934,1,0.9992183566093444,1
2026-02-09 22:36:38.306,0.9992119073867798,1,0.9992223441600799,1
2026-02-09 22:36:38.413,0.9992326498031616,1,0.9992289066314697,1
2026-02-09 22:36:38.520,0.9992527365684509,1,0.9992380440235138,1
2026-02-09 22:36:38.626,0.9992679953575134,1,0.9992493271827698,1
2026-02-09 22:36:38.733,0.9992716908454895,1,0.9992601692676544,1
2026-02-09 22:36:38.840,0.9992808699607849,1,0.9992709398269654,1
2026-02-09 22:36:38.946,0.9992897510528564,1,0.9992802619934082,1
2026-02-09 22:36:39.053,0.9992972612380981,1,0.9992873072624207,1
2026-02-09 22:36:39.160,0.999300479888916,1,0.999291616678238,1
2026-02-09 22:36:39.266,0.9993040561676025,1,0.9992943406105042,1
2026-02-09 22:36:39.373,0.9993051290512085,1,0.999296897649765,1
2026-02-09 22:36:39.480,0.9993031024932861,1,0.9992993235588074,1
2026-02-09 22:36:39.586,0.9992958307266235,1,0.9993012309074402,1
2026-02-09 22:36:39.693,0.9992952346801758,1,0.9993025183677673,1
2026-02-09 22:36:39.800,0.9992972612380981,1,0.9993038296699523,1
2026-02-09 22:36:39.906,0.9993051290512085,1,0.9993052005767822,1
2026-02-09 22:36:40.013,0.9993088245391846,1,0.9993067860603333,1
2026-02-09 22:36:40.120,0.9993101358413696,1,0.9993086576461792,1
2026-02-09 22:36:40.226,0.9993135929107666,1,0.9993109941482544,1
2026-02-09 22:36:40.333,0.9993177652359009,1,0.9993125915527343,1
2026-02-09 22:36:40.440,0.9993209838867188,1,0.9993142724037171,1
2026-02-09 22:36:40.546,0.9993218183517456,1,0.9993153095245362,1
2026-02-09 22:36:40.653,0.9993191957473755,1,0.9993155479431153,1
2026-02-09 22:36:40.760,0.9993112087249756,1,0.9993142485618591,1
2026-02-09 22:36:40.866,0.9993140697479248,1,0.9993131756782532,1
2026-02-09 22:36:40.973,0.9993155002593994,1,0.9993122577667236,1
2026-02-09 22:36:41.080,0.9993112087249756,1,0.999311649799347,1
2026-02-09 22:36:41.186,0.9992971420288086,1,0.999311375617981,1
2026-02-09 22:36:41.293,0.999302864074707,1,0.9993120193481445,1
2026-02-09 22:36:41.400,0.9993085861206055,1,0.999313473701477,1
2026-02-09 22:36:41.506,0.9993149042129517,1,0.9993146419525146,1
2026-02-09 22:36:41.613,0.9993190765380859,1,0.9993156313896179,1
2026-02-09 22:36:41.720,0.9993256330490112,1,0.9993169784545899,1
2026-02-09 22:36:41.826,0.9993257522583008,1,0.9993193864822387,1
2026-02-09 22:36:41.933,0.9993257522583008,1,0.9993202328681946,1
2026-02-09 22:36:42.040,0.9993253946304321,1,0.9993193984031677,1
2026-02-09 22:36:42.146,0.9993246793746948,1,0.9993167340755462,1
2026-02-09 22:36:42.253,0.9993212223052979,1,0.999312424659729,1
2026-02-09 22:36:42.360,0.9993113279342651,1,0.9993065297603607,1
2026-02-09 22:36:42.466,0.9993002414703369,1,0.9993014335632324,1
2026-02-09 22:36:42.573,0.9992882609367371,1,0.9992972075939178,1
2026-02-09 22:36:42.680,0.9992759823799133,1,0.9992931485176086,1
2026-02-09 22:36:42.786,0.9992666840553284,1,0.9992867171764374,1
2026-02-09 22:36:42.893,0.9992747902870178,1,0.9992788016796113,1
2026-02-09 22:36:43.000,0.999283492565155,1,0.9992709934711457,1
2026-02-09 22:36:43.106,0.9992848038673401,1,0.9992639362812042,1
2026-02-09 22:36:43.213,0.9992603659629822,1,0.999257218837738,1
2026-02-09 22:36:43.320,0.9992420673370361,1,0.9992512762546539,1
2026-02-09 22:36:43.426,0.9992332458496094,1,0.9992458105087281,1
2026-02-09 22:36:43.533,0.9992296695709229,1,0.999238395690918,1
2026-02-09 22:36:43.640,0.9992210865020752,1,0.9992292404174805,1
2026-02-09 22:36:43.746,0.9992165565490723,1,0.9992192149162292,1
2026-02-09 22:36:43.853,0.9992120265960693,1,0.9992083489894867,1
2026-02-09 22:36:43.960,0.9992006421089172,1,0.9991996109485626,1
2026-02-09 22:36:44.066,0.99919193983078,1,0.9991935074329377,1
2026-02-09 22:36:44.173,0.9991845488548279,1,0.9991899371147156,1
2026-02-09 22:36:44.280,0.9991517066955566,1,0.9991903066635132,1
2026-02-09 22:36:44.386,0.9991546869277954,1,0.9991927981376648,1
2026-02-09 22:36:44.493,0.9991722106933594,1,0.9991975843906402,1
2026-02-09 22:36:44.600,0.9991939663887024,1,0.9992044627666473,1
2026-02-09 22:36:44.706,0.9992247819900513,1,0.9992132842540741,1
2026-02-09 22:36:44.813,0.9992414712905884,1,0.9992234170436859,1
2026-02-09 22:36:44.920,0.999259889125824,1,0.9992372810840606,1
2026-02-09 22:36:45.026,0.999269425868988,1,0.9992511212825775,1
2026-02-09 22:36:45.133,0.9992801547050476,1,0.9992620706558227,1
2026-02-09 22:36:45.240,0.999285876750946,1,0.9992696523666382,1
2026-02-09 22:36:45.346,0.9992903470993042,1,0.999273282289505,1
2026-02-09 22:36:45.453,0.9992930889129639,1,0.9992744088172912,1
2026-02-09 22:36:45.560,0.9992817044258118,1,0.9992727816104889,1
2026-02-09 22:36:45.666,0.9992697834968567,1,0.9992713391780853,1
2026-02-09 22:36:45.773,0.9992610812187195,1,0.9992700159549713,1
2026-02-09 22:36:45.880,0.9992527365684509,1,0.999269837141037,1
2026-02-09 22:36:45.986,0.9992436170578003,1,0.999270623922348,1
2026-02-09 22:36:46.093,0.9992550015449524,1,0.999271422624588,1
2026-02-09 22:36:46.200,0.9992669224739075,1,0.999272620677948,1
2026-02-09 22:36:46.306,0.9992840886116028,1,0.99927459359169,1
2026-02-09 22:36:46.413,0.9992982149124146,1,0.9992766201496124,1
2026-02-09 22:36:46.520,0.9993010759353638,1,0.9992788732051849,1
2026-02-09 22:36:46.626,0.9992936849594116,1,0.9992814660072327,1
2026-02-09 22:36:46.733,0.9992895126342773,1,0.9992811203002929,1
2026-02-09 22:36:46.840,0.9992813467979431,1,0.9992775976657867,1
2026-02-09 22:36:46.946,0.999275267124176,1,0.9992718577384949,1
2026-02-09 22:36:47.053,0.9992695450782776,1,0.9992629766464234,1
2026-02-09 22:36:47.160,0.9992515444755554,1,0.9992538332939148,1
2026-02-09 22:36:47.266,0.9992316961288452,1,0.9992475986480713,1
2026-02-09 22:36:47.373,0.9992266893386841,1,0.9992444097995759,1
2026-02-09 22:36:47.480,0.9992094039916992,1,0.999243825674057,1
2026-02-09 22:36:47.586,0.9992096424102783,1,0.9992449104785919,1
2026-02-09 22:36:47.693,0.9992313385009766,1,0.9992464005947113,1
2026-02-09 22:36:47.800,0.9992576241493225,1,0.9992488324642181,1
2026-02-09 22:36:47.906,0.9992755055427551,1,0.9992532849311828,1
2026-02-09 22:36:48.013,0.9992861151695251,1,0.999257892370224,1
2026-02-09 22:36:48.120,0.9992844462394714,1,0.999264657497406,1
2026-02-09 22:36:48.226,0.9992758631706238,1,0.9992709457874298,1
2026-02-09 22:36:48.333,0.9992762207984924,1,0.9992738246917725,1
2026-02-09 22:36:48.440,0.9992727637290955,1,0.9992728710174561,1
2026-02-09 22:36:48.546,0.9992770552635193,1,0.9992687046527863,1
2026-02-09 22:36:48.653,0.9992725253105164,1,0.9992627024650573,1
2026-02-09 22:36:48.760,0.9992601275444031,1,0.9992570102214813,1
2026-02-09 22:36:48.866,0.9992480874061584,1,0.9992533802986145,1
2026-02-09 22:36:48.973,0.9992338418960571,1,0.999250590801239,1
2026-02-09 22:36:49.080,0.9992260932922363,1,0.9992477715015411,1
2026-02-09 22:36:49.186,0.9992275238037109,1,0.9992456376552582,1
2026-02-09 22:36:49.293,0.9992395639419556,1,0.9992442071437836,1
2026-02-09 22:36:49.400,0.9992483258247375,1,0.9992443025112152,1
2026-02-09 22:36:49.506,0.9992445707321167,1,0.9992451369762421,1
2026-02-09 22:36:49.613,0.9992557168006897,1,0.9992470622062684,1
2026-02-09 22:36:49.720,0.9992582201957703,1,0.9992492318153381,1
2026-02-09 22:36:49.826,0.9992610812187195,1,0.9992496371269226,1
2026-02-09 22:36:49.933,0.999256432056427,1,0.9992489457130432,1
2026-02-09 22:36:50.040,0.9992530941963196,1,0.9992476522922515,1
2026-02-09 22:36:50.146,0.9992477893829346,1,0.9992464721202851,1
2026-02-09 22:36:50.253,0.9992315769195557,1,0.9992404162883759,1
2026-02-09 22:36:50.360,0.9992326498031616,1,0.9992323815822601,1
2026-02-09 22:36:50.466,0.9992353916168213,1,0.9992246448993682,1
2026-02-09 22:36:50.573,0.9992327690124512,1,0.9992197096347809,1
2026-02-09 22:36:50.680,0.9991951584815979,1,0.9992177248001098,1
2026-02-09 22:36:50.786,0.999177873134613,1,0.9992182910442352,1
2026-02-09 22:36:50.893,0.999183714389801,1,0.9992213129997254,1
2026-02-09 22:36:51.000,0.999207079410553,1,0.9992244303226471,1
2026-02-09 22:36:51.106,0.9992332458496094,1,0.9992270231246948,1
2026-02-09 22:36:51.213,0.9992534518241882,1,0.9992297470569611,1
2026-02-09 22:36:51.320,0.9992617964744568,1,0.9992364108562469,1
2026-02-09 22:36:51.426,0.9992638230323792,1,0.9992449462413788,1
2026-02-09 22:36:51.533,0.9992613196372986,1,0.999252587556839,1
2026-02-09 22:36:51.640,0.9992600083351135,1,0.9992565870285034,1
2026-02-09 22:36:51.746,0.9992617964744568,1,0.9992555022239685,1
2026-02-09 22:36:51.853,0.9992632269859314,1,0.9992508292198181,1
2026-02-09 22:36:51.960,0.9992601275444031,1,0.9992461502552032,1
2026-02-09 22:36:52.066,0.9992470741271973,1,0.9992427587509155,1
2026-02-09 22:36:52.173,0.9992223978042603,1,0.9992410361766815,1
2026-02-09 22:36:52.280,0.9992067217826843,1,0.9992406666278839,1
2026-02-09 22:36:52.386,0.9992150068283081,1,0.9992406666278839,1
2026-02-09 22:36:52.493,0.999229907989502,1,0.9992412865161896,1
2026-02-09 22:36:52.600,0.9992440938949585,1,0.9992436587810516,1
2026-02-09 22:36:52.706,0.9992563128471375,1,0.9992485225200654,1
2026-02-09 22:36:52.813,0.9992617964744568,1,0.9992561757564544,1
2026-02-09 22:36:52.920,0.999269425868988,1,0.9992657423019409,1
2026-02-09 22:36:53.026,0.9992838501930237,1,0.9992740869522094,1
2026-02-09 22:36:53.133,0.999295711517334,1,0.9992805004119873,1
2026-02-09 22:36:53.240,0.9992989301681519,1,0.9992847621440888,1
2026-02-09 22:36:53.346,0.9993023872375488,1,0.9992870151996612,1
2026-02-09 22:36:53.453,0.9992984533309937,1,0.999287360906601,1
2026-02-09 22:36:53.560,0.9992940425872803,1,0.999285238981247,1
2026-02-09 22:36:53.666,0.9992867112159729,1,0.9992822587490082,1
2026-02-09 22:36:53.773,0.9992788434028625,1,0.9992788195610046,1
2026-02-09 22:36:53.880,0.9992652535438538,1,0.9992770493030548,1
2026-02-09 22:36:53.986,0.999248206615448,1,0.9992762744426728,1
2026-02-09 22:36:54.093,0.999254047870636,1,0.9992765367031098,1
2026-02-09 22:36:54.200,0.9992613196372986,1,0.9992778956890106,1
2026-02-09 22:36:54.306,0.9992812275886536,1,0.9992809414863586,1
2026-02-09 22:36:54.413,0.999294638633728,1,0.9992858350276947,1
2026-02-09 22:36:54.520,0.9993010759353638,1,0.9992920994758606,1
2026-02-09 22:36:54.626,0.9993076324462891,1,0.9992993891239166,1
2026-02-09 22:36:54.733,0.9993171691894531,1,0.9993052840232849,1
2026-02-09 22:36:54.840,0.9993277788162231,1,0.9993094027042388,1
2026-02-09 22:36:54.946,0.9993278980255127,1,0.9993094503879547,1
2026-02-09 22:36:55.053,0.9993211030960083,1,0.9993053674697876,1
2026-02-09 22:36:55.160,0.9993129968643188,1,0.9992998957633972,1
2026-02-09 22:36:55.266,0.9993025064468384,1,0.9992942631244659,1
2026-02-09 22:36:55.373,0.9992817044258118,1,0.9992891073226928,1
2026-02-09 22:36:55.480,0.9992538094520569,1,0.9992838323116302,1
2026-02-09 22:36:55.586,0.99924635887146,1,0.9992797017097473,1
2026-02-09 22:36:55.693,0.9992513060569763,1,0.999276214838028,1
2026-02-09 22:36:55.800,0.9992656111717224,1,0.999273681640625,1
2026-02-09 22:36:55.906,0.9992750287055969,1,0.9992727160453796,1
2026-02-09 22:36:56.013,0.9992865920066833,1,0.9992744982242584,1
2026-02-09 22:36:56.120,0.9992862343788147,1,0.9992791652679444,1
2026-02-09 22:36:56.226,0.9992876648902893,1,0.9992840170860291,1
2026-02-09 22:36:56.333,0.9992928504943848,1,0.9992874264717102,1
2026-02-09 22:36:56.440,0.9992995262145996,1,0.9992878913879395,1
2026-02-09 22:36:56.546,0.999300479888916,1,0.999284428358078,1
2026-02-09 22:36:56.653,0.9992948770523071,1,0.99928098320961,1
2026-02-09 22:36:56.760,0.9992853999137878,1,0.9992781460285187,1
2026-02-09 22:36:56.866,0.9992702603340149,1,0.9992752254009247,1
2026-02-09 22:36:56.973,0.9992403984069824,1,0.9992725372314453,1
2026-02-09 22:36:57.080,0.9992521405220032,1,0.9992708265781403,1
2026-02-09 22:36:57.186,0.9992578625679016,1,0.9992704212665557,1
2026-02-09 22:36:57.293,0.9992584586143494,1,0.999271160364151,1
2026-02-09 22:36:57.400,0.9992659687995911,1,0.9992731213569641,1
2026-02-09 22:36:57.506,0.9992824196815491,1,0.9992768108844757,1
2026-02-09 22:36:57.613,0.9992964267730713,1,0.9992838084697724,1
2026-02-09 22:36:57.720,0.9993022680282593,1,0.9992895722389221,1
2026-02-09 22:36:57.826,0.999305009841919,1,0.99929478764534,1
2026-02-09 22:36:57.933,0.9993071556091309,1,0.9992996215820312,1
2026-02-09 22:36:58.040,0.9993103742599487,1,0.9993027746677399,1
2026-02-09 22:36:58.146,0.999309778213501,1,0.9993023335933685,1
2026-02-09 22:36:58.253,0.9993100166320801,1,0.9992987275123596,1
2026-02-09 22:36:58.360,0.9993067979812622,1,0.9992950856685638,1
2026-02-09 22:36:58.466,0.9992974996566772,1,0.999291741847992,1
2026-02-09 22:36:58.573,0.9992780089378357,1,0.9992886364459992,1
2026-02-09 22:36:58.680,0.9992603659629822,1,0.9992850422859192,1
2026-02-09 22:36:58.786,0.9992658495903015,1,0.9992819726467133,1
2026-02-09 22:36:58.893,0.9992715716362,1,0.999278461933136,1
2026-02-09 22:36:59.000,0.9992761015892029,1,0.9992750227451325,1
2026-02-09 22:36:59.106,0.9992744326591492,1,0.9992721557617188,1
2026-02-09 22:36:59.213,0.9992790818214417,1,0.9992710232734681,1
2026-02-09 22:36:59.320,0.9992749094963074,1,0.9992703199386597,1
2026-02-09 22:36:59.426,0.9992724061012268,1,0.9992672979831696,1
2026-02-09 22:36:59.533,0.9992688298225403,1,0.9992624163627625,1
2026-02-09 22:36:59.640,0.9992666840553284,1,0.9992541551589966,1
2026-02-09 22:36:59.746,0.9992533326148987,1,0.9992412269115448,1
2026-02-09 22:36:59.853,0.9992356300354004,1,0.9992283821105957,1
2026-02-09 22:36:59.960,0.9992227554321289,1,0.9992163479328156,1
2026-02-09 22:37:00.066,0.9991934895515442,1,0.9992059111595154,1
2026-02-09 22:37:00.173,0.9991451501846313,1,0.9991987466812133,1
2026-02-09 22:37:00.280,0.9991506338119507,1,0.9991950452327728,1
2026-02-09 22:37:00.386,0.9991545677185059,1,0.999193012714386,1
2026-02-09 22:37:00.493,0.9991680383682251,1,0.999192190170288,1
2026-02-09 22:37:00.600,0.9991971850395203,1,0.9991920113563537,1
2026-02-09 22:37:00.706,0.9992296695709229,1,0.9991951644420624,1
2026-02-09 22:37:00.813,0.9992330074310303,1,0.9992035210132599,1
2026-02-09 22:37:00.920,0.9992274045944214,1,0.9992102444171905,1
2026-02-09 22:37:01.026,0.9992209672927856,1,0.999215304851532,1
2026-02-09 22:37:01.133,0.9992250204086304,1,0.9992184698581695,1
2026-02-09 22:37:01.240,0.9992287158966064,1,0.9992185175418854,1
2026-02-09 22:37:01.346,0.9992178678512573,1,0.9992168128490448,1
2026-02-09 22:37:01.453,0.9992051720619202,1,0.9992171823978424,1
2026-02-09 22:37:01.560,0.9991996884346008,1,0.9992197513580322,1
2026-02-09 22:37:01.666,0.9991976618766785,1,0.9992242991924286,1
2026-02-09 22:37:01.773,0.9992126226425171,1,0.9992297410964965,1
2026-02-09 22:37:01.880,0.9992367029190063,1,0.9992360353469849,1
2026-02-09 22:37:01.986,0.9992530941963196,1,0.9992438793182373,1
2026-02-09 22:37:02.093,0.9992664456367493,1,0.999253636598587,1
2026-02-09 22:37:02.200,0.9992794394493103,1,0.9992644906044006,1
2026-02-09 22:37:02.306,0.9992916584014893,1,0.9992759883403778,1
2026-02-09 22:37:02.413,0.9992963075637817,1,0.9992858231067657,1
2026-02-09 22:37:02.520,0.9993027448654175,1,0.999293464422226,1
2026-02-09 22:37:02.626,0.9993082284927368,1,0.9992993950843811,1
2026-02-09 22:37:02.733,0.9993126392364502,1,0.9993039786815643,1
2026-02-09 22:37:02.840,0.9993109703063965,1,0.9993067145347595,1
2026-02-09 22:37:02.946,0.9993131160736084,1,0.9993072867393493,1
2026-02-09 22:37:03.053,0.9993124008178711,1,0.9993077754974365,1
2026-02-09 22:37:03.160,0.9993122816085815,1,0.9993080496788025,1
2026-02-09 22:37:03.266,0.9993067979812622,1,0.9993078827857971,1
2026-02-09 22:37:03.373,0.9992973804473877,1,0.9993077278137207,1
2026-02-09 22:37:03.480,0.9993011951446533,1,0.9993077993392945,1
2026-02-09 22:37:03.586,0.9993054866790771,1,0.9993074059486389,1
2026-02-09 22:37:03.693,0.9993065595626831,1,0.9993070721626282,1
2026-02-09 22:37:03.800,0.999311089515686,1,0.9993065595626831,1
2026-02-09 22:37:03.906,0.9993116855621338,1,0.9993061184883117,1
2026-02-09 22:37:04.013,0.9993091821670532,1,0.9993059039115906,1
2026-02-09 22:37:04.120,0.9993090629577637,1,0.9993026077747345,1
2026-02-09 22:37:04.226,0.9993071556091309,1,0.9992956578731537,1
2026-02-09 22:37:04.333,0.9993023872375488,1,0.9992854952812195,1
2026-02-09 22:37:04.440,0.9992952346801758,1,0.9992718040943146,1
2026-02-09 22:37:04.546,0.9992682337760925,1,0.9992548048496246,1
2026-02-09 22:37:04.653,0.999235987663269,1,0.9992391884326934,1
2026-02-09 22:37:04.760,0.9992049336433411,1,0.9992241322994232,1
2026-02-09 22:37:04.866,0.999174177646637,1,0.9992099702358246,1
2026-02-09 22:37:04.973,0.9991416931152344,1,0.9991954863071442,1
2026-02-09 22:37:05.080,0.9991530179977417,1,0.9991845726966858,1
2026-02-09 22:37:05.186,0.999158501625061,1,0.9991764783859253,1
2026-02-09 22:37:05.293,0.9991655349731445,1,0.9991724908351898,1
2026-02-09 22:37:05.400,0.9991575479507446,1,0.9991721928119659,1
2026-02-09 22:37:05.506,0.999186098575592,1,0.9991732656955719,1
2026-02-09 22:37:05.613,0.9991872906684875,1,0.9991744220256805,1
2026-02-09 22:37:05.720,0.9991961121559143,1,0.9991671860218048,1
2026-02-09 22:37:05.826,0.9992019534111023,1,0.9991513013839721,1
2026-02-09 22:37:05.933,0.9991849064826965,1,0.999124538898468,1
2026-02-09 22:37:06.040,0.9991532564163208,1,0.9990922272205353,1
2026-02-09 22:37:06.146,0.9990806579589844,1,0.9990513861179352,1
2026-02-09 22:37:06.253,0.9989996552467346,1,0.9990171313285827,1
2026-02-09 22:37:06.360,0.998897910118103,1,0.9989896357059479,1
2026-02-09 22:37:06.466,0.9988344311714172,1,0.9989672660827636,1
2026-02-09 22:37:06.573,0.9987776875495911,1,0.9989580571651459,1
2026-02-09 22:37:06.680,0.9988447427749634,1,0.9989550709724426,1
2026-02-09 22:37:06.786,0.9989211559295654,1,0.9989592373371124,1
2026-02-09 22:37:06.893,0.9989782571792603,1,0.9989705860614777,1
2026-02-09 22:37:07.000,0.9990928173065186,1,0.9989914417266845,1
2026-02-09 22:37:07.106,0.9991233944892883,1,0.9990192532539368,1
2026-02-09 22:37:07.213,0.9991223216056824,1,0.9990532398223877,1
2026-02-09 22:37:07.320,0.999113142490387,1,0.9990784883499145,1
2026-02-09 22:37:07.426,0.9991064667701721,1,0.9990950703620911,1
2026-02-09 22:37:07.533,0.9991125464439392,1,0.9991059064865112,1
2026-02-09 22:37:07.640,0.9991175532341003,1,0.9991079151630402,1
2026-02-09 22:37:07.746,0.9990972280502319,1,0.9991063058376313,1
2026-02-09 22:37:07.853,0.9990869760513306,1,0.9991076409816741,1
2026-02-09 22:37:07.960,0.9990866184234619,1,0.9991142570972442,1
2026-02-09 22:37:08.066,0.9991129040718079,1,0.9991260528564453,1
2026-02-09 22:37:08.173,0.999107301235199,1,0.999139952659607,1
2026-02-09 22:37:08.280,0.9991356730461121,1,0.999155831336975,1
2026-02-09 22:37:08.386,0.9991793036460876,1,0.9991735875606537,1
2026-02-09 22:37:08.493,0.9992244243621826,1,0.999192988872528,1
2026-02-09 22:37:08.600,0.9992515444755554,1,0.999213433265686,1
2026-02-09 22:37:08.706,0.999276340007782,1,0.9992326319217681,1
2026-02-09 22:37:08.813,0.9992747902870178,1,0.9992525935173034,1
2026-02-09 22:37:08.920,0.9992809891700745,1,0.9992691338062286,1
2026-02-09 22:37:09.026,0.9992910623550415,1,0.9992803335189819,1
2026-02-09 22:37:09.133,0.9993048906326294,1,0.9992861330509186,1
2026-02-09 22:37:09.240,0.9993069171905518,1,0.9992877185344696,1
2026-02-09 22:37:09.346,0.9993010759353638,1,0.9992857873439789,1
2026-02-09 22:37:09.453,0.9992913007736206,1,0.9992835700511933,1
2026-02-09 22:37:09.560,0.9992824196815491,1,0.9992789387702942,1
2026-02-09 22:37:09.666,0.9992673993110657,1,0.999271810054779,1
2026-02-09 22:37:09.773,0.9992570281028748,1,0.999260276556015,1
2026-02-09 22:37:09.880,0.9992526173591614,1,0.9992490530014038,1
2026-02-09 22:37:09.986,0.999234676361084,1,0.9992401719093322,1
2026-02-09 22:37:10.093,0.9992197751998901,1,0.9992338657379151,1
2026-02-09 22:37:10.200,0.999189555644989,1,0.9992294132709503,1
2026-02-09 22:37:10.306,0.9991946816444397,1,0.9992284595966339,1
2026-02-09 22:37:10.413,0.9992122650146484,1,0.9992295205593109,1
2026-02-09 22:37:10.520,0.9992282390594482,1,0.9992317259311676,1
2026-02-09 22:37:10.626,0.9992378950119019,1,0.9992360591888427,1
2026-02-09 22:37:10.733,0.9992578625679016,1,0.9992402374744416,1
2026-02-09 22:37:10.840,0.9992676377296448,1,0.9992464244365692,1
2026-02-09 22:37:10.946,0.9992746710777283,1,0.9992531716823578,1
2026-02-09 22:37:11.053,0.9992780089378357,1,0.9992596745491028,1
2026-02-09 22:37:11.160,0.9992615580558777,1,0.999265718460083,1
2026-02-09 22:37:11.266,0.9992514252662659,1,0.9992713809013367,1
2026-02-09 22:37:11.373,0.9992621541023254,1,0.9992754638195038,1
2026-02-09 22:37:11.480,0.9992772936820984,1,0.9992791295051575,1
2026-02-09 22:37:11.586,0.9992886781692505,1,0.9992825090885162,1
2026-02-09 22:37:11.693,0.9992945194244385,1,0.9992863297462463,1
2026-02-09 22:37:11.800,0.9992986917495728,1,0.9992925345897674,1
2026-02-09 22:37:11.906,0.9993042945861816,1,0.9993009746074677,1
2026-02-09 22:37:12.013,0.9993084669113159,1,0.999308842420578,1
2026-02-09 22:37:12.120,0.9993162155151367,1,0.9993152320384979,1
2026-02-09 22:37:12.226,0.9993236064910889,1,0.999320113658905,1
2026-02-09 22:37:12.333,0.9993358254432678,1,0.9993243753910065,1
2026-02-09 22:37:12.440,0.999340832233429,1,0.9993276178836823,1
2026-02-09 22:37:12.546,0.9993411898612976,1,0.999329823255539,1
2026-02-09 22:37:12.653,0.9993374943733215,1,0.9993314683437348,1
2026-02-09 22:37:12.760,0.9993371367454529,1,0.9993319928646087,1
2026-02-09 22:37:12.866,0.9993311166763306,1,0.9993318974971771,1
2026-02-09 22:37:12.973,0.9993263483047485,1,0.99933021068573,1
2026-02-09 22:37:13.080,0.9993249177932739,1,0.9993267834186554,1
2026-02-09 22:37:13.186,0.999321460723877,1,0.9993226647377014,1
2026-02-09 22:37:13.293,0.9993226528167725,1,0.999318927526474,1
2026-02-09 22:37:13.400,0.9993189573287964,1,0.9993155837059021,1
2026-02-09 22:37:13.506,0.9993065595626831,1,0.999313485622406,1
2026-02-09 22:37:13.613,0.9993000030517578,1,0.9993114352226258,1
2026-02-09 22:37:13.720,0.9993001222610474,1,0.9993089199066162,1
2026-02-09 22:37:13.826,0.9993036985397339,1,0.9993062019348145,1
2026-02-09 22:37:13.933,0.9993101358413696,1,0.9993024528026581,1
2026-02-09 22:37:14.040,0.9993058443069458,1,0.9992971062660218,1
2026-02-09 22:37:14.146,0.9992997646331787,1,0.9992941915988922,1
2026-02-09 22:37:14.253,0.9992942810058594,1,0.9992929577827454,1
2026-02-09 22:37:14.360,0.9992851614952087,1,0.9992928266525268,1
2026-02-09 22:37:14.466,0.9992654919624329,1,0.9992929935455322,1
2026-02-09 22:37:14.573,0.9992774128913879,1,0.9992936968803405,1
2026-02-09 22:37:14.680,0.9992876648902893,1,0.9992953777313233,1
2026-02-09 22:37:14.786,0.9992988109588623,1,0.999297821521759,1
2026-02-09 22:37:14.893,0.9993053674697876,1,0.9993005514144897,1
2026-02-09 22:37:15.000,0.9993171691894531,1,0.9993041217327118,1
2026-02-09 22:37:15.106,0.9993226528167725,1,0.9993093490600586,1
2026-02-09 22:37:15.213,0.9993242025375366,1,0.9993126213550567,1
2026-02-09 22:37:15.320,0.9993215799331665,1,0.9993141651153564,1
2026-02-09 22:37:15.426,0.9993208646774292,1,0.9993139863014221,1
2026-02-09 22:37:15.533,0.9993177652359009,1,0.9993124961853027,1
2026-02-09 22:37:15.640,0.9993101358413696,1,0.9993094980716706,1
2026-02-09 22:37:15.746,0.9993031024932861,1,0.9993063867092132,1
2026-02-09 22:37:15.853,0.999297022819519,1,0.9993032991886139,1
2026-02-09 22:37:15.960,0.9992904663085938,1,0.9993002831935882,1
2026-02-09 22:37:16.066,0.9992871880531311,1,0.999297147989273,1
2026-02-09 22:37:16.173,0.9992915391921997,1,0.9992939829826355,1
2026-02-09 22:37:16.280,0.999293327331543,1,0.999290508031845,1
2026-02-09 22:37:16.386,0.9992914199829102,1,0.9992866516113281,1
2026-02-09 22:37:16.493,0.9992895126342773,1,0.9992820680141449,1
2026-02-09 22:37:16.600,0.9992861151695251,1,0.9992774307727814,1
2026-02-09 22:37:16.706,0.9992753863334656,1,0.9992721915245056,1
2026-02-09 22:37:16.813,0.9992645382881165,1,0.9992653131484985,1
2026-02-09 22:37:16.920,0.9992511868476868,1,0.9992571949958802,1
2026-02-09 22:37:17.026,0.9992440938949585,1,0.9992473661899567,1
2026-02-09 22:37:17.133,0.9992347955703735,1,0.9992348849773407,1
2026-02-09 22:37:17.240,0.9992227554321289,1,0.9992190420627594,1
2026-02-09 22:37:17.346,0.9992121458053589,1,0.9992044627666473,1
2026-02-09 22:37:17.453,0.9991931319236755,1,0.9991930365562439,1
2026-02-09 22:37:17.560,0.9991647005081177,1,0.9991892516613007,1
2026-02-09 22:37:17.666,0.9991276860237122,1,0.9991887271404266,1
2026-02-09 22:37:17.773,0.999129593372345,1,0.9991905331611634,1
2026-02-09 22:37:17.880,0.999150276184082,1,0.9991945445537567,1
2026-02-09 22:37:17.986,0.9992133378982544,1,0.999199914932251,1
2026-02-09 22:37:18.093,0.9992388486862183,1,0.9992080211639405,1
2026-02-09 22:37:18.200,0.9992528557777405,1,0.9992212772369384,1
2026-02-09 22:37:18.306,0.9992628693580627,1,0.9992396771907807,1
2026-02-09 22:37:18.413,0.9992658495903015,1,0.9992585420608521,1
2026-02-09 22:37:18.520,0.9992741942405701,1,0.9992747664451599,1
2026-02-09 22:37:18.626,0.9992972612380981,1,0.9992837309837341,1
2026-02-09 22:37:18.733,0.9993116855621338,1,0.9992883265018463,1
2026-02-09 22:37:18.840,0.9993182420730591,1,0.9992899119853973,1
2026-02-09 22:37:18.946,0.9993125200271606,1,0.9992906153202057,1
2026-02-09 22:37:19.053,0.9993029832839966,1,0.9992914021015167,1
2026-02-09 22:37:19.160,0.9992848038673401,1,0.9992922723293305,1
2026-02-09 22:37:19.266,0.9992687106132507,1,0.9992913007736206,1
2026-02-09 22:37:19.373,0.9992699027061462,1,0.9992904901504517,1
2026-02-09 22:37:19.480,0.9992737174034119,1,0.9992897987365723,1
2026-02-09 22:37:19.586,0.9992828965187073,1,0.9992904186248779,1
2026-02-09 22:37:19.693,0.9992875456809998,1,0.9992924213409424,1
2026-02-09 22:37:19.800,0.9993035793304443,1,0.9992965877056121,1
2026-02-09 22:37:19.906,0.9993113279342651,1,0.99930260181427,1
2026-02-09 22:37:20.013,0.9993187189102173,1,0.9993082106113433,1
2026-02-09 22:37:20.120,0.9993230104446411,1,0.9993131637573243,1
2026-02-09 22:37:20.226,0.9993264675140381,1,0.9993165910243988,1
2026-02-09 22:37:20.333,0.9993288516998291,1,0.9993180274963379,1
2026-02-09 22:37:20.440,0.9993259906768799,1,0.9993168711662292,1
2026-02-09 22:37:20.546,0.9993232488632202,1,0.999315083026886,1
2026-02-09 22:37:20.653,0.9993171691894531,1,0.9993136644363403,1
2026-02-09 22:37:20.760,0.9993019104003906,1,0.9993128538131714,1
2026-02-09 22:37:20.866,0.9992920160293579,1,0.9993129372596741,1
2026-02-09 22:37:20.973,0.9992934465408325,1,0.9993135988712311,1
2026-02-09 22:37:21.080,0.9993045330047607,1,0.9993149280548096,1
2026-02-09 22:37:21.186,0.9993149042129517,1,0.9993168175220489,1
2026-02-09 22:37:21.293,0.9993273019790649,1,0.9993195295333862,1
2026-02-09 22:37:21.400,0.9993354678153992,1,0.999323970079422,1
2026-02-09 22:37:21.506,0.9993392825126648,1,0.9993293404579162,1
2026-02-09 22:37:21.613,0.999342143535614,1,0.9993341863155365,1
2026-02-09 22:37:21.720,0.9993442893028259,1,0.9993372201919556,1
2026-02-09 22:37:21.826,0.9993463158607483,1,0.9993375420570374,1
2026-02-09 22:37:21.933,0.9993457198143005,1,0.9993331134319305,1
2026-02-09 22:37:22.040,0.9993419051170349,1,0.999324482679367,1
2026-02-09 22:37:22.146,0.9993348717689514,1,0.9993148446083069,1
2026-02-09 22:37:22.253,0.9993181228637695,1,0.9993049919605255,1
2026-02-09 22:37:22.360,0.9992830157279968,1,0.9992956459522248,1
2026-02-09 22:37:22.466,0.9992491602897644,1,0.9992879331111908,1
2026-02-09 22:37:22.573,0.999242901802063,1,0.9992811977863312,1
2026-02-09 22:37:22.680,0.9992436170578003,1,0.999274605512619,1
2026-02-09 22:37:22.786,0.9992508292198181,1,0.9992680370807647,1
2026-02-09 22:37:22.893,0.9992691874504089,1,0.9992621779441834,1
2026-02-09 22:37:23.000,0.9992783665657043,1,0.9992595791816712,1
2026-02-09 22:37:23.106,0.9992759823799133,1,0.9992598176002503,1
2026-02-09 22:37:23.213,0.9992691874504089,1,0.9992583751678467,1
2026-02-09 22:37:23.320,0.9992595314979553,1,0.9992541015148163,1
2026-02-09 22:37:23.426,0.9992570281028748,1,0.9992452979087829,1
2026-02-09 22:37:23.533,0.9992515444755554,1,0.9992336809635163,1
2026-02-09 22:37:23.640,0.9992284774780273,1,0.9992221117019653,1
2026-02-09 22:37:23.746,0.9992008805274963,1,0.9992134213447571,1
2026-02-09 22:37:23.853,0.9991627931594849,1,0.9992072463035584,1
2026-02-09 22:37:23.960,0.9991530179977417,1,0.9992031753063202,1
2026-02-09 22:37:24.066,0.9991626739501953,1,0.999200963973999,1
2026-02-09 22:37:24.173,0.9991890788078308,1,0.9992002308368683,1
2026-02-09 22:37:24.280,0.9992074370384216,1,0.9992011964321137,1
2026-02-09 22:37:24.386,0.9992188215255737,1,0.9992036938667297,1
2026-02-09 22:37:24.493,0.9992349147796631,1,0.9992081582546234,1
2026-02-09 22:37:24.600,0.999244213104248,1,0.9992104291915893,1
2026-02-09 22:37:24.706,0.999238133430481,1,0.9992100834846497,1
2026-02-09 22:37:24.813,0.9992258548736572,1,0.9992082178592682,1
2026-02-09 22:37:24.920,0.9992074370384216,1,0.9992064893245697,1
2026-02-09 22:37:25.026,0.9991757273674011,1,0.9992026925086975,1
2026-02-09 22:37:25.133,0.9991592168807983,1,0.9991961479187011,1
2026-02-09 22:37:25.240,0.9991704225540161,1,0.9991877436637878,1
2026-02-09 22:37:25.346,0.9991901516914368,1,0.9991825997829438,1
2026-02-09 22:37:25.453,0.9991808533668518,1,0.9991800665855408,1
2026-02-09 22:37:25.560,0.9991694688796997,1,0.999179232120514,1
2026-02-09 22:37:25.666,0.9991601705551147,1,0.9991801738739013,1
2026-02-09 22:37:25.773,0.9991866946220398,1,0.9991805553436279,1
2026-02-09 22:37:25.880,0.9992005228996277,1,0.9991776704788208,1
2026-02-09 22:37:25.986,0.9991990923881531,1,0.9991723656654358,1
2026-02-09 22:37:26.093,0.9991851449012756,1,0.9991700828075409,1
2026-02-09 22:37:26.200,0.999163031578064,1,0.9991714477539062,1
2026-02-09 22:37:26.306,0.9991415739059448,1,0.9991754472255707,1
2026-02-09 22:37:26.413,0.9991371035575867,1,0.9991776883602143,1
2026-02-09 22:37:26.520,0.9991580247879028,1,0.9991784393787384,1
2026-02-09 22:37:26.626,0.9991831183433533,1,0.9991789519786834,1
2026-02-09 22:37:26.733,0.999200165271759,1,0.999181604385376,1
2026-02-09 22:37:26.840,0.9992091059684753,1,0.9991878628730774,1
2026-02-09 22:37:26.946,0.9992080330848694,1,0.9991968393325805,1
2026-02-09 22:37:27.053,0.9992042183876038,1,0.9992057979106903,1
2026-02-09 22:37:27.160,0.9992116689682007,1,0.9992147028446198,1
2026-02-09 22:37:27.266,0.9992256164550781,1,0.9992224037647247,1
2026-02-09 22:37:27.373,0.9992313385009766,1,0.9992293298244477,1
2026-02-09 22:37:27.480,0.9992266893386841,1,0.9992360651493073,1
2026-02-09 22:37:27.586,0.9992470741271973,1,0.9992438971996307,1
2026-02-09 22:37:27.693,0.9992601275444031,1,0.9992531538009644,1
2026-02-09 22:37:27.800,0.999269425868988,1,0.9992628931999207,1
2026-02-09 22:37:27.906,0.9992764592170715,1,0.9992713093757629,1
2026-02-09 22:37:28.013,0.9992863535881042,1,0.999279773235321,1
2026-02-09 22:37:28.120,0.9992967844009399,1,0.9992886900901794,1
2026-02-09 22:37:28.226,0.9993090629577637,1,0.9992948532104492,1
2026-02-09 22:37:28.333,0.999309778213501,1,0.9992983043193817,1
2026-02-09 22:37:28.440,0.9993159770965576,1,0.9993001043796539,1
2026-02-09 22:37:28.546,0.9993158578872681,1,0.9993012845516205,1
2026-02-09 22:37:28.653,0.999308705329895,1,0.9993015050888061,1
2026-02-09 22:37:28.760,0.999294638633728,1,0.999300742149353,1
2026-02-09 22:37:28.866,0.9992874264717102,1,0.999298506975174,1
2026-02-09 22:37:28.973,0.9992882609367371,1,0.9992957949638367,1
2026-02-09 22:37:29.080,0.9992885589599609,1,0.99929239153862,1
2026-02-09 22:37:29.186,0.9992891550064087,1,0.999289584159851,1
2026-02-09 22:37:29.293,0.9992867112159729,1,0.9992879867553711,1
2026-02-09 22:37:29.400,0.9992826581001282,1,0.999288010597229,1
2026-02-09 22:37:29.506,0.9992819428443909,1,0.9992883622646331,1
2026-02-09 22:37:29.613,0.9992877840995789,1,0.9992874801158905,1
2026-02-09 22:37:29.720,0.9992927312850952,1,0.9992847442626953,1
2026-02-09 22:37:29.826,0.9992948770523071,1,0.9992801785469055,1
2026-02-09 22:37:29.933,0.999290943145752,1,0.9992738902568817,1
2026-02-09 22:37:30.040,0.9992794394493103,1,0.9992685914039612,1
2026-02-09 22:37:30.146,0.999261200428009,1,0.9992633163928986,1
2026-02-09 22:37:30.253,0.9992434978485107,1,0.9992578268051148,1
2026-02-09 22:37:30.360,0.9992238283157349,1,0.9992518901824952,1
2026-02-09 22:37:30.466,0.9992296695709229,1,0.9992464542388916,1
2026-02-09 22:37:30.573,0.9992291927337646,1,0.9992413282394409,1
2026-02-09 22:37:30.680,0.9992328882217407,1,0.9992372572422028,1
2026-02-09 22:37:30.786,0.9992333650588989,1,0.9992357850074768,1
2026-02-09 22:37:30.893,0.999240517616272,1,0.9992364466190338,1
2026-02-09 22:37:31.000,0.9992396831512451,1,0.9992406129837036,1
2026-02-09 22:37:31.106,0.9992387294769287,1,0.9992441833019257,1
2026-02-09 22:37:31.213,0.9992464780807495,1,0.9992486834526062,1
2026-02-09 22:37:31.320,0.9992501139640808,1,0.9992520987987519,1
2026-02-09 22:37:31.426,0.9992654919624329,1,0.9992538690567017,1
2026-02-09 22:37:31.533,0.9992653727531433,1,0.9992530822753907,1
2026-02-09 22:37:31.640,0.9992741942405701,1,0.9992530941963196,1
2026-02-09 22:37:31.746,0.999267041683197,1,0.9992543995380402,1
2026-02-09 22:37:31.853,0.9992510676383972,1,0.9992560505867004,1
2026-02-09 22:37:31.960,0.9992326498031616,1,0.9992579102516175,1
2026-02-09 22:37:32.066,0.9992398023605347,1,0.9992584347724914,1
2026-02-09 22:37:32.173,0.9992517828941345,1,0.9992586135864258,1
2026-02-09 22:37:32.280,0.9992629885673523,1,0.9992576956748962,1
2026-02-09 22:37:32.386,0.9992687106132507,1,0.9992570996284484,1
2026-02-09 22:37:32.493,0.9992707371711731,1,0.9992579221725464,1
2026-02-09 22:37:32.600,0.9992671608924866,1,0.9992604196071625,1
2026-02-09 22:37:32.706,0.9992650151252747,1,0.9992611825466156,1
2026-02-09 22:37:32.813,0.9992610812187195,1,0.9992593169212342,1
2026-02-09 22:37:32.920,0.9992592930793762,1,0.9992546021938324,1
2026-02-09 22:37:33.026,0.9992576241493225,1,0.9992475926876068,1
2026-02-09 22:37:33.133,0.9992474317550659,1,0.9992387473583222,1
2026-02-09 22:37:33.240,0.9992331266403198,1,0.999231880903244,1
2026-02-09 22:37:33.346,0.999215841293335,1,0.9992262899875641,1
2026-02-09 22:37:33.453,0.9991986155509949,1,0.9992232203483582,1
2026-02-09 22:37:33.560,0.9991822838783264,1,0.999221283197403,1
2026-02-09 22:37:33.666,0.9991984963417053,1,0.9992203891277314,1
2026-02-09 22:37:33.773,0.9992091059684753,1,0.9992198050022125,1
2026-02-09 22:37:33.880,0.9992303848266602,1,0.99921994805336,1
2026-02-09 22:37:33.986,0.9992399215698242,1,0.9992203772068023,1
2026-02-09 22:37:34.093,0.9992486834526062,1,0.9992199838161469,1
2026-02-09 22:37:34.200,0.9992415904998779,1,0.9992180347442627,1
2026-02-09 22:37:34.306,0.9992345571517944,1,0.9992095351219177,1
2026-02-09 22:37:34.413,0.9992201328277588,1,0.9991930842399597,1
2026-02-09 22:37:34.520,0.9991946816444397,1,0.9991688430309296,1
2026-02-09 22:37:34.626,0.9991627931594849,1,0.9991368353366852,1
2026-02-09 22:37:34.733,0.9991135001182556,1,0.9991036534309388,1
2026-02-09 22:37:34.840,0.9990445971488953,1,0.9990601539611816,1
2026-02-09 22:37:34.946,0.9989879727363586,1,0.999012804031372,1
2026-02-09 22:37:35.053,0.9989198446273804,1,0.9989642798900604,1
2026-02-09 22:37:35.160,0.9989168643951416,1,0.9989263415336609,1
2026-02-09 22:37:35.266,0.9988065958023071,1,0.9988935887813568,1
2026-02-09 22:37:35.373,0.9987610578536987,1,0.9988614022731781,1
2026-02-09 22:37:35.480,0.9987348914146423,1,0.9988310635089874,1
2026-02-09 22:37:35.586,0.9988152980804443,1,0.998802000284195,1
2026-02-09 22:37:35.693,0.9988352656364441,1,0.9987824320793152,1
2026-02-09 22:37:35.800,0.9987916350364685,1,0.9987659692764282,1
2026-02-09 22:37:35.906,0.9987412095069885,1,0.9987558484077453,1
2026-02-09 22:37:36.013,0.9986973404884338,1,0.9987470149993897,1
2026-02-09 22:37:36.120,0.9987241625785828,1,0.9987409889698029,1
2026-02-09 22:37:36.226,0.998752236366272,1,0.9987309396266937,1
2026-02-09 22:37:36.333,0.9987053871154785,1,0.9987268805503845,1
2026-02-09 22:37:36.440,0.9986727237701416,1,0.9987361192703247,1
2026-02-09 22:37:36.546,0.9986746311187744,1,0.998762333393097,1
2026-02-09 22:37:36.653,0.998714804649353,1,0.9988033413887024,1
2026-02-09 22:37:36.760,0.998794674873352,1,0.9988490343093872,1
2026-02-09 22:37:36.866,0.9988840222358704,1,0.9988944590091705,1
2026-02-09 22:37:36.973,0.9990033507347107,1,0.9989467084407806,1
2026-02-09 22:37:37.080,0.9991074204444885,1,0.9990033328533172,1
2026-02-09 22:37:37.186,0.9991810917854309,1,0.9990603029727936,1
2026-02-09 22:37:37.293,0.9992064833641052,1,0.99911248087883,1
2026-02-09 22:37:37.400,0.9992278814315796,1,0.9991553008556366,1
2026-02-09 22:37:37.506,0.9992389678955078,1,0.9991876661777497,1
2026-02-09 22:37:37.613,0.9992443323135376,1,0.9992080152034759,1
2026-02-09 22:37:37.720,0.9992365837097168,1,0.999215167760849,1
2026-02-09 22:37:37.826,0.9992228746414185,1,0.9992150008678437,1
2026-02-09 22:37:37.933,0.9992076754570007,1,0.9992148339748382,1
2026-02-09 22:37:38.040,0.9992068409919739,1,0.99921435713768,1
2026-02-09 22:37:38.146,0.999178946018219,1,0.9992136418819427,1
2026-02-09 22:37:38.253,0.9991794228553772,1,0.9992137610912323,1
2026-02-09 22:37:38.360,0.9992048144340515,1,0.9992166757583618,1
2026-02-09 22:37:38.466,0.9992231130599976,1,0.9992218911647797,1
2026-02-09 22:37:38.573,0.9992318153381348,1,0.9992296755313873,1
2026-02-09 22:37:38.680,0.9992455244064331,1,0.999237847328186,1
2026-02-09 22:37:38.786,0.999265730381012,1,0.9992489159107208,1
2026-02-09 22:37:38.893,0.9992750287055969,1,0.9992599844932556,1
2026-02-09 22:37:39.000,0.9992855191230774,1,0.9992675900459289,1
2026-02-09 22:37:39.106,0.9992885589599609,1,0.9992717444896698,1
2026-02-09 22:37:39.213,0.9992896318435669,1,0.9992727100849151,1
2026-02-09 22:37:39.320,0.9992901086807251,1,0.9992707312107086,1
2026-02-09 22:37:39.426,0.9992808699607849,1,0.999265718460083,1
2026-02-09 22:37:39.533,0.999264657497406,1,0.999261075258255,1
2026-02-09 22:37:39.640,0.9992414712905884,1,0.99925616979599,1
2026-02-09 22:37:39.746,0.9992257356643677,1,0.9992507457733154,1
2026-02-09 22:37:39.853,0.9992156028747559,1,0.9992453694343567,1
2026-02-09 22:37:39.960,0.9992285966873169,1,0.9992400884628296,1
2026-02-09 22:37:40.066,0.9992364645004272,1,0.9992354810237885,1
2026-02-09 22:37:40.173,0.9992343187332153,1,0.9992345035076141,1
2026-02-09 22:37:40.280,0.9992358684539795,1,0.9992370128631591,1
2026-02-09 22:37:40.386,0.9992372989654541,1,0.9992414176464081,1
2026-02-09 22:37:40.493,0.9992347955703735,1,0.9992478132247925,1
2026-02-09 22:37:40.600,0.9992548823356628,1,0.9992520034313201,1
2026-02-09 22:37:40.706,0.9992665648460388,1,0.9992536783218384,1
2026-02-09 22:37:40.813,0.9992697834968567,1,0.9992532849311828,1
2026-02-09 22:37:40.920,0.9992795586585999,1,0.9992502391338348,1
2026-02-09 22:37:41.026,0.999270498752594,1,0.9992440342903137,1
2026-02-09 22:37:41.133,0.9992532134056091,1,0.9992394745349884,1
2026-02-09 22:37:41.240,0.9992303848266602,1,0.9992351531982422,1
2026-02-09 22:37:41.346,0.9992054104804993,1,0.9992317616939544,1
2026-02-09 22:37:41.453,0.9991752505302429,1,0.9992296993732452,1
2026-02-09 22:37:41.560,0.9991891980171204,1,0.9992277204990387,1
2026-02-09 22:37:41.666,0.9992116689682007,1,0.999226552248001,1
2026-02-09 22:37:41.773,0.9992326498031616,1,0.9992272794246674,1
2026-02-09 22:37:41.880,0.9992491602897644,1,0.9992301940917969,1
2026-02-09 22:37:41.986,0.9992597699165344,1,0.9992377042770386,1
2026-02-09 22:37:42.093,0.999258816242218,1,0.9992491781711579,1
2026-02-09 22:37:42.200,0.9992604851722717,1,0.9992585241794586,1
2026-02-09 22:37:42.306,0.9992595314979553,1,0.9992642760276794,1
2026-02-09 22:37:42.413,0.9992805123329163,1,0.9992659389972687,1
2026-02-09 22:37:42.520,0.9992899894714355,1,0.9992638945579528,1
2026-02-09 22:37:42.626,0.9992826581001282,1,0.9992588818073272,1
2026-02-09 22:37:42.733,0.9992691874504089,1,0.9992551922798156,1
2026-02-09 22:37:42.840,0.999249279499054,1,0.999253660440445,1
2026-02-09 22:37:42.946,0.9992287158966064,1,0.9992548406124115,1
2026-02-09 22:37:43.053,0.9992096424102783,1,0.9992557406425476,1
2026-02-09 22:37:43.160,0.999221920967102,1,0.9992570281028748,1
2026-02-09 22:37:43.266,0.9992451667785645,1,0.9992592632770538,1
2026-02-09 22:37:43.373,0.9992713332176208,1,0.9992627620697021,1
2026-02-09 22:37:43.480,0.9992895126342773,1,0.9992680728435517,1
2026-02-09 22:37:43.586,0.999302864074707,1,0.9992754399776459,1
2026-02-09 22:37:43.693,0.999305009841919,1,0.9992849051952362,1
2026-02-09 22:37:43.800,0.9993041753768921,1,0.999293452501297,1
2026-02-09 22:37:43.906,0.9993023872375488,1,0.9993004262447357,1
2026-02-09 22:37:44.013,0.9993023872375488,1,0.9993051290512085,1
2026-02-09 22:37:44.120,0.9993042945861816,1,0.9993066549301147,1
2026-02-09 22:37:44.226,0.99930739402771,1,0.9993050515651702,1
2026-02-09 22:37:44.333,0.9993149042129517,1,0.999303525686264,1
2026-02-09 22:37:44.440,0.9993183612823486,1,0.9993025600910187,1
2026-02-09 22:37:44.546,0.9993047714233398,1,0.9993027150630951,1
2026-02-09 22:37:44.653,0.9992868304252625,1,0.99930379986763,1
2026-02-09 22:37:44.760,0.9992897510528564,1,0.9993051588535309,1
2026-02-09 22:37:44.866,0.9992945194244385,1,0.9993063390254975,1
2026-02-09 22:37:44.973,0.999303936958313,1,0.9993069350719452,1
2026-02-09 22:37:45.080,0.999313235282898,1,0.9993070065975189,1
2026-02-09 22:37:45.186,0.9993178844451904,1,0.9993083417415619,1
2026-02-09 22:37:45.293,0.9993191957473755,1,0.9993109703063965,1
2026-02-09 22:37:45.400,0.9993208646774292,1,0.9993118405342102,1
2026-02-09 22:37:45.506,0.9993190765380859,1,0.9993105709552765,1
2026-02-09 22:37:45.613,0.9993181228637695,1,0.9993078947067261,1
2026-02-09 22:37:45.720,0.9993131160736084,1,0.9993041813373565,1
2026-02-09 22:37:45.826,0.9992984533309937,1,0.9993013679981232,1
2026-02-09 22:37:45.933,0.9992818236351013,1,0.9992985188961029,1
2026-02-09 22:37:46.040,0.9992771744728088,1,0.9992936968803405,1
2026-02-09 22:37:46.146,0.9992761015892029,1,0.9992869317531585,1
2026-02-09 22:37:46.253,0.9992897510528564,1,0.9992802858352661,1
2026-02-09 22:37:46.360,0.9992907047271729,1,0.9992744743824005,1
2026-02-09 22:37:46.466,0.9992726445198059,1,0.9992696881294251,1
2026-02-09 22:37:46.573,0.9992514252662659,1,0.9992657124996185,1
2026-02-09 22:37:46.680,0.999251663684845,1,0.9992615342140198,1
2026-02-09 22:37:46.786,0.9992550015449524,1,0.9992558896541596,1
2026-02-09 22:37:46.893,0.999250590801239,1,0.9992478251457214,1
2026-02-09 22:37:47.000,0.9992420673370361,1,0.999237447977066,1
2026-02-09 22:37:47.106,0.9992353916168213,1,0.9992272019386291,1
2026-02-09 22:37:47.213,0.9992196559906006,1,0.9992173850536347,1
2026-02-09 22:37:47.320,0.9992091059684753,1,0.9992061138153077,1
2026-02-09 22:37:47.426,0.9991869330406189,1,0.99919353723526,1
2026-02-09 22:37:47.533,0.999170184135437,1,0.9991839945316314,1
2026-02-09 22:37:47.640,0.9991532564163208,1,0.9991792917251587,1
2026-02-09 22:37:47.746,0.9991389513015747,1,0.9991802096366882,1
2026-02-09 22:37:47.853,0.9991292357444763,1,0.9991838276386261,1
2026-02-09 22:37:47.960,0.9991551637649536,1,0.9991876125335694,1
2026-02-09 22:37:48.066,0.9991950392723083,1,0.9991913855075836,1
2026-02-09 22:37:48.173,0.9992445707321167,1,0.9991956889629364,1
2026-02-09 22:37:48.280,0.9992558360099792,1,0.9992011189460754,1
2026-02-09 22:37:48.386,0.9992469549179077,1,0.9992056071758271,1
2026-02-09 22:37:48.493,0.9992246627807617,1,0.9992091536521912,1
2026-02-09 22:37:48.600,0.9992132186889648,1,0.9991941034793854,1
2026-02-09 22:37:48.706,0.9992075562477112,1,0.9991231143474579,1
2026-02-09 22:37:48.813,0.9991838335990906,1,0.9990396142005921,1
2026-02-09 22:37:48.920,0.9991647005081177,1,0.9989387452602386,1
2026-02-09 22:37:49.026,0.9990046620368958,1,0.9988065659999847,1
2026-02-09 22:37:49.133,0.9984851479530334,1,0.9985900342464447,1
2026-02-09 22:37:49.240,0.9984095692634583,1,0.9983419835567474,1
2026-02-09 22:37:49.346,0.9982471466064453,1,0.997890043258667,1
2026-02-09 22:37:49.453,0.9979251623153687,1,0.9971890032291413,1
2026-02-09 22:37:49.560,0.9970593452453613,1,0.9963689386844635,1
2026-02-09 22:37:49.666,0.9967327117919922,1,0.9955115020275116,1
2026-02-09 22:37:49.773,0.9946881532669067,1,0.9946594297885895,1
2026-02-09 22:37:49.880,0.992173433303833,1,0.9936776459217072,1
2026-02-09 22:37:49.986,0.9909640550613403,1,0.9926152288913727,1
2026-02-09 22:37:50.093,0.9904302954673767,1,0.9916308939456939,1
2026-02-09 22:37:50.200,0.9899644255638123,1,0.9907791197299958,1
2026-02-09 22:37:50.306,0.988591730594635,1,0.9900059401988983,1
2026-02-09 22:37:50.413,0.9876229763031006,1,0.9894899725914001,1
2026-02-09 22:37:50.520,0.9880818128585815,1,0.9894900977611542,1
2026-02-09 22:37:50.626,0.9885416030883789,1,0.9897887170314789,1
2026-02-09 22:37:50.733,0.9890009164810181,1,0.9902948677539826,1
2026-02-09 22:37:50.840,0.989528477191925,1,0.9908892989158631,1
2026-02-09 22:37:50.946,0.9921746850013733,1,0.9910726308822632,1
2026-02-09 22:37:51.053,0.9939502477645874,1,0.9877215206623078,1
2026-02-09 22:37:51.160,0.9954918026924133,1,0.9777854084968567,1
2026-02-09 22:37:51.266,0.9959087371826172,1,0.9590608358383179,1
2026-02-09 22:37:51.373,0.9904250502586365,1,0.9346358239650726,1
2026-02-09 22:37:51.480,0.9541118741035461,1,0.9122596144676208,1
2026-02-09 22:37:51.586,0.888720691204071,1,0.8905970752239227,1
2026-02-09 22:37:51.693,0.8012958765029907,1,0.863827258348465,1
2026-02-09 22:37:51.800,0.7447507977485657,1,0.8227509737014771,1
2026-02-09 22:37:51.906,0.7657663822174072,1,0.7635071784257889,1
2026-02-09 22:37:52.013,0.7755492925643921,1,0.6880528628826141,1
2026-02-09 22:37:52.120,0.7262520790100098,1,0.605253803730011,1
2026-02-09 22:37:52.226,0.5847289562225342,1,0.523272954672575,1
2026-02-09 22:37:52.333,0.4034707844257355,0,0.44778223484754565,0
2026-02-09 22:37:52.440,0.23588189482688904,0,0.3764973323792219,0
2026-02-09 22:37:52.546,0.12612128257751465,0,0.30272739175707103,0
2026-02-09 22:37:52.653,0.06891220062971115,0,0.22739833313971758,0
2026-02-09 22:37:52.760,0.04638867825269699,0,0.15799570064991714,0
2026-02-09 22:37:52.866,0.0319017730653286,0,0.10469440277665854,0
2026-02-09 22:37:52.973,0.028066975995898247,0,0.07219687905162572,0
2026-02-09 22:37:53.080,0.022258706390857697,0,0.06340328361839057,0
2026-02-09 22:37:53.186,0.032225754112005234,0,0.08153030779212714,0
2026-02-09 22:37:53.293,0.05171597748994827,0,0.12909389119595288,0
2026-02-09 22:37:53.400,0.07849554717540741,0,0.19685215409845114,0
2026-02-09 22:37:53.506,0.14794594049453735,0,0.27521327827125786,0
2026-02-09 22:37:53.613,0.30739152431488037,0,0.35450977347791196,0
2026-02-09 22:37:53.720,0.5445480346679688,1,0.42724031396210194,0
2026-02-09 22:37:53.826,0.7239713072776794,1,0.5052681438624859,1
2026-02-09 22:37:53.933,0.815513014793396,1,0.5921741768717765,1
2026-02-09 22:37:54.040,0.821031928062439,1,0.6748105168342591,1
2026-02-09 22:37:54.146,0.7495641112327576,1,0.7316406428813934,1
2026-02-09 22:37:54.253,0.8125040531158447,1,0.7673060417175293,1
2026-02-09 22:37:54.360,0.9207763075828552,1,0.7919214069843292,1
2026-02-09 22:37:54.466,0.9048589468002319,1,0.8073799967765808,1
2026-02-09 22:37:54.573,0.7162472009658813,1,0.8138181626796722,1
2026-02-09 22:37:54.680,0.664045512676239,1,0.817487508058548,1
2026-02-09 22:37:54.786,0.790701687335968,1,0.8197547495365143,1
2026-02-09 22:37:54.893,0.8785572052001953,1,0.8018476784229278,1
2026-02-09 22:37:55.000,0.8798946738243103,1,0.7546777874231339,1
2026-02-09 22:37:55.106,0.8577253818511963,1,0.6910364151000976,1
2026-02-09 22:37:55.213,0.7722365260124207,1,0.633893333375454,1
2026-02-09 22:37:55.320,0.6334333419799805,1,0.5746429279446602,1
2026-02-09 22:37:55.426,0.44907739758491516,0,0.49890039637684824,0
2026-02-09 22:37:55.533,0.26844522356987,0,0.4125652601011097,0
2026-02-09 22:37:55.640,0.14481638371944427,0,0.32522591659799216,0
2026-02-09 22:37:55.746,0.07154145836830139,0,0.23972970955073833,0
2026-02-09 22:37:55.853,0.03327637165784836,0,0.16262107386719435,0
2026-02-09 22:37:55.960,0.015205842442810535,0,0.09937632996588945,0
2026-02-09 22:37:56.066,0.006501238793134689,0,0.054565408686175945,0
2026-02-09 22:37:56.173,0.002763311378657818,0,0.027820067992433906,0
2026-02-09 22:37:56.280,0.001150169176980853,0,0.013440225832164287,0
2026-02-09 22:37:56.386,0.0009859029669314623,0,0.006389710342045873,0
2026-02-09 22:37:56.493,0.0009681847877800465,0,0.003165808180347085,0
2026-02-09 22:37:56.600,0.000991816632449627,0,0.001747366029303521,0
2026-02-09 22:37:56.706,0.0010179621167480946,0,0.00120018016314134,0
2026-02-09 22:37:56.813,0.00103630346711725,0,0.0010267664561979472,0
2026-02-09 22:37:56.920,0.0010373500408604741,0,0.001014013448730111,0
2026-02-09 22:37:57.026,0.0010214209323748946,0,0.0010135885910131036,0
2026-02-09 22:37:57.133,0.0010293801315128803,0,0.001010441139806062,0
2026-02-09 22:37:57.240,0.0010291743092238903,0,0.0010028547083493322,0
2026-02-09 22:37:57.346,0.0010226391023024917,0,0.0009900120203383267,0
2026-02-09 22:37:57.453,0.0009816543897613883,0,0.0009737023035995662,0
2026-02-09 22:37:57.560,0.0009367102757096291,0,0.0009584419254679233,0
2026-02-09 22:37:57.666,0.0009159523178823292,0,0.00094662721385248,0
2026-02-09 22:37:57.773,0.0008895352366380394,0,0.0009355849644634873,0
2026-02-09 22:37:57.880,0.0008732062997296453,0,0.0009258066362235695,0
2026-02-09 22:37:57.986,0.0008847462595440447,0,0.0009204887785017491,0
2026-02-09 22:37:58.093,0.0009032738162204623,0,0.0009431146201677621,0
2026-02-09 22:37:58.200,0.0009189576376229525,0,0.0010350618395023048,0
2026-02-09 22:37:58.306,0.0009313910268247128,0,0.0012444266641978175,0
2026-02-09 22:37:58.413,0.0009694605250842869,0,0.0016476963995955885,0
2026-02-09 22:37:58.520,0.0012079128064215183,0,0.0024963728385046123,0
2026-02-09 22:37:58.626,0.0018561824690550566,0,0.005299212614772841,0
2026-02-09 22:37:58.733,0.0030096005648374557,0,0.012900745432125405,0
2026-02-09 22:37:58.840,0.004922232590615749,0,0.02956926599727012,0
2026-02-09 22:37:58.946,0.009359970688819885,0,0.06373500810586848,0
2026-02-09 22:37:59.053,0.028913144022226334,0,0.12392525153700262,0
2026-02-09 22:37:59.160,0.0769186019897461,0,0.20399572679307312,0
2026-02-09 22:37:59.266,0.16760416328907013,0,0.2954313584603369,0
2026-02-09 22:37:59.373,0.3425888121128082,0,0.39132694257423284,0
2026-02-09 22:37:59.480,0.6028718948364258,1,0.4889674190431833,0
2026-02-09 22:37:59.586,0.8019126653671265,1,0.5869695652276278,1
2026-02-09 22:37:59.693,0.9162124991416931,1,0.6834026739001274,1
2026-02-09 22:37:59.800,0.9619654417037964,1,0.7750490471720696,1
2026-02-09 22:37:59.906,0.9813269972801208,1,0.8575866729021072,1
2026-02-09 22:38:00.013,0.9893814325332642,1,0.9231297850608826,1
2026-02-09 22:38:00.120,0.9932442307472229,1,0.9627461314201355,1
2026-02-09 22:38:00.226,0.9933823347091675,1,0.9824807465076446,1
2026-02-09 22:38:00.333,0.992980420589447,1,0.9907894611358643,1
2026-02-09 22:38:00.440,0.9980199337005615,1,0.994523537158966,1
2026-02-09 22:38:00.546,0.9990353584289551,1,0.9963225305080414,1
2026-02-09 22:38:00.653,0.999258816242218,1,0.9973168313503266,1
2026-02-09 22:38:00.760,0.9992996454238892,1,0.9979243278503418,1
2026-02-09 22:38:00.866,0.9993062019348145,1,0.9985166549682617,1
2026-02-09 22:38:00.973,0.999316930770874,1,0.999148029088974,1
2026-02-09 22:38:01.080,0.9993244409561157,1,0.9992745041847229,1
2026-02-09 22:38:01.186,0.9993191957473755,1,0.9992977321147919,1
2026-02-09 22:38:01.293,0.9993056058883667,1,0.9992962121963501,1
2026-02-09 22:38:01.400,0.9992941617965698,1,0.9992889523506164,1
2026-02-09 22:38:01.506,0.9992846846580505,1,0.999280571937561,1
2026-02-09 22:38:01.613,0.9992676377296448,1,0.9992717266082763,1
2026-02-09 22:38:01.720,0.9992436170578003,1,0.9992639064788819,1
2026-02-09 22:38:01.826,0.9992270469665527,1,0.9992599666118622,1
2026-02-09 22:38:01.933,0.9992223978042603,1,0.9992592632770538,1
2026-02-09 22:38:02.040,0.9992284774780273,1,0.9992606461048126,1
2026-02-09 22:38:02.146,0.9992462396621704,1,0.9992631673812866,1
2026-02-09 22:38:02.253,0.999279797077179,1,0.9992672622203826,1
2026-02-09 22:38:02.360,0.9992985725402832,1,0.9992741644382477,1
2026-02-09 22:38:02.466,0.9993079900741577,1,0.9992830932140351,1
2026-02-09 22:38:02.573,0.9993098974227905,1,0.9992925465106964,1
2026-02-09 22:38:02.680,0.9993085861206055,1,0.9993019282817841,1
2026-02-09 22:38:02.786,0.9993126392364502,1,0.9993089735507965,1
2026-02-09 22:38:02.893,0.9993163347244263,1,0.9993128299713134,1
2026-02-09 22:38:03.000,0.999316930770874,1,0.9993142127990723,1
2026-02-09 22:38:03.106,0.9993222951889038,1,0.9993135333061218,1
2026-02-09 22:38:03.213,0.9993166923522949,1,0.9993110597133636,1
2026-02-09 22:38:03.320,0.9993183612823486,1,0.9993077039718627,1
2026-02-09 22:38:03.426,0.9993124008178711,1,0.9992994546890259,1
2026-02-09 22:38:03.533,0.9993011951446533,1,0.999278312921524,1
2026-02-09 22:38:03.640,0.9992851614952087,1,0.9992516994476318,1
2026-02-09 22:38:03.746,0.9992750287055969,1,0.9992199838161469,1
2026-02-09 22:38:03.853,0.999230146408081,1,0.9991850078105926,1
2026-02-09 22:38:03.960,0.999104917049408,1,0.9991506278514862,1
2026-02-09 22:38:04.066,0.9990507960319519,1,0.9991204679012299,1
2026-02-09 22:38:04.173,0.999005138874054,1,0.9990981161594391,1
2026-02-09 22:38:04.280,0.9989669322967529,1,0.9990799605846405,1
2026-02-09 22:38:04.386,0.9989745616912842,1,0.9990636050701142,1
2026-02-09 22:38:04.493,0.9990108013153076,1,0.9990490138530731,1
2026-02-09 22:38:04.600,0.9990776777267456,1,0.9990430057048798,1
2026-02-09 22:38:04.706,0.9991036057472229,1,0.999034333229065,1
2026-02-09 22:38:04.813,0.9991114735603333,1,0.9990218758583069,1
2026-02-09 22:38:04.920,0.9990842342376709,1,0.9989711046218872,1
2026-02-09 22:38:05.026,0.9990448355674744,1,0.9988314688205719,1
2026-02-09 22:38:05.133,0.9989640712738037,1,0.998634421825409,1
2026-02-09 22:38:05.240,0.9988805651664734,1,0.9984509587287903,1
2026-02-09 22:38:05.346,0.9984592199325562,1,0.9983091413974762,1
2026-02-09 22:38:05.453,0.9975782036781311,1,0.9981314539909363,1
2026-02-09 22:38:05.560,0.997040331363678,1,0.9979727447032929,1
2026-02-09 22:38:05.666,0.9972430467605591,1,0.9978180706501008,1
2026-02-09 22:38:05.773,0.997685432434082,1,0.9976597547531127,1
2026-02-09 22:38:05.880,0.9973345994949341,1,0.9975049555301666,1
2026-02-09 22:38:05.986,0.9974971413612366,1,0.99738330245018,1
2026-02-09 22:38:06.093,0.997498095035553,1,0.9972926855087281,1
2026-02-09 22:38:06.200,0.9973809123039246,1,0.9971004664897919,1
2026-02-09 22:38:06.306,0.9973325729370117,1,0.9965248882770539,1
2026-02-09 22:38:06.413,0.9972426891326904,1,0.9950476348400116,1
2026-02-09 22:38:06.520,0.9966720342636108,1,0.9881375789642334,1
2026-02-09 22:38:06.626,0.9951181411743164,1,0.9730277419090271,1
2026-02-09 22:38:06.733,0.9914872646331787,1,0.946968960762024,1
2026-02-09 22:38:06.840,0.9829128980636597,1,0.9123072326183319,1
2026-02-09 22:38:06.946,0.9282340407371521,1,0.8675397098064422,1
2026-02-09 22:38:07.053,0.8463987708091736,1,0.8298375010490417,1
2026-02-09 22:38:07.160,0.7369102835655212,1,0.8053971409797669,1
2026-02-09 22:38:07.266,0.6507636308670044,1,0.7851085662841797,1
2026-02-09 22:38:07.373,0.5496573448181152,1,0.7691517353057862,1
2026-02-09 22:38:07.480,0.6202206015586853,1,0.757158613204956,1
2026-02-09 22:38:07.586,0.7522684335708618,1,0.7585389852523804,1
2026-02-09 22:38:07.693,0.7922323942184448,1,0.7706427812576294,1
2026-02-09 22:38:07.800,0.8319189548492432,1,0.7952194571495056,1
2026-02-09 22:38:07.906,0.8629816770553589,1,0.8287971556186676,1
2026-02-09 22:38:08.013,0.9420377612113953,1,0.872468090057373,1
2026-02-09 22:38:08.120,0.9674367308616638,1,0.9088103532791137,1
2026-02-09 22:38:08.226,0.9826770424842834,1,0.9312658190727234,1
2026-02-09 22:38:08.333,0.9865406155586243,1,0.9493199169635773,1
2026-02-09 22:38:08.440,0.9863666892051697,1,0.9629402041435242,1
2026-02-09 22:38:08.546,0.9836432337760925,1,0.97332763671875,1
2026-02-09 22:38:08.653,0.976823091506958,1,0.9767169117927551,1
2026-02-09 22:38:08.760,0.9727733731269836,1,0.9776269972324372,1
2026-02-09 22:38:08.866,0.9681218266487122,1,0.9762096107006073,1
2026-02-09 22:38:08.973,0.9668560028076172,1,0.9725652515888215,1
2026-02-09 22:38:09.080,0.9759305119514465,1,0.9606804490089417,1
2026-02-09 22:38:09.186,0.9765375852584839,1,0.9284817755222321,1
2026-02-09 22:38:09.293,0.9685031771659851,1,0.8530449137091637,1
2026-02-09 22:38:09.400,0.9500970244407654,1,0.7631774939596653,1
2026-02-09 22:38:09.506,0.8675186634063721,1,0.6690032813698054,1
2026-02-09 22:38:09.613,0.6616564989089966,1,0.5734605527482927,1
2026-02-09 22:38:09.720,0.2224544733762741,0,0.4767043313011527,0
2026-02-09 22:38:09.826,0.07409917563199997,0,0.37967248978093265,0
2026-02-09 22:38:09.933,0.026379700750112534,0,0.2831834400771186,0
2026-02-09 22:38:10.040,0.011428716592490673,0,0.1883815395180136,0
2026-02-09 22:38:10.146,0.008368297480046749,0,0.10177983015310019,0
2026-02-09 22:38:10.253,0.006219170056283474,0,0.035752572515048084,0
2026-02-09 22:38:10.360,0.0036126801278442144,0,0.013663422153331339,0
2026-02-09 22:38:10.466,0.0020780188497155905,0,0.006451453175395727,0
2026-02-09 22:38:10.573,0.0015015697572380304,0,0.004355499986559153,0
2026-02-09 22:38:10.680,0.001383922528475523,0,0.004416464921087026,0
2026-02-09 22:38:10.786,0.001562969759106636,0,0.005658996477723122,0
2026-02-09 22:38:10.893,0.0019794858526438475,0,0.008391544688493013,0
2026-02-09 22:38:11.000,0.005420168861746788,0,0.013138085906393825,0
2026-02-09 22:38:11.106,0.012038365937769413,0,0.02169167804531753,0
2026-02-09 22:38:11.213,0.0207936130464077,0,0.04052808445412666,0
2026-02-09 22:38:11.320,0.03354465216398239,0,0.08151083828415721,0
2026-02-09 22:38:11.426,0.05107809230685234,0,0.1509855277603492,0
2026-02-09 22:38:11.533,0.08761394023895264,0,0.23918474232777953,0
2026-02-09 22:38:11.640,0.18986563384532928,0,0.33512245723977685,0
2026-02-09 22:38:11.746,0.41121146082878113,0,0.43280103951692583,0
2026-02-09 22:38:11.853,0.6963098645210266,1,0.5303647119551897,1
2026-02-09 22:38:11.960,0.883971631526947,1,0.6268298055976629,1
2026-02-09 22:38:12.066,0.96479731798172,1,0.7215963557362557,1
2026-02-09 22:38:12.173,0.988824188709259,1,0.8127410903573036,1
2026-02-09 22:38:12.280,0.9964303374290466,1,0.8936796218156815,1
2026-02-09 22:38:12.386,0.9981955885887146,1,0.9524907886981964,1
2026-02-09 22:38:12.493,0.9987435936927795,1,0.9827935636043549,1
2026-02-09 22:38:12.600,0.9990612864494324,1,0.9943308889865875,1
2026-02-09 22:38:12.706,0.9992509484291077,1,0.99778510928154,1
2026-02-09 22:38:12.813,0.9993231296539307,1,0.9988359034061431,1
2026-02-09 22:38:12.920,0.9993376135826111,1,0.9991262972354888,1
2026-02-09 22:38:13.026,0.9993448853492737,1,0.9992404997348785,1
2026-02-09 22:38:13.133,0.9993395209312439,1,0.9993003666400909,1
2026-02-09 22:38:13.240,0.9993321299552917,1,0.9993284642696381,1
2026-02-09 22:38:13.346,0.9993342757225037,1,0.9993372023105621,1
2026-02-09 22:38:13.453,0.9993376135826111,1,0.9993382215499877,1
2026-02-09 22:38:13.560,0.9993422627449036,1,0.9993373692035675,1
2026-02-09 22:38:13.666,0.9993422627449036,1,0.9993359446525574,1
2026-02-09 22:38:13.773,0.9993383288383484,1,0.9993353128433228,1
2026-02-09 22:38:13.880,0.9993333220481873,1,0.9993354678153992,1
2026-02-09 22:38:13.986,0.9993290901184082,1,0.9993350684642792,1
2026-02-09 22:38:14.093,0.9993306398391724,1,0.9993338942527771,1
2026-02-09 22:38:14.200,0.9993332028388977,1,0.9993310987949371,1
2026-02-09 22:38:14.306,0.9993336796760559,1,0.9993268013000488,1
2026-02-09 22:38:14.413,0.9993302822113037,1,0.9993223249912262,1
2026-02-09 22:38:14.520,0.9993258714675903,1,0.99931760430336,1
2026-02-09 22:38:14.626,0.9993143081665039,1,0.9993099331855774,1
2026-02-09 22:38:14.733,0.9992992877960205,1,0.9992997884750366,1
2026-02-09 22:38:14.840,0.9992935657501221,1,0.9992884218692779,1
2026-02-09 22:38:14.946,0.9992861151695251,1,0.9992774605751038,1
2026-02-09 22:38:15.053,0.9992523789405823,1,0.9992674946784973,1
2026-02-09 22:38:15.160,0.9992291927337646,1,0.9992593765258789,1
2026-02-09 22:38:15.266,0.999219536781311,1,0.9992522239685059,1
2026-02-09 22:38:15.373,0.999224066734314,1,0.9992472350597381,1
2026-02-09 22:38:15.480,0.9992306232452393,1,0.9992429137229919,1
2026-02-09 22:38:15.586,0.9992446899414062,1,0.9992387473583222,1
2026-02-09 22:38:15.693,0.9992427825927734,1,0.9992362976074218,1
2026-02-09 22:38:15.800,0.9992493987083435,1,0.9992316663265228,1
2026-02-09 22:38:15.906,0.9992503523826599,1,0.9992174923419952,1
2026-02-09 22:38:16.013,0.9992444515228271,1,0.9991268336772918,1
2026-02-09 22:38:16.120,0.9992278814315796,1,0.9990152299404145,1
2026-02-09 22:38:16.226,0.9991828799247742,1,0.9989134311676026,1
2026-02-09 22:38:16.333,0.9990777969360352,1,0.998846685886383,1
2026-02-09 22:38:16.440,0.9983174800872803,1,0.9987853050231934,1
2026-02-09 22:38:16.546,0.9981145858764648,1,0.9987256705760956,1
2026-02-09 22:38:16.653,0.9982267022132874,1,0.9986657619476318,1
2026-02-09 22:38:16.760,0.9985753297805786,1,0.9986219584941864,1
2026-02-09 22:38:16.866,0.9986355900764465,1,0.9985852003097534,1
2026-02-09 22:38:16.973,0.9986540079116821,1,0.9985620975494385,1
2026-02-09 22:38:17.080,0.9986453652381897,1,0.9986044108867645,1
2026-02-09 22:38:17.186,0.9987898468971252,1,0.998656177520752,1
2026-02-09 22:38:17.293,0.9988152980804443,1,0.9986839354038238,1
2026-02-09 22:38:17.400,0.9988467693328857,1,0.9986689627170563,1
2026-02-09 22:38:17.506,0.9987406134605408,1,0.9986351668834687,1
2026-02-09 22:38:17.613,0.9986322522163391,1,0.9986012399196624,1
2026-02-09 22:38:17.720,0.9985042810440063,1,0.9985524594783783,1
2026-02-09 22:38:17.826,0.9984256029129028,1,0.9984405815601349,1
2026-02-09 22:38:17.933,0.9982976317405701,1,0.9982441544532776,1
2026-02-09 22:38:18.040,0.9983147382736206,1,0.9979692697525024,1
2026-02-09 22:38:18.146,0.9981575608253479,1,0.9976726651191712,1
2026-02-09 22:38:18.253,0.9976710677146912,1,0.9973631799221039,1
2026-02-09 22:38:18.360,0.9968510270118713,1,0.9970216035842896,1
2026-02-09 22:38:18.466,0.9960979223251343,1,0.9958883166313172,1
2026-02-09 22:38:18.573,0.9957745671272278,1,0.991693240404129,1
2026-02-09 22:38:18.680,0.9955374002456665,1,0.9780620276927948,1
2026-02-09 22:38:18.786,0.995088517665863,1,0.9389234840869903,1
2026-02-09 22:38:18.893,0.9870927333831787,1,0.873418977856636,1
2026-02-09 22:38:19.000,0.956346869468689,1,0.8001631438732147,1
2026-02-09 22:38:19.106,0.8620026111602783,1,0.7216998025774956,1
2026-02-09 22:38:19.213,0.6067721247673035,1,0.6466453984379769,1
2026-02-09 22:38:19.320,0.34262600541114807,0,0.5792501464486122,1
2026-02-09 22:38:19.426,0.2642926871776581,0,0.5150934860110283,1
2026-02-09 22:38:19.533,0.2114645093679428,0,0.45904493778944017,0
2026-02-09 22:38:19.640,0.2452305257320404,0,0.4207690641283989,0
2026-02-09 22:38:19.746,0.32158488035202026,0,0.39762133806943895,0
2026-02-09 22:38:19.853,0.3535219132900238,0,0.404589007794857,0
2026-02-09 22:38:19.960,0.42660725116729736,0,0.4444259062409401,0
2026-02-09 22:38:20.066,0.5735881328582764,1,0.5039477333426475,1
2026-02-09 22:38:20.173,0.6305253505706787,1,0.5765058994293213,1
2026-02-09 22:38:20.280,0.6764488220214844,1,0.6484455198049546,1
2026-02-09 22:38:20.386,0.7409949898719788,1,0.713609853386879,1
2026-02-09 22:38:20.493,0.8595109581947327,1,0.7754026412963867,1
2026-02-09 22:38:20.600,0.9370461702346802,1,0.8302322685718536,1
2026-02-09 22:38:20.706,0.9646267294883728,1,0.8706210196018219,1
2026-02-09 22:38:20.813,0.9732282161712646,1,0.9052927970886231,1
2026-02-09 22:38:20.920,0.9714497923851013,1,0.9360930442810058,1
2026-02-09 22:38:21.026,0.9749035239219666,1,0.9611540377140045,1
2026-02-09 22:38:21.133,0.977475643157959,1,0.9745854377746582,1
2026-02-09 22:38:21.240,0.9772431254386902,1,0.980382376909256,1
2026-02-09 22:38:21.346,0.9844512939453125,1,0.9833986282348632,1
2026-02-09 22:38:21.453,0.9916049242019653,1,0.9852802395820618,1
2026-02-09 22:38:21.560,0.9938249588012695,1,0.9868520379066468,1
2026-02-09 22:38:21.666,0.995015561580658,1,0.987647271156311,1
2026-02-09 22:38:21.773,0.9947892427444458,1,0.9878078043460846,1
2026-02-09 22:38:21.880,0.9920443296432495,1,0.9878817915916442,1
2026-02-09 22:38:21.986,0.9871677756309509,1,0.9868654310703278,1
2026-02-09 22:38:22.093,0.9828558564186096,1,0.9843598127365112,1
2026-02-09 22:38:22.200,0.9790809750556946,1,0.9793022513389588,1
2026-02-09 22:38:22.306,0.9779829978942871,1,0.9690869629383088,1
2026-02-09 22:38:22.413,0.9742876887321472,1,0.9523026049137115,1
2026-02-09 22:38:22.520,0.9665487408638,1,0.9288745701313019,1
2026-02-09 22:38:22.626,0.9432493448257446,1,0.9025431990623474,1
2026-02-09 22:38:22.733,0.8928626775741577,1,0.8762108266353608,1
2026-02-09 22:38:22.840,0.8269456624984741,1,0.8480149626731872,1
2026-02-09 22:38:22.946,0.7577639818191528,1,0.8167157709598541,1
2026-02-09 22:38:23.053,0.7238540649414062,1,0.7659260898828506,1
2026-02-09 22:38:23.160,0.7195321321487427,1,0.6906368419528007,1
2026-02-09 22:38:23.266,0.69712233543396,1,0.604116789251566,1
2026-02-09 22:38:23.373,0.6649910807609558,1,0.5180150132626296,1
2026-02-09 22:38:23.480,0.4663908779621124,0,0.4370626209303737,0
2026-02-09 22:38:23.586,0.2136562615633011,0,0.36254914505407215,0
2026-02-09 22:38:23.693,0.07804881781339645,0,0.29115199744701387,0
2026-02-09 22:38:23.800,0.03184491768479347,0,0.2199043080676347,0
2026-02-09 22:38:23.906,0.017421739175915718,0,0.15062276721000672,0
2026-02-09 22:38:24.013,0.012629223056137562,0,0.08442443124949932,0
2026-02-09 22:38:24.120,0.009882588870823383,0,0.03804235667921603,0
2026-02-09 22:38:24.226,0.007055238354951143,0,0.016905861673876643,0
2026-02-09 22:38:24.333,0.004306926857680082,0,0.00931034202221781,0
2026-02-09 22:38:24.440,0.0030077211558818817,0,0.006316211691591888,0
2026-02-09 22:38:24.546,0.0025701322592794895,0,0.004746418923605234,0
2026-02-09 22:38:24.653,0.0022913115099072456,0,0.003632550803013146,0
2026-02-09 22:38:24.760,0.0020936212968081236,0,0.0027670981478877367,0
2026-02-09 22:38:24.866,0.0019036143785342574,0,0.00217656756285578,0
2026-02-09 22:38:24.973,0.0017238114960491657,0,0.001862246822565794,0
2026-02-09 22:38:25.080,0.0014905418502166867,0,0.0016842422308400273,0
2026-02-09 22:38:25.186,0.0012280623195692897,0,0.0015631250105798244,0
2026-02-09 22:38:25.293,0.001149932504631579,0,0.0014857379952445625,0
2026-02-09 22:38:25.400,0.001163719454780221,0,0.0014473992632701993,0
2026-02-09 22:38:25.506,0.0012276752386242151,0,0.0014440783648751675,0
2026-02-09 22:38:25.613,0.0013589600566774607,0,0.0014651410863734781,0
2026-02-09 22:38:25.720,0.0015174413565546274,0,0.0015245042275637388,0
2026-02-09 22:38:25.826,0.0017102339770644903,0,0.0016250200918875636,0
2026-02-09 22:38:25.933,0.0018704053945839405,0,0.0017453254899010063,0
2026-02-09 22:38:26.040,0.0019344387110322714,0,0.001878326409496367,0
2026-02-09 22:38:26.146,0.002084173262119293,0,0.002016476565040648,0
2026-02-09 22:38:26.253,0.002233220962807536,0,0.0021404143655672668,0
2026-02-09 22:38:26.360,0.0023529864847660065,0,0.002244481723755598,0
2026-02-09 22:38:26.466,0.0024937286507338285,0,0.0023094430333003403,0
2026-02-09 22:38:26.573,0.002609176794067025,0,0.0023291987366974355,0
2026-02-09 22:38:26.680,0.0025983380619436502,0,0.00232762701343745,0
2026-02-09 22:38:26.786,0.0025581149384379387,0,0.0023091987473890184,0
2026-02-09 22:38:26.893,0.0023598470725119114,0,0.002282964205369353,0
2026-02-09 22:38:27.000,0.0020679624285548925,0,0.002258417708799243,0
2026-02-09 22:38:27.106,0.001918721478432417,0,0.002229471993632615,0
2026-02-09 22:38:27.213,0.0018998906016349792,0,0.0022056681336835027,0
2026-02-09 22:38:27.320,0.0019708755426108837,0,0.002144425199367106,0
2026-02-09 22:38:27.426,0.0021075215190649033,0,0.002057144802529365,0
2026-02-09 22:38:27.533,0.002204271499067545,0,0.001972118206322193,0
2026-02-09 22:38:27.640,0.002371138194575906,0,0.001904213719535619,0
2026-02-09 22:38:27.746,0.001985908718779683,0,0.0018418535473756492,0
2026-02-09 22:38:27.853,0.0016853109700605273,0,0.0017718638526275754,0
2026-02-09 22:38:27.960,0.0015095811104401946,0,0.0016903908690437675,0
2026-02-09 22:38:28.066,0.0013889175606891513,0,0.0015951070934534072,0
2026-02-09 22:38:28.173,0.0012951197568327188,0,0.0015126558137126267,0
2026-02-09 22:38:28.280,0.001199993654154241,0,0.0014517664560116828,0
2026-02-09 22:38:28.386,0.0011561457067728043,0,0.0015124051715247333,0
2026-02-09 22:38:28.493,0.0011546837631613016,0,0.0017695370130240916,0
2026-02-09 22:38:28.600,0.001379758701659739,0,0.002453562768641859,0
2026-02-09 22:38:28.706,0.0017622446175664663,0,0.004173547844402492,0
2026-02-09 22:38:28.813,0.0025922958739101887,0,0.006673437030985952,0
2026-02-09 22:38:28.920,0.0042566293850541115,0,0.009314880438614637,0
2026-02-09 22:38:29.026,0.00834983866661787,0,0.01208136259810999,0
2026-02-09 22:38:29.133,0.01858876831829548,0,0.014747502736281604,0
2026-02-09 22:38:29.240,0.026294011622667313,0,0.016816922300495207,0
2026-02-09 22:38:29.346,0.027614427730441093,0,0.017921218601986765,0
2026-02-09 22:38:29.453,0.02882096730172634,0,0.018577656336128713,0
2026-02-09 22:38:29.560,0.027816085144877434,0,0.01882894248701632,0
2026-02-09 22:38:29.666,0.022073954343795776,0,0.01853155898861587,0
2026-02-09 22:38:29.773,0.012805207632482052,0,0.01711025182157755,0
2026-02-09 22:38:29.880,0.009156673215329647,0,0.014883579779416322,0
2026-02-09 22:38:29.986,0.006769490893930197,0,0.012504155398346484,0
2026-02-09 22:38:30.093,0.005376003682613373,0,0.009955397178418934,0
2026-02-09 22:38:30.200,0.004375696647912264,0,0.007444774475879967,0
2026-02-09 22:38:30.306,0.00402729120105505,0,0.005440582823939622,0
2026-02-09 22:38:30.413,0.0038201839197427034,0,0.004311313410289586,0
2026-02-09 22:38:30.520,0.0033333851024508476,0,0.0035085063776932658,0
2026-02-09 22:38:30.626,0.0027098581194877625,0,0.002928294864250347,0
2026-02-09 22:38:30.733,0.0020320378243923187,0,0.0024790444876998663,0
2026-02-09 22:38:30.840,0.0015125134959816933,0,0.002130317175760865,0
2026-02-09 22:38:30.946,0.001128602889366448,0,0.0018188627786003054,0
2026-02-09 22:38:31.053,0.0009673757595010102,0,0.0015306783432606607,0
2026-02-09 22:38:31.160,0.0008834999171085656,0,0.0012937820050865413,0
2026-02-09 22:38:31.266,0.000888423528522253,0,0.0011218781350180508,0
2026-02-09 22:38:31.373,0.000912747229449451,0,0.0010204601916484536,0
2026-02-09 22:38:31.480,0.0009383395663462579,0,0.0009742010966874659,0
2026-02-09 22:38:31.586,0.0009644217207096517,0,0.0009707769495435059,0
2026-02-09 22:38:31.693,0.0009908194188028574,0,0.000988496741047129,0
2026-02-09 22:38:31.800,0.0010178583906963468,0,0.001019511802587658,0
2026-02-09 22:38:31.906,0.0010499225463718176,0,0.0010458434117026627,0
2026-02-09 22:38:32.013,0.001094361417926848,0,0.0010643278830684722,0
2026-02-09 22:38:32.120,0.0011445736745372415,0,0.0010749260953161865,0
2026-02-09 22:38:32.226,0.0011936505325138569,0,0.0010794780566357077,0
2026-02-09 22:38:32.333,0.0011517396196722984,0,0.0010795135400258004,0
2026-02-09 22:38:32.440,0.0010975919431075454,0,0.0010763588710688055,0
2026-02-09 22:38:32.546,0.001044321688823402,0,0.0010702385101467372,0
2026-02-09 22:38:32.653,0.0010099413339048624,0,0.0010609664022922516,0
2026-02-09 22:38:32.760,0.000991174252703786,0,0.0010475553339347244,0
2026-02-09 22:38:32.866,0.0009863117011263967,0,0.0010291256476193666,0
2026-02-09 22:38:32.973,0.000988718937151134,0,0.0010143563034944237,0
2026-02-09 22:38:33.080,0.0010016403393819928,0,0.0010052223922684788,0
2026-02-09 22:38:33.186,0.001010462990961969,0,0.0010070361895486712,0
2026-02-09 22:38:33.293,0.00100935366936028,0,0.0010312450816854835,0
2026-02-09 22:38:33.400,0.0010040461784228683,0,0.0011153373518027366,0
2026-02-09 22:38:33.506,0.0010062528308480978,0,0.0012741049518808722,0
2026-02-09 22:38:33.613,0.0010624596616253257,0,0.0015265759895555675,0
2026-02-09 22:38:33.720,0.0012520302552729845,0,0.0018846419407054782,0
2026-02-09 22:38:33.826,0.0018320969538763165,0,0.002371868945192546,0
2026-02-09 22:38:33.933,0.002573987701907754,0,0.0030044321552850305,0
2026-02-09 22:38:34.040,0.0035134293138980865,0,0.0037567724706605078,0
2026-02-09 22:38:34.146,0.0045822998508811,0,0.004713245900347829,0
2026-02-09 22:38:34.253,0.0058827330358326435,0,0.0059807539102621375,0
2026-02-09 22:38:34.360,0.0073349857702851295,0,0.007749810337554663,0
2026-02-09 22:38:34.466,0.008527449332177639,0,0.010098095214925707,0
2026-02-09 22:38:34.573,0.01057098712772131,0,0.013573729759082198,0
2026-02-09 22:38:34.680,0.013737539760768414,0,0.02084633051417768,0
2026-02-09 22:38:34.786,0.018942594528198242,0,0.03338946201838553,0
2026-02-09 22:38:34.893,0.025314945727586746,0,0.05057781506329775,0
2026-02-09 22:38:35.000,0.03733033314347267,0,0.07021586680784822,0
2026-02-09 22:38:35.106,0.0762394368648529,0,0.09153536278754473,0
2026-02-09 22:38:35.213,0.1300136148929596,0,0.10880082277581096,0
2026-02-09 22:38:35.320,0.17776626348495483,0,0.11907075121998786,0
2026-02-09 22:38:35.426,0.2037155032157898,0,0.12220685705542564,0
2026-02-09 22:38:35.533,0.22172240912914276,0,0.12145607490092517,0
2026-02-09 22:38:35.640,0.1832255870103836,0,0.11857035607099534,0
2026-02-09 22:38:35.746,0.11643682420253754,0,0.11152165210805834,0
2026-02-09 22:38:35.853,0.05030365288257599,0,0.09896138212643564,0
2026-02-09 22:38:35.960,0.0178071241825819,0,0.08151994463987648,0
2026-02-09 22:38:36.066,0.008473144844174385,0,0.061407489655539396,0
2026-02-09 22:38:36.173,0.005752397235482931,0,0.03943591725546867,0
2026-02-09 22:38:36.280,0.0044109150767326355,0,0.02127325041219592,0
2026-02-09 22:38:36.386,0.003351888619363308,0,0.009762676164973528,0
2026-02-09 22:38:36.493,0.0025909533724188805,0,0.00485066925175488,0
2026-02-09 22:38:36.600,0.0020066851284354925,0,0.003179255512077361,0
2026-02-09 22:38:36.706,0.0015989185776561499,0,0.0024324840400367976,0
2026-02-09 22:38:36.813,0.0013310817303135991,0,0.0019472307525575162,0
2026-02-09 22:38:36.920,0.0011835837503895164,0,0.001587329781614244,0
2026-02-09 22:38:37.026,0.0010929867858067155,0,0.001328202150762081,0
2026-02-09 22:38:37.133,0.0010054301237687469,0,0.0011413460422772914,0
2026-02-09 22:38:37.240,0.0008998643606901169,0,0.001012792525580153,0
2026-02-09 22:38:37.346,0.0008119053672999144,0,0.0009252193034626543,0
2026-02-09 22:38:37.453,0.0007606123108416796,0,0.0008647767128422857,0
2026-02-09 22:38:37.560,0.0007223922875709832,0,0.0008196227950975299,0
2026-02-09 22:38:37.666,0.000721149961464107,0,0.0007844273408409208,0
2026-02-09 22:38:37.773,0.0007231863564811647,0,0.0007594606373459101,0
2026-02-09 22:38:37.880,0.0007266558241099119,0,0.0007467607618309557,0
2026-02-09 22:38:37.986,0.0007320445729419589,0,0.0007445430208463221,0
2026-02-09 22:38:38.093,0.0007410322432406247,0,0.0007496026635635644,0
2026-02-09 22:38:38.200,0.0007557630888186395,0,0.0007594884838908911,0
2026-02-09 22:38:38.306,0.0007728656055405736,0,0.0007692044309806079,0
2026-02-09 22:38:38.413,0.0007897279574535787,0,0.0007787281181663274,0
2026-02-09 22:38:38.520,0.000811208738014102,0,0.0007881721656303852,0
2026-02-09 22:38:38.626,0.0008212504908442497,0,0.0007972167339175939,0
2026-02-09 22:38:38.733,0.000818309432361275,0,0.0008052722434513271,0
2026-02-09 22:38:38.840,0.0008184232283383608,0,0.0008115821750834584,0
2026-02-09 22:38:38.946,0.00082109629875049,0,0.0008162748417817056,0
2026-02-09 22:38:39.053,0.0008224902558140457,0,0.0008197517192456872,0
2026-02-09 22:38:39.160,0.000821587338577956,0,0.0008219983545131981,0
2026-02-09 22:38:39.266,0.0008188624051399529,0,0.0008254732412751764,0
2026-02-09 22:38:39.373,0.0008197922725230455,0,0.0008326706534717232,0
2026-02-09 22:38:39.480,0.0008244967320933938,0,0.0008442412130534649,0
2026-02-09 22:38:39.586,0.0008336750906892121,0,0.0008596368483267724,0
2026-02-09 22:38:39.693,0.0008559993584640324,0,0.0008785504789557308,0
2026-02-09 22:38:39.800,0.0008902835543267429,0,0.0008989803493022919,0
2026-02-09 22:38:39.906,0.0009341288241557777,0,0.0009193955862428993,0
2026-02-09 22:38:40.013,0.0009750526514835656,0,0.0009397053567226976,0
2026-02-09 22:38:40.120,0.0010116265621036291,0,0.0009606840380001813,0
2026-02-09 22:38:40.226,0.0010258860420435667,0,0.000982915225904435,0
2026-02-09 22:38:40.333,0.0010230147745460272,0,0.0010060347092803567,0
2026-02-09 22:38:40.440,0.0010228899773210287,0,0.0010290543315932155,0
2026-02-09 22:38:40.546,0.0010342835448682308,0,0.0010528698621783406,0
2026-02-09 22:38:40.653,0.001055986969731748,0,0.0010829699458554387,0
2026-02-09 22:38:40.760,0.0010871941922232509,0,0.001126056641805917,0
2026-02-09 22:38:40.866,0.00112047977745533,0,0.001195316482335329,0
2026-02-09 22:38:40.973,0.0011722841300070286,0,0.0013113446068018675,0
2026-02-09 22:38:41.080,0.0012760534882545471,0,0.0014971595956012607,0
2026-02-09 22:38:41.186,0.0014424935216084123,0,0.0017657921882346273,0
2026-02-09 22:38:41.293,0.001718484447337687,0,0.0021380539867095648,0
2026-02-09 22:38:41.400,0.0021832960192114115,0,0.0026070811320096253,0
2026-02-09 22:38:41.506,0.0028810398653149605,0,0.0032176134176552297,0
2026-02-09 22:38:41.613,0.0037206094712018967,0,0.004240534873679281,0
2026-02-09 22:38:41.720,0.004778604954481125,0,0.006453067483380437,0
2026-02-09 22:38:41.826,0.005777465645223856,0,0.012748300551902503,0
2026-02-09 22:38:41.933,0.007225802633911371,0,0.029369671852327882,0
2026-02-09 22:38:42.040,0.011401498690247536,0,0.058757896162569524,0
2026-02-09 22:38:42.146,0.023401379585266113,0,0.09632719950750471,0
2026-02-09 22:38:42.253,0.06439482420682907,0,0.1406268051825464,0
2026-02-09 22:38:42.360,0.1679321974515915,0,0.18411900503560902,0
2026-02-09 22:38:42.466,0.2960655391216278,0,0.22672446598298848,0
2026-02-09 22:38:42.573,0.37857407331466675,0,0.2679132493212819,0
2026-02-09 22:38:42.680,0.44671666622161865,0,0.30103696063160895,0
2026-02-09 22:38:42.786,0.4397006034851074,0,0.32284153923392295,0
2026-02-09 22:38:42.893,0.43183207511901855,0,0.32971362620592115,0
2026-02-09 22:38:43.000,0.4191136360168457,0,0.3178294848650694,0
2026-02-09 22:38:43.106,0.34263861179351807,0,0.28959178356453774,0
2026-02-09 22:38:43.213,0.24144716560840607,0,0.25205557197332384,0
2026-02-09 22:38:43.320,0.13311569392681122,0,0.2075547177926637,0
2026-02-09 22:38:43.426,0.049090784043073654,0,0.16370823325123637,0
2026-02-09 22:38:43.533,0.01368852611631155,0,0.12063702176092192,0
2026-02-09 22:38:43.640,0.0032119574025273323,0,0.07882936031091958,0
2026-02-09 22:38:43.746,0.0017081244150176644,0,0.044660678214859216,0
2026-02-09 22:38:43.853,0.001235758070833981,0,0.020603804435813798,0
2026-02-09 22:38:43.960,0.0011199602158740163,0,0.007374387525487691,0
2026-02-09 22:38:44.066,0.0010370215168222785,0,0.002546506706858054,0
2026-02-09 22:38:44.173,0.000951790832914412,0,0.0012595192703884095,0
2026-02-09 22:38:44.280,0.0008784278179518878,0,0.0010218510986305773,0
2026-02-09 22:38:44.386,0.0008215248235501349,0,0.000936637242557481,0
2026-02-09 22:38:44.493,0.0008119758567772806,0,0.0009008351014927029,0
2026-02-09 22:38:44.600,0.0008186517516151071,0,0.0008762559446040541,0
2026-02-09 22:38:44.706,0.0008352756849490106,0,0.0008590783283580095,0
2026-02-09 22:38:44.813,0.0008559858542867005,0,0.0008500818046741187,0
2026-02-09 22:38:44.920,0.0008777366601862013,0,0.0008486990176606923,0
2026-02-09 22:38:45.026,0.0008741686469875276,0,0.0008546642784494907,0
2026-02-09 22:38:45.133,0.0008652453543618321,0,0.0008640185871627182,0
2026-02-09 22:38:45.240,0.000861825596075505,0,0.0008741998113691807,0
2026-02-09 22:38:45.346,0.0008645999478176236,0,0.0008843233692459763,0
2026-02-09 22:38:45.453,0.0008811774314381182,0,0.0008932835829909891,0
2026-02-09 22:38:45.560,0.0009055189439095557,0,0.0009008363005705178,0
2026-02-09 22:38:45.666,0.0009204639936797321,0,0.0009091848623938859,0
2026-02-09 22:38:45.773,0.0009365112637169659,0,0.0009200044965837151,0
2026-02-09 22:38:45.880,0.0009455879917368293,0,0.0009333093767054379,0
2026-02-09 22:38:45.986,0.0009532638359814882,0,0.0009497503866441548,0
2026-02-09 22:38:46.093,0.0009576542652212083,0,0.0009698783338535577,0
2026-02-09 22:38:46.200,0.0009734416962601244,0,0.0009888843866065144,0
2026-02-09 22:38:46.306,0.0009948743972927332,0,0.0010055124119389802,0
2026-02-09 22:38:46.413,0.0010290100472047925,0,0.0010160490521229804,0
2026-02-09 22:38:46.520,0.0010824569035321474,0,0.0010185565042775124,0
2026-02-09 22:38:46.626,0.0010955794714391232,0,0.001013899390818551,0
2026-02-09 22:38:46.733,0.0010867442470043898,0,0.0010050724435131998,0
2026-02-09 22:38:46.840,0.0010418776655569673,0,0.0009915931150317192,0
2026-02-09 22:38:46.946,0.00097066251328215,0,0.0009737335843965411,0
2026-02-09 22:38:47.053,0.0009066927013918757,0,0.0009504238085355609,0
2026-02-09 22:38:47.160,0.0008693847921676934,0,0.000920858298195526,0
2026-02-09 22:38:47.266,0.0008386484114453197,0,0.0008900895074475557,0
2026-02-09 22:38:47.373,0.0008162790909409523,0,0.0008606688876170665,0
2026-02-09 22:38:47.480,0.000795912288594991,0,0.0008362571767065674,0
2026-02-09 22:38:47.586,0.0007868018001317978,0,0.0008194166061002761,0
2026-02-09 22:38:47.693,0.0007878915639594197,0,0.0008090647985227406,0
2026-02-09 22:38:47.800,0.0007925380486994982,0,0.0008012117003090679,0
2026-02-09 22:38:47.906,0.0007977605564519763,0,0.0007949323102366179,0
2026-02-09 22:38:48.013,0.0008022568072192371,0,0.0007892547408118844,0
2026-02-09 22:38:48.120,0.0008031746256165206,0,0.000784036354161799,0
2026-02-09 22:38:48.226,0.000790853810030967,0,0.0007780258834827692,0
2026-02-09 22:38:48.333,0.0007758545107208192,0,0.0007713388069532812,0
2026-02-09 22:38:48.440,0.0007595033966936171,0,0.0007639601361006498,0
2026-02-09 22:38:48.546,0.0007437284220941365,0,0.0007559973280876874,0
2026-02-09 22:38:48.653,0.0007266970933414996,0,0.0007476568513084203,0
2026-02-09 22:38:48.760,0.00072102079866454,0,0.0007394207874312997,0
2026-02-09 22:38:48.866,0.0007187513401731849,0,0.0007334415626246482,0
2026-02-09 22:38:48.973,0.0007181324763223529,0,0.0007299573568161577,0
2026-02-09 22:38:49.080,0.0007188520394265652,0,0.0007289765868335963,0
2026-02-09 22:38:49.186,0.0007208139868453145,0,0.0007305325940251351,0
2026-02-09 22:38:49.293,0.0007310615619644523,0,0.0007347485749050975,0
2026-02-09 22:38:49.400,0.0007410124526359141,0,0.0007392164261545986,0
2026-02-09 22:38:49.506,0.0007496956968680024,0,0.0007435603998601437,0
2026-02-09 22:38:49.613,0.0007592884940095246,0,0.0007477402803488075,0
2026-02-09 22:38:49.720,0.000768856902141124,0,0.00075183798908256,0
2026-02-09 22:38:49.826,0.0007656993111595511,0,0.0007558674144092948,0
2026-02-09 22:38:49.933,0.0007621910772286355,0,0.0007595123723149299,0
2026-02-09 22:38:50.040,0.000759931281208992,0,0.0007630685868207365,0
2026-02-09 22:38:50.146,0.0007598291267640889,0,0.0007667754834983498,0
2026-02-09 22:38:50.253,0.0007611082401126623,0,0.0007704853604082018,0
2026-02-09 22:38:50.360,0.0007675111410208046,0,0.0007747014402411878,0
2026-02-09 22:38:50.466,0.0007765745976939797,0,0.0007815289660356939,0
2026-02-09 22:38:50.573,0.000786764663644135,0,0.0007916582108009607,0
2026-02-09 22:38:50.680,0.0007963872631080449,0,0.0008053668891079724,0
2026-02-09 22:38:50.786,0.000811017700470984,0,0.0008219192852266133,0
2026-02-09 22:38:50.893,0.0008339745691046119,0,0.0008409367757849396,0
2026-02-09 22:38:51.000,0.0008634835248813033,0,0.0008584318682551384,0
2026-02-09 22:38:51.106,0.0008970180642791092,0,0.0008744412800297142,0
2026-02-09 22:38:51.213,0.0009253530879504979,0,0.0008892300829757005,0
2026-02-09 22:38:51.320,0.0009512831456959248,0,0.0009046505379956216,0
2026-02-09 22:38:51.426,0.0009424620657227933,0,0.0009226274385582655,0
2026-02-09 22:38:51.533,0.0009366687154397368,0,0.0009468500560615212,0
2026-02-09 22:38:51.640,0.0009346526931039989,0,0.0009752631245646626,0
2026-02-09 22:38:51.746,0.0009505918133072555,0,0.001008760288823396,0
2026-02-09 22:38:51.853,0.000990786706097424,0,0.0010483359626960009,0
2026-02-09 22:38:51.960,0.001076200744137168,0,0.0011003479070495815,0
2026-02-09 22:38:52.066,0.0011476142099127173,0,0.001168274285737425,0
2026-02-09 22:38:52.173,0.0012319897068664432,0,0.0012505931430496276,0
2026-02-09 22:38:52.280,0.0013211098266765475,0,0.0013501865731086582,0
2026-02-09 22:38:52.386,0.0014714025892317295,0,0.0014620967907831074,0
2026-02-09 22:38:52.493,0.0016217258526012301,0,0.001566543208900839,0
2026-02-09 22:38:52.600,0.0017598572885617614,0,0.0016560309682972728,0
2026-02-09 22:38:52.706,0.0019305869936943054,0,0.0017285556066781282,0
2026-02-09 22:38:52.813,0.0020696939900517464,0,0.0017890250543132423,0
2026-02-09 22:38:52.920,0.002035250887274742,0,0.0018525759340263903,0
2026-02-09 22:38:53.026,0.0019710783381015062,0,0.0019206956611014902,0
2026-02-09 22:38:53.133,0.0018728605937212706,0,0.001992973033338785,0
2026-02-09 22:38:53.240,0.001836684183217585,0,0.002073970704805106,0
2026-02-09 22:38:53.346,0.0019566186238080263,0,0.002195062825921923,0
2026-02-09 22:38:53.453,0.002152599859982729,0,0.0023610735195688905,0
2026-02-09 22:38:53.560,0.0023444995749741793,0,0.002606752223800868,0
2026-02-09 22:38:53.666,0.002569834003224969,0,0.002826754201669246,0
2026-02-09 22:38:53.773,0.0031415082048624754,0,0.0030446407268755137,0
2026-02-09 22:38:53.880,0.0037298009265214205,0,0.0032511997036635877,0
2026-02-09 22:38:53.986,0.004492037929594517,0,0.003412737068720162,0
2026-02-09 22:38:54.093,0.004171098116785288,0,0.003492515650577843,0
2026-02-09 22:38:54.200,0.004051725845783949,0,0.0034537317929789423,0
2026-02-09 22:38:54.306,0.003902273951098323,0,0.003353161655832082,0
2026-02-09 22:38:54.413,0.0035719922743737698,0,0.0031805294333025814,0
2026-02-09 22:38:54.520,0.0029503856785595417,0,0.0029442659812048077,0
2026-02-09 22:38:54.626,0.0019566609989851713,0,0.0026230078656226397,0
2026-02-09 22:38:54.733,0.0015641326317563653,0,0.002326186595018953,0
2026-02-09 22:38:54.840,0.0014151859795674682,0,0.002032595663331449,0
2026-02-09 22:38:54.946,0.001367166405543685,0,0.0017429474974051118,0
2026-02-09 22:38:55.053,0.0012794567737728357,0,0.0014784442784730345,0
2026-02-09 22:38:55.160,0.0012028854107484221,0,0.0012705204891972244,0
2026-02-09 22:38:55.266,0.0011158165289089084,0,0.0011581457394640893,0
2026-02-09 22:38:55.373,0.0010057922918349504,0,0.0010823184158653021,0
2026-02-09 22:38:55.480,0.0009269600850529969,0,0.0010197024268563837,0
2026-02-09 22:38:55.586,0.0008711477858014405,0,0.0009617477713618428,0
2026-02-09 22:38:55.693,0.0008329135016538203,0,0.0009111828694585711,0
2026-02-09 22:38:55.800,0.0008058593957684934,0,0.0008668617578223347,0
2026-02-09 22:38:55.906,0.0007890260894782841,0,0.000829871412133798,0
2026-02-09 22:38:56.013,0.0007876198505982757,0,0.0008024780778214336,0
2026-02-09 22:38:56.120,0.000773807754740119,0,0.0007818620302714408,0
2026-02-09 22:38:56.226,0.000759674294386059,0,0.0007669453858397901,0
2026-02-09 22:38:56.333,0.0007459130720235407,0,0.0007559936319012194,0
2026-02-09 22:38:56.440,0.0007318589487113059,0,0.0007480360916815698,0
2026-02-09 22:38:56.546,0.0007207996095530689,0,0.000742239219835028,0
2026-02-09 22:38:56.653,0.0007219813414849341,0,0.0007374606444500387,0
2026-02-09 22:38:56.760,0.0007233959622681141,0,0.0007356407353654504,0
2026-02-09 22:38:56.866,0.0007262839935719967,0,0.0007367804006207735,0
2026-02-09 22:38:56.973,0.0007310573710128665,0,0.000740835239412263,0
2026-02-09 22:38:57.080,0.0007398340967483819,0,0.0007484565954655409,0
2026-02-09 22:38:57.186,0.0007556086638942361,0,0.0007592903915792703,0
2026-02-09 22:38:57.293,0.0007710709469392896,0,0.0007700080343056471,0
2026-02-09 22:38:57.400,0.0007864614599384367,0,0.000780582195147872,0
2026-02-09 22:38:57.506,0.0008080725092440844,0,0.0007907237682957202,0
2026-02-09 22:38:57.613,0.0008291375706903636,0,0.0008001539739780128,0
2026-02-09 22:38:57.720,0.0008291577687487006,0,0.0008090124174486846,0
2026-02-09 22:38:57.826,0.0008291375706903636,0,0.0008167914173100143,0
2026-02-09 22:38:57.933,0.0008276997250504792,0,0.0008240322524216027,0
2026-02-09 22:38:58.040,0.0008253594278357923,0,0.0008315267215948552,0
2026-02-09 22:38:58.146,0.0008284185314550996,0,0.0008409191737882793,0
2026-02-09 22:38:58.253,0.000833398662507534,0,0.0008558222849387676,0
2026-02-09 22:38:58.360,0.000843479298055172,0,0.000887982704443857,0
2026-02-09 22:38:58.466,0.0008614061516709626,0,0.0009410455473698676,0
2026-02-09 22:38:58.573,0.0009019970311783254,0,0.0010101642634253948,0
2026-02-09 22:38:58.680,0.0009781686821952462,0,0.0010847163735888898,0
2026-02-09 22:38:58.786,0.0011507619637995958,0,0.0011621213401667775,0
2026-02-09 22:38:58.893,0.0013597659999504685,0,0.0012417466496117413,0
2026-02-09 22:38:59.000,0.0015188868856057525,0,0.0013345705578103662,0
2026-02-09 22:38:59.106,0.0015708805294707417,0,0.001466547924792394,0
2026-02-09 22:38:59.213,0.001602468197233975,0,0.001643202011473477,0
2026-02-09 22:38:59.320,0.0016296517569571733,0,0.0018632203456945718,0
2026-02-09 22:38:59.426,0.0017717183800414205,0,0.00211094991536811,0
2026-02-09 22:38:59.533,0.0021811798214912415,0,0.002364920172840357,0
2026-02-09 22:38:59.640,0.002668537897989154,0,0.0026208075345493854,0
2026-02-09 22:38:59.746,0.0031783520244061947,0,0.0028643326833844183,0
2026-02-09 22:38:59.853,0.003628057660534978,0,0.003068313712719828,0
2026-02-09 22:38:59.960,0.0038994685746729374,0,0.0032796695013530552,0
2026-02-09 22:39:00.066,0.004077760502696037,0,0.0034517058869823814,0
2026-02-09 22:39:00.173,0.0040061320178210735,0,0.003565902984701097,0
2026-02-09 22:39:00.280,0.003642278490588069,0,0.003600136237218976,0
2026-02-09 22:39:00.386,0.003743209643289447,0,0.0035235289949923755,0
2026-02-09 22:39:00.493,0.0034920822363346815,0,0.003329260798636824,0
2026-02-09 22:39:00.600,0.003323150798678398,0,0.0030613877577707173,0
2026-02-09 22:39:00.706,0.003010870423167944,0,0.0027519683120772243,0
2026-02-09 22:39:00.813,0.0024122796021401882,0,0.002438965259352699,0
2026-02-09 22:39:00.920,0.001685375696979463,0,0.002155438391491771,0
2026-02-09 22:39:01.026,0.00122073816601187,0,0.0018604858429171144,0
2026-02-09 22:39:01.133,0.0009835660457611084,0,0.0015896343800704926,0
2026-02-09 22:39:01.240,0.0008761014905758202,0,0.0013348377193324267,0
2026-02-09 22:39:01.346,0.0008070098119787872,0,0.0011107308324426412,0
2026-02-09 22:39:01.453,0.0007936841575428843,0,0.0009466148156207054,0
2026-02-09 22:39:01.560,0.0007835676078684628,0,0.0008570003090426325,0
2026-02-09 22:39:01.666,0.0007751841912977397,0,0.0008157946693245321,0
2026-02-09 22:39:01.773,0.0007698015542700887,0,0.00080039058229886,0
2026-02-09 22:39:01.880,0.0007711194339208305,0,0.00079779940424487,0
2026-02-09 22:39:01.986,0.000789230631198734,0,0.0008045134949497878,0
2026-02-09 22:39:02.093,0.0008086817688308656,0,0.0008128239598590881,0
2026-02-09 22:39:02.200,0.0008295251755043864,0,0.0008225838537327945,0
2026-02-09 22:39:02.306,0.0008501897100359201,0,0.0008338317158631981,0
2026-02-09 22:39:02.413,0.0008741507190279663,0,0.0008464756945613771,0
2026-02-09 22:39:02.520,0.0008767888066358864,0,0.0008607353141997009,0
2026-02-09 22:39:02.626,0.0008811665466055274,0,0.0008765391248743981,0
2026-02-09 22:39:02.733,0.0008876628126017749,0,0.0008940600673668087,0
2026-02-09 22:39:02.840,0.0008962413412518799,0,0.0009171193698421121,0
2026-02-09 22:39:02.946,0.0009137156303040683,0,0.0009503259789198637,0
2026-02-09 22:39:03.053,0.0009472687379457057,0,0.0009930290805641561,0
2026-02-09 22:39:03.160,0.000983891193754971,0,0.0010430696653202175,0
2026-02-09 22:39:03.266,0.0010601182002574205,0,0.0010983039857819677,0
2026-02-09 22:39:03.373,0.0011822558008134365,0,0.0011539562081452459,0
2026-02-09 22:39:03.480,0.001301181735470891,0,0.0012103817192837597,0
2026-02-09 22:39:03.586,0.0013771946541965008,0,0.001264552742941305,0
2026-02-09 22:39:03.693,0.0014335097512230277,0,0.0013101143762469293,0
2026-02-09 22:39:03.800,0.0014441850362345576,0,0.001345385005697608,0
2026-02-09 22:39:03.906,0.0014604964526370168,0,0.001366519695147872,0
2026-02-09 22:39:04.013,0.0014554258668795228,0,0.0013692156411707402,0
2026-02-09 22:39:04.120,0.001402885071001947,0,0.0013541048974730074,0
2026-02-09 22:39:04.226,0.0013365974882617593,0,0.0013263011467643082,0
2026-02-09 22:39:04.333,0.0012714650947600603,0,0.001287374785169959,0
2026-02-09 22:39:04.440,0.001209215261042118,0,0.0012429739930666984,0
2026-02-09 22:39:04.546,0.0011500742984935641,0,0.0011942651006393134,0
2026-02-09 22:39:04.653,0.0010991571471095085,0,0.0011458255641628057,0
2026-02-09 22:39:04.760,0.0010442461352795362,0,0.0011029239103663713,0
2026-02-09 22:39:04.866,0.00100017711520195,0,0.0010667094786185772,0
2026-02-09 22:39:04.973,0.0009734075283631682,0,0.0010346325696446001,0
2026-02-09 22:39:05.080,0.000971030502114445,0,0.001006097299978137,0
2026-02-09 22:39:05.186,0.0009738685330376029,0,0.000980747741414234,0
2026-02-09 22:39:05.293,0.0009744531707838178,0,0.0009578691388014704,0
2026-02-09 22:39:05.400,0.0009506960050202906,0,0.0009381090407259762,0
2026-02-09 22:39:05.506,0.0009238625643774867,0,0.0009201655979268253,0
2026-02-09 22:39:05.613,0.0008965787128545344,0,0.0009028883068822324,0
2026-02-09 22:39:05.720,0.0008703711209818721,0,0.0008845069096423686,0
2026-02-09 22:39:05.826,0.0008466451545245945,0,0.0008646019559819251,0
2026-02-09 22:39:05.933,0.0008207426872104406,0,0.0008435933035798371,0
2026-02-09 22:39:06.040,0.0008006346179172397,0,0.0008242273121140897,0
2026-02-09 22:39:06.146,0.0007872165297158062,0,0.0008072917989920825,0
2026-02-09 22:39:06.253,0.0007748189964331686,0,0.0007934932771604508,0
2026-02-09 22:39:06.360,0.0007643666467629373,0,0.0007828647154383362,0
2026-02-09 22:39:06.466,0.000757036090362817,0,0.0007751573226414621,0
2026-02-09 22:39:06.573,0.0007545074331574142,0,0.0007704129675403237,0
2026-02-09 22:39:06.680,0.0007585934945382178,0,0.0007677538378629833,0
2026-02-09 22:39:06.786,0.0007640855037607253,0,0.000765437976224348,0
2026-02-09 22:39:06.893,0.0007695712265558541,0,0.0007634345442056656,0
2026-02-09 22:39:07.000,0.0007732991361990571,0,0.0007616551185492427,0
2026-02-09 22:39:07.106,0.0007740433211438358,0,0.0007598191383294761,0
2026-02-09 22:39:07.213,0.0007640579133294523,0,0.0007574776827823371,0
2026-02-09 22:39:07.320,0.000754784676246345,0,0.0007546005130279809,0
2026-02-09 22:39:07.426,0.0007465723901987076,0,0.0007511282514315098,0
2026-02-09 22:39:07.533,0.0007386762881651521,0,0.0007471532677300275,0
2026-02-09 22:39:07.640,0.0007310928776860237,0,0.0007432056067045778,0
2026-02-09 22:39:07.746,0.0007298217969946563,0,0.0007397916633635759,0
2026-02-09 22:39:07.853,0.0007293628877960145,0,0.0007387113873846829,0
2026-02-09 22:39:07.960,0.0007298213895410299,0,0.0007401275215670466,0
2026-02-09 22:39:08.066,0.0007338225259445608,0,0.0007441106194164604,0
2026-02-09 22:39:08.173,0.0007399038877338171,0,0.0007506510824896395,0
2026-02-09 22:39:08.280,0.0007532551535405219,0,0.0007595689152367413,0
2026-02-09 22:39:08.386,0.0007689460180699825,0,0.0007682731549721212,0
2026-02-09 22:39:08.493,0.0007864033686928451,0,0.0007762712659314275,0
2026-02-09 22:39:08.600,0.0008040809188969433,0,0.0007832282222807408,0
2026-02-09 22:39:08.706,0.0008202712051570415,0,0.0007886890147347003,0
2026-02-09 22:39:08.813,0.0008168641943484545,0,0.0007924969249870628,0
2026-02-09 22:39:08.920,0.0008093439973890781,0,0.0007942538999486714,0
2026-02-09 22:39:09.026,0.0007993909530341625,0,0.0007938277965877205,0
2026-02-09 22:39:09.133,0.0007884304504841566,0,0.000791140622459352,0
2026-02-09 22:39:09.240,0.000777982990257442,0,0.0007863837468903512,0
2026-02-09 22:39:09.346,0.0007708249031566083,0,0.0007798807811923325,0
2026-02-09 22:39:09.453,0.0007646849844604731,0,0.0007740427274256945,0
2026-02-09 22:39:09.560,0.0007595316274091601,0,0.000769234960898757,0
2026-02-09 22:39:09.666,0.0007565121632069349,0,0.0007657142588868738,0
2026-02-09 22:39:09.773,0.0007552415481768548,0,0.0007632584718521684,0
2026-02-09 22:39:09.880,0.0007584836566820741,0,0.0007617434486746788,0
2026-02-09 22:39:09.986,0.0007612663321197033,0,0.0007604565704241395,0
2026-02-09 22:39:10.093,0.0007641839329153299,0,0.0007594493159558624,0
2026-02-09 22:39:10.200,0.0007638725801371038,0,0.0007587662432342768,0
2026-02-09 22:39:10.306,0.0007628327584825456,0,0.0007583096215967089,0
2026-02-09 22:39:10.413,0.0007579561206512153,0,0.0007581305864732713,0
2026-02-09 22:39:10.520,0.0007546124397777021,0,0.0007587183790747076,0
2026-02-09 22:39:10.626,0.0007527009001933038,0,0.000760354322846979,0
2026-02-09 22:39:10.733,0.0007519459468312562,0,0.0007636777707375586,0
2026-02-09 22:39:10.840,0.0007534511969424784,0,0.0007695502717979252,0
2026-02-09 22:39:10.946,0.0007643615826964378,0,0.0007788111630361527,0
2026-02-09 22:39:11.053,0.000777625769842416,0,0.0007927657279651612,0
2026-02-09 22:39:11.160,0.0007974184118211269,0,0.0008118944242596626,0
2026-02-09 22:39:11.266,0.0008225975907407701,0,0.0008365887391846627,0
2026-02-09 22:39:11.373,0.0008554416708648205,0,0.0008683223626576364,0
2026-02-09 22:39:11.480,0.0008975017699413002,0,0.0009081174095626921,0
2026-02-09 22:39:11.586,0.0009458994027227163,0,0.0009515496960375458,0
2026-02-09 22:39:11.693,0.0009996440494433045,0,0.0009982502786442637,0
2026-02-09 22:39:11.800,0.0010692821815609932,0,0.0010485851671546698,0
2026-02-09 22:39:11.906,0.0011514016659930348,0,0.0011162729177158325,0
2026-02-09 22:39:12.013,0.0011986844474449754,0,0.001227247080532834,0
2026-02-09 22:39:12.120,0.0012446315959095955,0,0.0014364579692482948,0
2026-02-09 22:39:12.226,0.0013007672969251871,0,0.0017292466247454286,0
2026-02-09 22:39:12.333,0.0014994750963523984,0,0.002154152619186789,0
2026-02-09 22:39:12.440,0.001965183299034834,0,0.0026487860013730824,0
2026-02-09 22:39:12.546,0.002989610657095909,0,0.0031117368023842575,0
2026-02-09 22:39:12.653,0.0038737859576940536,0,0.0036590575124137103,0
2026-02-09 22:39:12.760,0.005248703993856907,0,0.004297931294422597,0
2026-02-09 22:39:12.866,0.006015616003423929,0,0.005072315281722695,0
2026-02-09 22:39:12.973,0.005780909676104784,0,0.006016667699441314,0
2026-02-09 22:39:13.080,0.006671891547739506,0,0.007412103563547134,0
2026-02-09 22:39:13.186,0.007633369415998459,0,0.009150217100977898,0
2026-02-09 22:39:13.293,0.009044607169926167,0,0.01063813790678978,0
2026-02-09 22:39:13.400,0.01094299927353859,0,0.01148621030151844,0
2026-02-09 22:39:13.506,0.01591954194009304,0,0.011605144664645194,0
2026-02-09 22:39:13.613,0.02037074603140354,0,0.011417725123465061,0
2026-02-09 22:39:13.720,0.018752994015812874,0,0.011004194035194814,0
2026-02-09 22:39:13.826,0.013729427941143513,0,0.010444294475018979,0
2026-02-09 22:39:13.933,0.007204959634691477,0,0.009711235493887216,0
2026-02-09 22:39:14.040,0.003906714264303446,0,0.008764122077263892,0
2026-02-09 22:39:14.146,0.002536580665037036,0,0.007295231136959046,0
2026-02-09 22:39:14.253,0.002034373814240098,0,0.005365501181222499,0
2026-02-09 22:39:14.360,0.0017140173586085439,0,0.003589430812280625,0
2026-02-09 22:39:14.466,0.001471865107305348,0,0.0023107069660909473,0
2026-02-09 22:39:14.573,0.0012306325370445848,0,0.0016820210905279965,0
2026-02-09 22:39:14.680,0.0010734464740380645,0,0.001381974114337936,0
2026-02-09 22:39:14.786,0.0009922903263941407,0,0.001216564030619338,0
2026-02-09 22:39:14.893,0.0009421894792467356,0,0.0011001136968843638,0
2026-02-09 22:39:15.000,0.0009181008790619671,0,0.001014267123537138,0
2026-02-09 22:39:15.106,0.000906244502402842,0,0.0009493810532148928,0
2026-02-09 22:39:15.213,0.000882479827851057,0,0.0009063229954335839,0
2026-02-09 22:39:15.320,0.0008698704768903553,0,0.0008773395500611513,0
2026-02-09 22:39:15.426,0.000855551625136286,0,0.0008559341076761484,0
2026-02-09 22:39:15.533,0.0008230044040828943,0,0.0008397892175707966,0
2026-02-09 22:39:15.640,0.0008000519592314959,0,0.0008275897707790136,0
2026-02-09 22:39:15.746,0.0007836120203137398,0,0.0008217203605454416,0
2026-02-09 22:39:15.853,0.000778235902544111,0,0.0008246787241660058,0
2026-02-09 22:39:15.960,0.0007807405781932175,0,0.0008386054949369281,0
2026-02-09 22:39:16.066,0.0007961064111441374,0,0.0008672724245116115,0
2026-02-09 22:39:16.173,0.0008475504000671208,0,0.0009149533463642002,0
2026-02-09 22:39:16.280,0.0009120634640567005,0,0.0009859702200628816,0
2026-02-09 22:39:16.386,0.0010091381845995784,0,0.0010813242639414965,0
2026-02-09 22:39:16.493,0.001142220920883119,0,0.0012117042148020118,0
2026-02-09 22:39:16.600,0.0012998136226087809,0,0.0014181554899550975,0
2026-02-09 22:39:16.706,0.0015102206962183118,0,0.0018166818073950708,0
2026-02-09 22:39:16.813,0.0017371524590998888,0,0.0025312198384199293,0
2026-02-09 22:39:16.920,0.0020820354111492634,0,0.004454297327902168,0
2026-02-09 22:39:17.026,0.0028452533297240734,0,0.009898415533825755,0
2026-02-09 22:39:17.133,0.004781369585543871,0,0.018805120245087893,0
2026-02-09 22:39:17.240,0.007992930710315704,0,0.029451019398402424,0
2026-02-09 22:39:17.346,0.02014283835887909,0,0.0373993826797232,0
2026-02-09 22:39:17.453,0.05545032024383545,0,0.04410783802159131,0
2026-02-09 22:39:17.560,0.09020926803350449,0,0.053376384824514386,0
2026-02-09 22:39:17.666,0.10775880515575409,0,0.0713376369792968,0
2026-02-09 22:39:17.773,0.08099385350942612,0,0.10111553594470024,0
2026-02-09 22:39:17.880,0.06882170587778091,0,0.1368795081973076,0
2026-02-09 22:39:17.986,0.0947675034403801,0,0.1680274486541748,0
2026-02-09 22:39:18.093,0.18245777487754822,0,0.1845512345433235,0
2026-02-09 22:39:18.200,0.30256035923957825,0,0.18787624090909957,0
2026-02-09 22:39:18.306,0.36563265323638916,0,0.18405402228236198,0
2026-02-09 22:39:18.413,0.33162224292755127,0,0.181179154291749,0
2026-02-09 22:39:18.520,0.22068817913532257,0,0.17850643433630467,0
2026-02-09 22:39:18.626,0.1234593316912651,0,0.17298957630991935,0
2026-02-09 22:39:18.733,0.06953661888837814,0,0.1582250315696001,0
2026-02-09 22:39:18.840,0.05224517360329628,0,0.1308723483234644,0
2026-02-09 22:39:18.946,0.042094506323337555,0,0.09675939176231622,0
2026-02-09 22:39:19.053,0.03959892317652702,0,0.06553303599357604,0
2026-02-09 22:39:19.160,0.0348123274743557,0,0.04507050402462483,0
2026-02-09 22:39:19.266,0.02903352677822113,0,0.033996727969497445,0
2026-02-09 22:39:19.373,0.024503087624907494,0,0.02822514483705163,0
2026-02-09 22:39:19.480,0.019358685240149498,0,0.024124016426503657,0
2026-02-09 22:39:19.586,0.016062859445810318,0,0.021023234445601703,0
2026-02-09 22:39:19.693,0.012721571139991283,0,0.017900613602250814,0
2026-02-09 22:39:19.800,0.011820787563920021,0,0.01490219491533935,0
2026-02-09 22:39:19.906,0.011233889497816563,0,0.012248551822267473,0
2026-02-09 22:39:20.013,0.01108668651431799,0,0.009980775823350996,0
2026-02-09 22:39:20.120,0.00837271474301815,0,0.00820244651986286,0
2026-02-09 22:39:20.226,0.00482814060524106,0,0.006742133328225463,0
2026-02-09 22:39:20.333,0.002497095847502351,0,0.005610141344368458,0
2026-02-09 22:39:20.440,0.001825327635742724,0,0.004562439420260489,0
2026-02-09 22:39:20.546,0.0015753922052681446,0,0.0035773246781900525,0
2026-02-09 22:39:20.653,0.0014597275294363499,0,0.0026192733901552858,0
2026-02-09 22:39:20.760,0.001401651301421225,0,0.00195660803001374,0
2026-02-09 22:39:20.866,0.001343768322840333,0,0.0016694384859874845,0
2026-02-09 22:39:20.973,0.0013827420771121979,0,0.001626639603637159,0
2026-02-09 22:39:21.080,0.0015061736339703202,0,0.0016477163997478783,0
2026-02-09 22:39:21.186,0.001746061141602695,0,0.0017351608374156057,0
2026-02-09 22:39:21.293,0.001956445164978504,0,0.0019259461550973356,0
2026-02-09 22:39:21.400,0.002069107023999095,0,0.00226497130934149,0
2026-02-09 22:39:21.506,0.0020360955968499184,0,0.002817823411896825,0
2026-02-09 22:39:21.613,0.0024498365819454193,0,0.00347920604981482,0
2026-02-09 22:39:21.720,0.003367580706253648,0,0.0041622870485298336,0
2026-02-09 22:39:21.826,0.004791902843862772,0,0.004840119183063507,0
2026-02-09 22:39:21.933,0.006872289348393679,0,0.005445848312228918,0
2026-02-09 22:39:22.040,0.007996568456292152,0,0.005823197565041483,0
2026-02-09 22:39:22.146,0.008336983621120453,0,0.006082580960355699,0
2026-02-09 22:39:22.253,0.00852438248693943,0,0.0062422659015282985,0
2026-02-09 22:39:22.360,0.008013736456632614,0,0.006286156084388495,0
2026-02-09 22:39:22.466,0.005842599552124739,0,0.0061776961898431185,0
2026-02-09 22:39:22.573,0.0046299295499920845,0,0.005865833093412221,0
2026-02-09 22:39:22.680,0.004046685993671417,0,0.005406759586185217,0
2026-02-09 22:39:22.786,0.003806482534855604,0,0.0048903536284342405,0
2026-02-09 22:39:22.893,0.003707303898409009,0,0.0043175597442314025,0
2026-02-09 22:39:23.000,0.0037536583840847015,0,0.0037527487613260744,0
2026-02-09 22:39:23.106,0.0034058333840221167,0,0.0033592923427931964,0
2026-02-09 22:39:23.213,0.003172924043610692,0,0.003065962460823357,0
2026-02-09 22:39:23.320,0.002796443644911051,0,0.0028046938357874753,0
2026-02-09 22:39:23.426,0.0023656266275793314,0,0.002542913216166198,0
2026-02-09 22:39:23.533,0.001908035366795957,0,0.002275942580308765,0
2026-02-09 22:39:23.640,0.0016966307302936912,0,0.0019925931585021315,0
2026-02-09 22:39:23.746,0.0014339997433125973,0,0.0017444346391130238,0
2026-02-09 22:39:23.853,0.0011886763386428356,0,0.0015202863956801592,0
2026-02-09 22:39:23.960,0.0010375975398346782,0,0.0013357217772863804,0
2026-02-09 22:39:24.066,0.0009201641660183668,0,0.0011954379617236555,0
2026-02-09 22:39:24.173,0.0009242481901310384,0,0.0011038903030566871,0
2026-02-09 22:39:24.280,0.0009314416092820466,0,0.0010331065976060926,0
2026-02-09 22:39:24.386,0.0009507974609732628,0,0.0009881822625175118,0
2026-02-09 22:39:24.493,0.0009627884719520807,0,0.0009675086475908756,0
2026-02-09 22:39:24.600,0.0009925587801262736,0,0.0009609760018065572,0
2026-02-09 22:39:24.706,0.000988793675787747,0,0.0009660995565354824,0
2026-02-09 22:39:24.813,0.0009847563924267888,0,0.0009710123355034739,0
2026-02-09 22:39:24.920,0.0009819401893764734,0,0.0009737363026943058,0
2026-02-09 22:39:25.026,0.0009722710819914937,0,0.000972309015924111,0
2026-02-09 22:39:25.133,0.0009713997133076191,0,0.0009688731690403074,0
2026-02-09 22:39:25.240,0.0009733759798109531,0,0.0009617229923605918,0
2026-02-09 22:39:25.346,0.0009586812811903656,0,0.000954530545277521,0
2026-02-09 22:39:25.453,0.0009365245932713151,0,0.0009469067328609527,0
2026-02-09 22:39:25.560,0.0009284300031140447,0,0.0009398780995979906,0
2026-02-09 22:39:25.666,0.0009210570133291185,0,0.0009343232784885913,0
2026-02-09 22:39:25.773,0.0009168692049570382,0,0.0009288642788305879,0
2026-02-09 22:39:25.880,0.0009085182682611048,0,0.0009204295871313662,0
2026-02-09 22:39:25.986,0.0009116538567468524,0,0.0009120377304498106,0
2026-02-09 22:39:26.093,0.0009167228708975017,0,0.0009053166664671153,0
2026-02-09 22:39:26.200,0.0009168097167275846,0,0.0008995106560178101,0
2026-02-09 22:39:26.306,0.0008890290628187358,0,0.0008945277018938214,0
2026-02-09 22:39:26.413,0.0008747627143748105,0,0.0008918414881918579,0
2026-02-09 22:39:26.520,0.0008693139534443617,0,0.00089292335906066,0
2026-02-09 22:39:26.626,0.0008703698986209929,0,0.0008979190199170262,0
2026-02-09 22:39:26.733,0.000871227472089231,0,0.0009083025041036307,0
2026-02-09 22:39:26.840,0.0008900070679374039,0,0.0009256573568563909,0
2026-02-09 22:39:26.946,0.0009193369769491255,0,0.0009534141863696277,0
2026-02-09 22:39:27.053,0.000961610465310514,0,0.000989956787088886,0
2026-02-09 22:39:27.160,0.001020557712763548,0,0.0010332846140954643,0
2026-02-09 22:39:27.266,0.0010903582442551851,0,0.0010812056483700872,0
2026-02-09 22:39:27.373,0.0011665973579511046,0,0.0011277787503786384,0
2026-02-09 22:39:27.480,0.0012401887215673923,0,0.0011669976462144404,0
2026-02-09 22:39:27.586,0.0013025922235101461,0,0.0011994964675977825,0
2026-02-09 22:39:27.693,0.0013495802413672209,0,0.0012238027178682388,0
2026-02-09 22:39:27.800,0.0013369584921747446,0,0.0012382109300233424,0
2026-02-09 22:39:27.906,0.0012821960262954235,0,0.001242690102662891,0
2026-02-09 22:39:28.013,0.001244325190782547,0,0.0012375974562019109,0
2026-02-09 22:39:28.120,0.0012046729680150747,0,0.0012230684398673475,0
2026-02-09 22:39:28.226,0.0011646398343145847,0,0.001199352671392262,0
2026-02-09 22:39:28.333,0.001135149970650673,0,0.0011683811200782657,0
2026-02-09 22:39:28.440,0.0011156708933413029,0,0.0011385068413801492,0
2026-02-09 22:39:28.546,0.0010948985582217574,0,0.0011138454312458635,0
2026-02-09 22:39:28.653,0.0010654345387592912,0,0.0010927636874839663,0
2026-02-09 22:39:28.760,0.0010398647282272577,0,0.0010739522171206773,0
2026-02-09 22:39:28.866,0.0010382157051935792,0,0.0010555740213021637,0
2026-02-09 22:39:28.973,0.0010355819249525666,0,0.0010358770668972284,0
2026-02-09 22:39:29.080,0.0010335077531635761,0,0.0010139945079572499,0
2026-02-09 22:39:29.186,0.0010165582643821836,0,0.0009909130050800741,0
2026-02-09 22:39:29.293,0.0009808578761294484,0,0.000969413761049509,0
2026-02-09 22:39:29.400,0.0009381804266013205,0,0.0009503175504505634,0
2026-02-09 22:39:29.506,0.0008968453039415181,0,0.0009340222692117095,0
2026-02-09 22:39:29.613,0.0008640835294499993,0,0.0009222962951753288,0
2026-02-09 22:39:29.720,0.0008504420984536409,0,0.0009161955153103918,0
2026-02-09 22:39:29.826,0.0008489026222378016,0,0.0009172115416731686,0
2026-02-09 22:39:29.933,0.0008752628928050399,0,0.0009281842911150306,0
2026-02-09 22:39:30.040,0.0009183221845887601,0,0.00096090646693483,0
2026-02-09 22:39:30.146,0.0009724999545142055,0,0.0010073846846353264,0
2026-02-09 22:39:30.253,0.0010267185280099511,0,0.001066408382030204,0
2026-02-09 22:39:30.360,0.0010905853705480695,0,0.0011348757951054722,0
2026-02-09 22:39:30.466,0.0012654021847993135,0,0.001213379978435114,0
2026-02-09 22:39:30.573,0.0013616274809464812,0,0.0012938926520291716,0
2026-02-09 22:39:30.680,0.001454320503398776,0,0.0013741066213697195,0
2026-02-09 22:39:30.786,0.0015351162292063236,0,0.0014497902244329452,0
2026-02-09 22:39:30.893,0.0016339444555342197,0,0.001514760567806661,0
2026-02-09 22:39:31.000,0.0016803896287456155,0,0.001567785383667797,0
2026-02-09 22:39:31.106,0.0017204618779942393,0,0.0015953059890307486,0
2026-02-09 22:39:31.213,0.001729335985146463,0,0.0016086961841210723,0
2026-02-09 22:39:31.320,0.0016764219617471099,0,0.0016121652442961931,0
2026-02-09 22:39:31.426,0.0016208335291594267,0,0.001604144263546914,0
2026-02-09 22:39:31.533,0.001540608238428831,0,0.0015856892568990588,0
2026-02-09 22:39:31.640,0.001495529431849718,0,0.0015588752459734679,0
2026-02-09 22:39:31.746,0.0014890111051499844,0,0.001523790298961103,0
2026-02-09 22:39:31.853,0.001454906421713531,0,0.0014819072908721863,0
2026-02-09 22:39:31.960,0.0014493943890556693,0,0.0014393625780940056,0
2026-02-09 22:39:32.066,0.0014122495194897056,0,0.0013952977489680052,0
2026-02-09 22:39:32.173,0.0013696124078705907,0,0.0013451521517708898,0
2026-02-09 22:39:32.280,0.0013105059042572975,0,0.0012934584985487164,0
2026-02-09 22:39:32.386,0.0012509748339653015,0,0.0012388704635668546,0
2026-02-09 22:39:32.493,0.0011801852378994226,0,0.0011858024459797888,0
2026-02-09 22:39:32.600,0.0010391522664576769,0,0.00113143608905375,0
2026-02-09 22:39:32.706,0.0009785928996279836,0,0.0010804513760376722,0
2026-02-09 22:39:32.813,0.0009431307553313673,0,0.0010342612862586976,0
2026-02-09 22:39:32.920,0.000924226245842874,0,0.0009946945589035749,0
2026-02-09 22:39:33.026,0.0009057308197952807,0,0.000962125783553347,0
2026-02-09 22:39:33.133,0.0009024023893289268,0,0.0009379060822539032,0
2026-02-09 22:39:33.240,0.0009077115100808442,0,0.0009289642621297389,0
2026-02-09 22:39:33.346,0.0009148386307060719,0,0.0009272127063013613,0
2026-02-09 22:39:33.453,0.000925287080463022,0,0.0009300029603764414,0
2026-02-09 22:39:33.560,0.0009379882249049842,0,0.0009352879249490797,0
2026-02-09 22:39:33.666,0.0009497340652160347,0,0.0009419695590622724,0
2026-02-09 22:39:33.773,0.0009610773413442075,0,0.0009453608130570501,0
2026-02-09 22:39:33.880,0.0009710332960821688,0,0.0009443374990951269,0
2026-02-09 22:39:33.986,0.0009770758915692568,0,0.0009392468491569161,0
2026-02-09 22:39:34.093,0.0009725471609272063,0,0.000930631347000599,0
2026-02-09 22:39:34.200,0.0009363149292767048,0,0.0009190219279844314,0
2026-02-09 22:39:34.306,0.0008974783704616129,0,0.0009048851439729333,0
2026-02-09 22:39:34.413,0.0008639321313239634,0,0.0008887601201422512,0
2026-02-09 22:39:34.520,0.0008391320588998497,0,0.0008708325040061027,0
2026-02-09 22:39:34.626,0.000821894034743309,0,0.0008515542547684162,0
2026-02-09 22:39:34.733,0.0008083662251010537,0,0.0008320894150529057,0
2026-02-09 22:39:34.840,0.0007998271030373871,0,0.000815892539685592,0
2026-02-09 22:39:34.946,0.0007917571347206831,0,0.0008030977274756879,0
2026-02-09 22:39:35.053,0.0007842933991923928,0,0.0007931948523037136,0
2026-02-09 22:39:35.160,0.0007778987637721002,0,0.0007851779460906983,0
2026-02-09 22:39:35.266,0.0007743461756035686,0,0.0007782900473102927,0
2026-02-09 22:39:35.373,0.000769530248362571,0,0.0007718860695604235,0
2026-02-09 22:39:35.480,0.0007649033796042204,0,0.0007656314293853939,0
2026-02-09 22:39:35.586,0.0007589629967696965,0,0.0007594839786179364,0
2026-02-09 22:39:35.693,0.0007530150469392538,0,0.0007535017852205783,0
2026-02-09 22:39:35.800,0.0007443264476023614,0,0.0007476203492842615,0
2026-02-09 22:39:35.906,0.0007372807012870908,0,0.0007419818721245974,0
2026-02-09 22:39:36.013,0.0007302826270461082,0,0.000736745324684307,0
2026-02-09 22:39:36.120,0.0007244714652188122,0,0.0007319350435864181,0
2026-02-09 22:39:36.226,0.0007190844044089317,0,0.0007277388183865696,0
2026-02-09 22:39:36.333,0.0007179614040069282,0,0.0007242499443236739,0
2026-02-09 22:39:36.440,0.0007171647739596665,0,0.0007219912542495877,0
2026-02-09 22:39:36.546,0.0007168005686253309,0,0.0007208355527836829,0
2026-02-09 22:39:36.653,0.0007170007447712123,0,0.0007207776128780097,0
2026-02-09 22:39:36.760,0.0007181263063102961,0,0.0007217356876935809,0
2026-02-09 22:39:36.866,0.0007217395468614995,0,0.0007234849850647152,0
2026-02-09 22:39:36.973,0.0007257236866280437,0,0.0007248904381413013,0
2026-02-09 22:39:37.080,0.0007297032279893756,0,0.0007258120516780764,0
2026-02-09 22:39:37.186,0.0007340522133745253,0,0.0007260518439579755,0
2026-02-09 22:39:37.293,0.0007365773781202734,0,0.0007255782722495497,0
2026-02-09 22:39:37.400,0.0007320159347727895,0,0.000724603160051629,0
2026-02-09 22:39:37.506,0.0007263809093274176,0,0.0007232572650536894,0
2026-02-09 22:39:37.613,0.0007191984914243221,0,0.0007216497033368796,0
2026-02-09 22:39:37.720,0.0007122650276869535,0,0.0007199290441349149,0
2026-02-09 22:39:37.826,0.0007083751843310893,0,0.0007182309578638524,0
2026-02-09 22:39:37.933,0.0007082805968821049,0,0.0007171105942688882,0
2026-02-09 22:39:38.040,0.000709648069459945,0,0.0007181477965787053,0
2026-02-09 22:39:38.146,0.0007124966359697282,0,0.000720913871191442,0
2026-02-09 22:39:38.253,0.0007170713506639004,0,0.0007254537136759609,0
2026-02-09 22:39:38.360,0.0007253737421706319,0,0.0007316508679650724,0
2026-02-09 22:39:38.466,0.0007423879578709602,0,0.0007387165504042059,0
2026-02-09 22:39:38.573,0.0007540416554547846,0,0.0007454887207131832,0
2026-02-09 22:39:38.680,0.000764596916269511,0,0.0007519202423281968,0
2026-02-09 22:39:38.786,0.0007742365705780685,0,0.0007578654563985765,0
2026-02-09 22:39:38.893,0.0007790320087224245,0,0.0007629097963217646,0
2026-02-09 22:39:39.000,0.0007760022999718785,0,0.00076666169334203,0
2026-02-09 22:39:39.106,0.0007739632856100798,0,0.0007679058238863945,0
2026-02-09 22:39:39.213,0.0007719487766735256,0,0.0007673429616261273,0
2026-02-09 22:39:39.320,0.0007675147498957813,0,0.000765175634296611,0
2026-02-09 22:39:39.426,0.0007628927123732865,0,0.0007616608985699713,0
2026-02-09 22:39:39.533,0.0007548292633146048,0,0.0007577339943964035,0
2026-02-09 22:39:39.640,0.0007484130328521132,0,0.000754421390593052,0
2026-02-09 22:39:39.746,0.0007429236429743469,0,0.0007518530590459704,0
2026-02-09 22:39:39.853,0.0007390892133116722,0,0.0007501495652832091,0
2026-02-09 22:39:39.960,0.0007397629669867456,0,0.0007495961443055421,0
2026-02-09 22:39:40.066,0.0007428762619383633,0,0.0007495026744436473,0
2026-02-09 22:39:40.173,0.0007482799701392651,0,0.0007494478137232363,0
2026-02-09 22:39:40.280,0.000754913839045912,0,0.0007492823177017271,0
2026-02-09 22:39:40.386,0.0007619805401191115,0,0.000748929032124579,0
2026-02-09 22:39:40.493,0.000761958013754338,0,0.0007483094814233482,0
2026-02-09 22:39:40.600,0.0007542806561104953,0,0.0007474534097127617,0
2026-02-09 22:39:40.706,0.0007467580726370215,0,0.0007462977897375822,0
2026-02-09 22:39:40.813,0.0007393907872028649,0,0.000744768901495263,0
2026-02-09 22:39:40.920,0.0007328937062993646,0,0.0007430474739521742,0
2026-02-09 22:39:41.026,0.0007312022498808801,0,0.0007412326114717871,0
2026-02-09 22:39:41.133,0.000731320062186569,0,0.0007407778059132398,0
2026-02-09 22:39:41.240,0.0007329910877160728,0,0.0007425410149153322,0
2026-02-09 22:39:41.346,0.0007376995636150241,0,0.0007466636830940843,0
2026-02-09 22:39:41.453,0.0007438319153152406,0,0.0007532768417149782,0
2026-02-09 22:39:41.560,0.0007574099581688643,0,0.0007620455231517554,0
2026-02-09 22:39:41.666,0.0007719127461314201,0,0.0007708968361839652,0
2026-02-09 22:39:41.773,0.0007879847544245422,0,0.000779894064180553,0
2026-02-09 22:39:41.880,0.0008055223734118044,0,0.0007888803491368889,0
2026-02-09 22:39:41.986,0.0008205805206671357,0,0.0007976202585268765,0
2026-02-09 22:39:42.093,0.0008197153802029788,0,0.0008061426575295627,0
2026-02-09 22:39:42.200,0.0008212923421524465,0,0.0008147903601638973,0
2026-02-09 22:39:42.306,0.000822853937279433,0,0.0008238071866799146,0
2026-02-09 22:39:42.413,0.0008250986575149,0,0.0008336750033777207,0
2026-02-09 22:39:42.520,0.000829055905342102,0,0.000844619091367349,0
2026-02-09 22:39:42.626,0.0008438869845122099,0,0.0008580610039643944,0
2026-02-09 22:39:42.733,0.0008620810112915933,0,0.0008775734866503626,0
2026-02-09 22:39:42.840,0.0008866629214026034,0,0.0009008681983686984,0
2026-02-09 22:39:42.946,0.0009149632533080876,0,0.0009278208424802869,0
2026-02-09 22:39:43.053,0.0009549996466375887,0,0.0009581557940691709,0
2026-02-09 22:39:43.160,0.0010148402070626616,0,0.0009923012112267315,0
2026-02-09 22:39:43.266,0.001054239459335804,0,0.0010254443739540875,0
2026-02-09 22:39:43.373,0.001092380378395319,0,0.0010570979153271764,0
2026-02-09 22:39:43.480,0.00112844817340374,0,0.0010864638723433017,0
2026-02-09 22:39:43.586,0.001170510076917708,0,0.0011111707950476556,0
2026-02-09 22:39:43.693,0.0011753186117857695,0,0.0011302010505460202,0
2026-02-09 22:39:43.800,0.0011786164250224829,0,0.0011427059769630432,0
2026-02-09 22:39:43.906,0.0011803224915638566,0,0.0011486220289953053,0
2026-02-09 22:39:44.013,0.0011620324803516269,0,0.0011474836152046918,0
2026-02-09 22:39:44.120,0.0011453022016212344,0,0.0011375083937309682,0
2026-02-09 22:39:44.226,0.001139889471232891,0,0.0011163349146954716,0
2026-02-09 22:39:44.333,0.0011133999796584249,0,0.0010894755250774324,0
2026-02-09 22:39:44.440,0.0010809962404891849,0,0.001058857247699052,0
2026-02-09 22:39:44.546,0.0010286959586665034,0,0.0010253756365273148,0
2026-02-09 22:39:44.653,0.0009587752865627408,0,0.0009920605109073222,0
2026-02-09 22:39:44.760,0.0009067247156053782,0,0.0009590044093783945,0
2026-02-09 22:39:44.866,0.0008724336512386799,0,0.0009242918866220861,0
2026-02-09 22:39:44.973,0.0008455063798464835,0,0.0008904574497137219,0
2026-02-09 22:39:45.080,0.0008288812241517007,0,0.0008583521761465817,0
2026-02-09 22:39:45.186,0.0008147411863319576,0,0.0008299957436975092,0
2026-02-09 22:39:45.293,0.0007927642436698079,0,0.0008068238734267652,0
2026-02-09 22:39:45.400,0.0007750556105747819,0,0.0007881509023718536,0
2026-02-09 22:39:45.506,0.0007599435048177838,0,0.0007726350158918649,0
2026-02-09 22:39:45.613,0.0007451316341757774,0,0.0007599043310619891,0
2026-02-09 22:39:45.720,0.0007270565838553011,0,0.0007492040225770324,0
2026-02-09 22:39:45.826,0.000719995005056262,0,0.0007404333387967199,0
2026-02-09 22:39:45.933,0.0007172747864387929,0,0.0007348701939918101,0
2026-02-09 22:39:46.040,0.0007181995315477252,0,0.0007318710500840098,0
2026-02-09 22:39:46.146,0.0007218781393021345,0,0.0007311334833502769,0
2026-02-09 22:39:46.253,0.0007270343485288322,0,0.0007326020393520593,0
2026-02-09 22:39:46.360,0.0007371327956207097,0,0.0007364467659499496,0
2026-02-09 22:39:46.466,0.0007450641714967787,0,0.0007405277399811893,0
2026-02-09 22:39:46.573,0.0007525678374804556,0,0.000744413782376796,0
2026-02-09 22:39:46.680,0.0007598171941936016,0,0.0007475760823581368,0
2026-02-09 22:39:46.786,0.0007655038498342037,0,0.0007496925303712487,0
2026-02-09 22:39:46.893,0.0007608047453686595,0,0.000750711961882189,0
2026-02-09 22:39:47.000,0.0007561352103948593,0,0.0007505528454203158,0
2026-02-09 22:39:47.106,0.0007498225313611329,0,0.0007494794204831124,0
2026-02-09 22:39:47.213,0.000743042619433254,0,0.0007474943762645125,0
2026-02-09 22:39:47.320,0.0007372286636382341,0,0.0007447158510331065,0
2026-02-09 22:39:47.426,0.0007355416310019791,0,0.0007415473985020072,0
2026-02-09 22:39:47.533,0.0007343299221247435,0,0.000739439408062026,0
2026-02-09 22:39:47.640,0.0007327173952944577,0,0.000738370296312496,0
2026-02-09 22:39:47.746,0.0007320319418795407,0,0.0007384436845313758,0
2026-02-09 22:39:47.853,0.0007338193245232105,0,0.0007395763997919858,0
2026-02-09 22:39:47.960,0.0007397248409688473,0,0.0007415587722789496,0
2026-02-09 22:39:48.066,0.0007454440928995609,0,0.0007434343220666051,0
2026-02-09 22:39:48.173,0.0007505564135499299,0,0.000745046028168872,0
2026-02-09 22:39:48.280,0.0007543697720393538,0,0.0007462218636646867,0
2026-02-09 22:39:48.386,0.0007570523885078728,0,0.0007471042801626027,0
2026-02-09 22:39:48.493,0.0007542971288785338,0,0.0007474716403521597,0
2026-02-09 22:39:48.600,0.0007504469831474125,0,0.0007475012505892664,0
2026-02-09 22:39:48.706,0.0007444757502526045,0,0.000747296231565997,0
2026-02-09 22:39:48.813,0.0007408561068587005,0,0.0007471334072761237,0
2026-02-09 22:39:48.920,0.0007374929264187813,0,0.0007472652941942215,0
2026-02-09 22:39:49.026,0.0007400209433399141,0,0.0007478578016161918,0
2026-02-09 22:39:49.133,0.0007433939026668668,0,0.0007495249039493502,0
2026-02-09 22:39:49.240,0.0007489281706511974,0,0.000752471131272614,0
2026-02-09 22:39:49.346,0.0007556886412203312,0,0.0007570174988359213,0
2026-02-09 22:39:49.453,0.0007629774627275765,0,0.0007628343475516886,0
2026-02-09 22:39:49.560,0.0007709681522101164,0,0.0007695434615015984,0
2026-02-09 22:39:49.666,0.0007799092563800514,0,0.0007751217519398779,0
2026-02-09 22:39:49.773,0.0007899394258856773,0,0.0007794589735567569,0
2026-02-09 22:39:49.880,0.0007990245940163732,0,0.0007824014581274241,0
2026-02-09 22:39:49.986,0.0008045840659178793,0,0.0007838869467377662,0
2026-02-09 22:39:50.093,0.0007958038477227092,0,0.0007837862300220877,0
2026-02-09 22:39:50.200,0.0007867661188356578,0,0.0007820261060260236,0
2026-02-09 22:39:50.306,0.0007783530163578689,0,0.0007785970694385469,0
2026-02-09 22:39:50.413,0.0007705435273237526,0,0.0007735795632470399,0
2026-02-09 22:39:50.520,0.0007619702955707908,0,0.0007672234205529094,0
2026-02-09 22:39:50.626,0.0007533669122494757,0,0.0007600523240398616,0
2026-02-09 22:39:50.733,0.0007456188905052841,0,0.0007538445759564638,0
2026-02-09 22:39:50.840,0.0007397643639706075,0,0.000748665863648057,0
2026-02-09 22:39:50.946,0.0007354631670750678,0,0.0007444733462762087,0
2026-02-09 22:39:51.053,0.0007328731007874012,0,0.0007411401020362973,0
2026-02-09 22:39:51.160,0.0007337263668887317,0,0.0007382486772257834,0
2026-02-09 22:39:51.266,0.0007349789957515895,0,0.0007358216564171017,0
2026-02-09 22:39:51.373,0.0007364278426393867,0,0.0007336909067817033,0
2026-02-09 22:39:51.480,0.0007372110849246383,0,0.0007316725328564644,0
2026-02-09 22:39:51.586,0.0007330560474656522,0,0.0007295772433280945,0
2026-02-09 22:39:51.693,0.0007290967041626573,0,0.0007273080176673829,0
2026-02-09 22:39:51.800,0.0007243113941513002,0,0.0007249539426993579,0
2026-02-09 22:39:51.906,0.000719580624718219,0,0.0007226336630992592,0
2026-02-09 22:39:52.013,0.0007145102717913687,0,0.0007204910856671631,0
2026-02-09 22:39:52.120,0.0007101808441802859,0,0.0007186754606664181,0
2026-02-09 22:39:52.226,0.0007101856172084808,0,0.0007183306850492954,0
2026-02-09 22:39:52.333,0.0007117761997506022,0,0.0007194343255832791,0
2026-02-09 22:39:52.440,0.0007150020683184266,0,0.000722040666732937,0
2026-02-09 22:39:52.546,0.0007190548349171877,0,0.0007261058664880693,0
2026-02-09 22:39:52.653,0.0007296082912944257,0,0.0007314254762604833,0
2026-02-09 22:39:52.760,0.0007401331095024943,0,0.0007371667656116187,0
2026-02-09 22:39:52.866,0.0007503748056478798,0,0.0007424839830491691,0
2026-02-09 22:39:52.973,0.000760232622269541,0,0.0007470964046660811,0
2026-02-09 22:39:53.080,0.0007677063695155084,0,0.0007507426606025546,0
2026-02-09 22:39:53.186,0.0007675937376916409,0,0.0007533810916356742,0
2026-02-09 22:39:53.293,0.0007633577915839851,0,0.0007547797809820622,0
2026-02-09 22:39:53.400,0.0007579004159197211,0,0.0007549554749857635,0
2026-02-09 22:39:53.506,0.0007514646276831627,0,0.0007541241531725973,0
2026-02-09 22:39:53.613,0.0007454391452483833,0,0.0007524690590798855,0
2026-02-09 22:39:53.720,0.0007435951847583055,0,0.0007504415814764797,0
2026-02-09 22:39:53.826,0.0007418900495395064,0,0.0007499315019231289,0
2026-02-09 22:39:53.933,0.0007420615875162184,0,0.0007519946026150137,0
2026-02-09 22:39:54.040,0.000743681681342423,0,0.0007569274224806577,0
2026-02-09 22:39:54.146,0.0007474315934814513,0,0.0007646612299140543,0
2026-02-09 22:39:54.253,0.0007624929421581328,0,0.0007751547906082124,0
2026-02-09 22:39:54.360,0.0007839887985028327,0,0.0007858789176680148,0
2026-02-09 22:39:54.466,0.0008072286145761609,0,0.0007968648977112025,0
2026-02-09 22:39:54.573,0.0008288027020171285,0,0.0008078067738097161,0
2026-02-09 22:39:54.680,0.0008503747521899641,0,0.0008192797424271703,0
2026-02-09 22:39:54.786,0.0008508364553563297,0,0.000831820524763316,0
2026-02-09 22:39:54.893,0.0008517498499713838,0,0.000847809499828145,0
2026-02-09 22:39:55.000,0.0008514803485013545,0,0.0008689469890668988,0
2026-02-09 22:39:55.106,0.0008584113675169647,0,0.0008980087121017277,0
2026-02-09 22:39:55.213,0.0008728394168429077,0,0.0009399366448633373,0
2026-02-09 22:39:55.320,0.0009223826928064227,0,0.0010053723177406936,0
2026-02-09 22:39:55.426,0.0009953636908903718,0,0.0011068742373026908,0
2026-02-09 22:39:55.533,0.00109784584492445,0,0.0012802437355276196,0
2026-02-09 22:39:55.640,0.001248082029633224,0,0.0015156579320318997,0
2026-02-09 22:39:55.746,0.0015047314809635282,0,0.0018197014403995126,0
2026-02-09 22:39:55.853,0.0018658556509763002,0,0.002147134789265692,0
2026-02-09 22:39:55.960,0.0025854448322206736,0,0.0024065621313638986,0
2026-02-09 22:39:56.066,0.003205622313544154,0,0.002580736088566482,0
2026-02-09 22:39:56.173,0.0038988464511930943,0,0.0026910047978162765,0
2026-02-09 22:39:56.280,0.0041471729055047035,0,0.002745549404062331,0
2026-02-09 22:39:56.386,0.0035166561137884855,0,0.002733942284248769,0
2026-02-09 22:39:56.493,0.0027371032629162073,0,0.0026671001920476555,0
2026-02-09 22:39:56.600,0.0022005329374223948,0,0.0025162161444313826,0
2026-02-09 22:39:56.706,0.0017935280920937657,0,0.0022959482739679515,0
2026-02-09 22:39:56.813,0.0013886602828279138,0,0.002000633190618828,0
2026-02-09 22:39:56.920,0.0011974347289651632,0,0.0016772573522757738,0
2026-02-09 22:39:57.026,0.001076604356057942,0,0.0014144330809358508,0
2026-02-09 22:39:57.133,0.0010029436089098454,0,0.0012275243294425308,0
2026-02-09 22:39:57.240,0.0009456956177018583,0,0.0010923196037765591,0
2026-02-09 22:39:57.346,0.000913414522074163,0,0.0009959953022189438,0
2026-02-09 22:39:57.453,0.0008884134003892541,0,0.0009386736841406673,0
2026-02-09 22:39:57.560,0.0008680157479830086,0,0.0008991824230179191,0
2026-02-09 22:39:57.666,0.0008484856807626784,0,0.0008703852072358131,0
2026-02-09 22:39:57.773,0.0008302850765176117,0,0.0008474708534777165,0
2026-02-09 22:39:57.880,0.0008154441020451486,0,0.0008288266661111265,0
2026-02-09 22:39:57.986,0.0008025221177376807,0,0.0008121558232232929,0
2026-02-09 22:39:58.093,0.0007886321982368827,0,0.0007982099428772927,0
2026-02-09 22:39:58.200,0.0007738000713288784,0,0.0007868268003221601,0
2026-02-09 22:39:58.306,0.0007592537440359592,0,0.000777980632847175,0
2026-02-09 22:39:58.413,0.0007467060931958258,0,0.0007718778681010008,0
2026-02-09 22:39:58.520,0.0007489545969292521,0,0.0007686685712542385,0
2026-02-09 22:39:58.626,0.0007541843224316835,0,0.0007690299418754876,0
2026-02-09 22:39:58.733,0.0007600240060128272,0,0.00077345403842628,0
2026-02-09 22:39:58.840,0.0007692574290558696,0,0.0007831541181076318,0
2026-02-09 22:39:58.946,0.0007833511335775256,0,0.000799931725487113,0
2026-02-09 22:39:59.053,0.0008061358239501715,0,0.0008230931300204248,0
2026-02-09 22:39:59.160,0.0008328731637448072,0,0.0008497476519551128,0
2026-02-09 22:39:59.266,0.0008708008681423962,0,0.0008781809534411878,0
2026-02-09 22:39:59.373,0.0009270298178307712,0,0.0009081598604097962,0
2026-02-09 22:39:59.480,0.000978320138528943,0,0.0009401710005477071,0
2026-02-09 22:39:59.586,0.001015499816276133,0,0.0009750003111548722,0
2026-02-09 22:39:59.693,0.0010385173372924328,0,0.0010082819499075413,0
2026-02-09 22:39:59.800,0.0010598130756989121,0,0.0010378791252151132,0
2026-02-09 22:39:59.906,0.001089368830434978,0,0.0010633036086801439,0
2026-02-09 22:40:00.013,0.0011316442396491766,0,0.001084502146113664,0
2026-02-09 22:40:00.120,0.0011389522114768624,0,0.0011023205588571727,0
2026-02-09 22:40:00.226,0.0011288449168205261,0,0.001119900052435696,0
2026-02-09 22:40:00.333,0.001125045702792704,0,0.0011402753763832152,0
2026-02-09 22:40:00.440,0.0011390151921659708,0,0.0011649029795080424,0
2026-02-09 22:40:00.546,0.0011565042659640312,0,0.0011908976477570832,0
2026-02-09 22:40:00.653,0.001191294752061367,0,0.0012172427377663553,0
2026-02-09 22:40:00.760,0.0012422705767676234,0,0.001241255074273795,0
2026-02-09 22:40:00.866,0.0013060891069471836,0,0.0012648170348256826,0
2026-02-09 22:40:00.973,0.0013493155129253864,0,0.0012856740388087929,0
2026-02-09 22:40:01.080,0.0013950951397418976,0,0.0012991860858164728,0
2026-02-09 22:40:01.186,0.0013790755765512586,0,0.0013062816578894854,0
2026-02-09 22:40:01.293,0.0013644645223394036,0,0.0013061179197393358,0
2026-02-09 22:40:01.400,0.001333615742623806,0,0.0012997319572605193,0
2026-02-09 22:40:01.506,0.0012741356622427702,0,0.0012891094433143736,0
2026-02-09 22:40:01.613,0.0012274599866941571,0,0.0012770829955115915,0
2026-02-09 22:40:01.720,0.0011896573705598712,0,0.00125993718393147,0
2026-02-09 22:40:01.826,0.0011784109519794583,0,0.001247172092553228,0
2026-02-09 22:40:01.933,0.0011998639674857259,0,0.0012449080124497414,0
2026-02-09 22:40:02.040,0.0012290510348975658,0,0.0012560872361063956,0
2026-02-09 22:40:02.146,0.0012236370239406824,0,0.001277514104731381,0
2026-02-09 22:40:02.253,0.0012514246627688408,0,0.001301091373898089,0
2026-02-09 22:40:02.360,0.0013418237213045359,0,0.0013189554563723504,0
2026-02-09 22:40:02.466,0.0014454079791903496,0,0.0013329967856407165,0
2026-02-09 22:40:02.573,0.0014884043484926224,0,0.001341235009022057,0
2026-02-09 22:40:02.680,0.001463232678361237,0,0.0013465870055370034,0
2026-02-09 22:40:02.786,0.0013682981953024864,0,0.0013512248289771378,0
2026-02-09 22:40:02.893,0.0013188242446631193,0,0.001352735480759293,0
2026-02-09 22:40:03.000,0.001282246201299131,0,0.0013465560739859938,0
2026-02-09 22:40:03.106,0.001282571000047028,0,0.0013302040635608137,0
2026-02-09 22:40:03.213,0.0012700152583420277,0,0.0013116953894495964,0
2026-02-09 22:40:03.320,0.0012665311805903912,0,0.0012987909372895955,0
2026-02-09 22:40:03.426,0.001280029653571546,0,0.0012983644381165504,0
2026-02-09 22:40:03.533,0.0012818878749385476,0,0.0013054630835540593,0
2026-02-09 22:40:03.640,0.0013033176073804498,0,0.0013154117041267455,0
2026-02-09 22:40:03.746,0.001334188156761229,0,0.0013249918469227851,0
2026-02-09 22:40:03.853,0.0013640332035720348,0,0.0013351983041502535,0
2026-02-09 22:40:03.960,0.0013898106990382075,0,0.0013404663070105017,0
2026-02-09 22:40:04.066,0.0013817324070259929,0,0.0013336410280317067,0
2026-02-09 22:40:04.173,0.0013783724280074239,0,0.0013196894549764692,0
2026-02-09 22:40:04.280,0.0013720798306167126,0,0.0013006693683564664,0
2026-02-09 22:40:04.386,0.001319211209192872,0,0.0012788575491867959,0
2026-02-09 22:40:04.493,0.001211776863783598,0,0.001259786996524781,0
2026-02-09 22:40:04.600,0.0011423721443861723,0,0.001236477354541421,0
2026-02-09 22:40:04.706,0.00111311674118042,0,0.001212021813262254,0
2026-02-09 22:40:04.813,0.0011160699650645256,0,0.0011854078504256905,0
2026-02-09 22:40:04.920,0.0011733276769518852,0,0.0011590715148486197,0
2026-02-09 22:40:05.026,0.001156714279204607,0,0.001136912708170712,0
2026-02-09 22:40:05.133,0.0011371769942343235,0,0.0011224948917515575,0
2026-02-09 22:40:05.240,0.001112232799641788,0,0.0011119105853140353,0
2026-02-09 22:40:05.346,0.0011087164748460054,0,0.0011008168221451342,0
2026-02-09 22:40:05.453,0.001097623142413795,0,0.0010857412649784236,0
2026-02-09 22:40:05.560,0.0010675986995920539,0,0.0010602548951283096,0
2026-02-09 22:40:05.666,0.0010365290800109506,0,0.0010326836199965328,0
2026-02-09 22:40:05.773,0.0010021791094914079,0,0.001004086621105671,0
2026-02-09 22:40:05.880,0.0009653143933974206,0,0.0009752613259479403,0
2026-02-09 22:40:05.986,0.0009184639784507453,0,0.0009452578204218298,0
2026-02-09 22:40:06.093,0.0008810015278868377,0,0.0009151343838311732,0
2026-02-09 22:40:06.200,0.0008512070053257048,0,0.0008872635138686746,0
2026-02-09 22:40:06.306,0.0008239798480644822,0,0.0008619352709501981,0
2026-02-09 22:40:06.413,0.0008086814195849001,0,0.0008396613178774714,0
2026-02-09 22:40:06.520,0.0007963887765072286,0,0.0008212214161176234,0
2026-02-09 22:40:06.626,0.0007888899999670684,0,0.0008077146019786596,0
2026-02-09 22:40:06.733,0.0007832466508261859,0,0.0007984349620528519,0
2026-02-09 22:40:06.840,0.0007794395787641406,0,0.0007924778677988797,0
2026-02-09 22:40:06.946,0.0007809153757989407,0,0.0007893270754721016,0
2026-02-09 22:40:07.053,0.0007833958370611072,0,0.0007864332117605954,0
2026-02-09 22:40:07.160,0.0007882051286287606,0,0.0007834732881747186,0
2026-02-09 22:40:07.266,0.0007916360627859831,0,0.0007799608982168138,0
2026-02-09 22:40:07.373,0.0007924719247967005,0,0.000775856914697215,0
2026-02-09 22:40:07.480,0.0007797427824698389,0,0.0007711929269134998,0
2026-02-09 22:40:07.586,0.0007667895406484604,0,0.0007660627772565932,0
2026-02-09 22:40:07.693,0.0007537661003880203,0,0.0007604366401210427,0
2026-02-09 22:40:07.800,0.0007422068156301975,0,0.0007543088984675705,0
2026-02-09 22:40:07.906,0.0007327997009269893,0,0.0007479439547751099,0
2026-02-09 22:40:08.013,0.0007296138792298734,0,0.0007416906242724508,0
2026-02-09 22:40:08.120,0.0007271344657056034,0,0.0007373519998509437,0
2026-02-09 22:40:08.226,0.0007269277120940387,0,0.0007348794431891292,0
2026-02-09 22:40:08.333,0.0007279866258613765,0,0.000734254257986322,0
2026-02-09 22:40:08.440,0.0007299386197701097,0,0.000735282083041966,0
2026-02-09 22:40:08.546,0.0007363565382547677,0,0.0007377487665507943,0
2026-02-09 22:40:08.653,0.0007420639740303159,0,0.0007402335875667631,0
2026-02-09 22:40:08.760,0.0007475142483599484,0,0.0007425737800076604,0
2026-02-09 22:40:08.866,0.0007524850661866367,0,0.0007444472634233534,0
2026-02-09 22:40:08.973,0.0007574665360152721,0,0.0007456761319190264,0
2026-02-09 22:40:09.080,0.0007544620893895626,0,0.0007462061592377722,0
2026-02-09 22:40:09.186,0.0007505363901145756,0,0.0007459858781658113,0
2026-02-09 22:40:09.293,0.0007456625462509692,0,0.0007451404118910432,0
2026-02-09 22:40:09.400,0.0007402753108181059,0,0.0007437608554027974,0
2026-02-09 22:40:09.506,0.0007352388929575682,0,0.000741950806695968,0
2026-02-09 22:40:09.613,0.0007341537275351584,0,0.000739795615663752,0
2026-02-09 22:40:09.720,0.0007336093112826347,0,0.0007383866352029145,0
2026-02-09 22:40:09.826,0.0007337186834774911,0,0.0007378353679087013,0
2026-02-09 22:40:09.933,0.0007343845791183412,0,0.0007382148934993893,0
2026-02-09 22:40:10.040,0.0007359146256931126,0,0.0007395206717774272,0
2026-02-09 22:40:10.146,0.0007403722847811878,0,0.0007418105204124003,0
2026-02-09 22:40:10.253,0.0007450237171724439,0,0.0007440141460392624,0
2026-02-09 22:40:10.360,0.0007494578021578491,0,0.0007460529915988446,0
2026-02-09 22:40:10.466,0.000753333093598485,0,0.0007478742918465286,0
2026-02-09 22:40:10.573,0.0007581373793072999,0,0.0007493564859032631,0
2026-02-09 22:40:10.680,0.0007561899838037789,0,0.0007503368658944964,0
2026-02-09 22:40:10.786,0.0007539977668784559,0,0.0007508639071602374,0
2026-02-09 22:40:10.893,0.0007519316859543324,0,0.0007509960152674467,0
2026-02-09 22:40:11.000,0.0007492065196856856,0,0.000750782567774877,0
2026-02-09 22:40:11.106,0.0007457184256054461,0,0.0007503455388359725,0
2026-02-09 22:40:11.213,0.0007456426974385977,0,0.0007497064128983766,0
2026-02-09 22:40:11.320,0.0007463447982445359,0,0.0007498872524593026,0
2026-02-09 22:40:11.426,0.0007473233272321522,0,0.0007509389310143888,0
2026-02-09 22:40:11.533,0.000748962804209441,0,0.0007528138870839029,0
2026-02-09 22:40:11.640,0.0007517461199313402,0,0.0007555367425084114,0
2026-02-09 22:40:11.746,0.0007579983794130385,0,0.0007589470536913723,0
2026-02-09 22:40:11.853,0.0007645145524293184,0,0.0007618909701704979,0
2026-02-09 22:40:11.960,0.0007706812466494739,0,0.000764281046576798,0
2026-02-09 22:40:12.066,0.0007764350739307702,0,0.0007661119336262346,0
2026-02-09 22:40:12.173,0.0007798215374350548,0,0.0007673046493437141,0
2026-02-09 22:40:12.280,0.0007750818622298539,0,0.0007675507280509919,0
2026-02-09 22:40:12.386,0.0007702455623075366,0,0.0007666868914384395,0
2026-02-09 22:40:12.493,0.0007656321977265179,0,0.0007648513128515333,0
2026-02-09 22:40:12.600,0.0007608899613842368,0,0.0007622940756846219,0
2026-02-09 22:40:12.706,0.000754206907004118,0,0.0007597110059577971,0
2026-02-09 22:40:12.813,0.0007493600132875144,0,0.0007576880976557732,0
2026-02-09 22:40:12.920,0.0007461587665602565,0,0.0007576212461572141,0
2026-02-09 22:40:13.026,0.0007451088749803603,0,0.0007590825494844467,0
2026-02-09 22:40:13.133,0.0007506043766625226,0,0.0007617803115863353,0
2026-02-09 22:40:13.240,0.0007595924544148147,0,0.0007653115666471422,0
2026-02-09 22:40:13.346,0.0007744133472442627,0,0.0007695845561102033,0
2026-02-09 22:40:13.453,0.0007848585955798626,0,0.0007735471823252738,0
2026-02-09 22:40:13.560,0.0007926098187454045,0,0.000776942033553496,0
2026-02-09 22:40:13.666,0.0007962025119923055,0,0.0007797876663971692,0
2026-02-09 22:40:13.773,0.0007969368016347289,0,0.0007813978474587203,0
2026-02-09 22:40:13.880,0.0007889862754382193,0,0.0007816981058567762,0
2026-02-09 22:40:13.986,0.000780107278842479,0,0.0007802120409905911,0
2026-02-09 22:40:14.093,0.0007735652034170926,0,0.0007774215308018028,0
2026-02-09 22:40:14.200,0.0007667061872780323,0,0.0007734726183116436,0
2026-02-09 22:40:14.306,0.000762595038395375,0,0.000768858240917325,0
2026-02-09 22:40:14.413,0.0007595526985824108,0,0.0007639579533133655,0
2026-02-09 22:40:14.520,0.0007569534936919808,0,0.0007600566255860031,0
2026-02-09 22:40:14.626,0.0007531206938438118,0,0.0007572851551230997,0
2026-02-09 22:40:14.733,0.0007500587380491197,0,0.0007551710412371903,0
2026-02-09 22:40:14.840,0.0007479339255951345,0,0.0007534662494435906,0
2026-02-09 22:40:14.946,0.0007499729981645942,0,0.0007515696925111115,0
2026-02-09 22:40:15.053,0.0007523925742134452,0,0.000749061768874526,0
2026-02-09 22:40:15.160,0.0007524240645579994,0,0.0007459453481715173,0
2026-02-09 22:40:15.266,0.0007496582693420351,0,0.0007424543960951269,0
2026-02-09 22:40:15.373,0.0007436294690705836,0,0.0007387786521576345,0
2026-02-09 22:40:15.480,0.0007344734622165561,0,0.0007349564926698804,0
2026-02-09 22:40:15.586,0.0007257892866618931,0,0.000730935635510832,0
2026-02-09 22:40:15.693,0.0007182111730799079,0,0.0007266274187713861,0
2026-02-09 22:40:15.800,0.000713301298674196,0,0.0007222696614917368,0
2026-02-09 22:40:15.906,0.0007097123307175934,0,0.0007182035129517317,0
2026-02-09 22:40:16.013,0.000709764426574111,0,0.0007149442855734379,0
2026-02-09 22:40:16.120,0.0007093104068189859,0,0.0007129399396944791,0
2026-02-09 22:40:16.226,0.0007088464917615056,0,0.0007123263436369598,0
2026-02-09 22:40:16.333,0.0007089967839419842,0,0.0007130960177164525,0
2026-02-09 22:40:16.440,0.0007110371952876449,0,0.0007148389588110149,0
2026-02-09 22:40:16.546,0.000714430003426969,0,0.0007170532015152275,0
2026-02-09 22:40:16.653,0.0007196533260867,0,0.0007190587639342993,0
2026-02-09 22:40:16.760,0.0007259079138748348,0,0.0007208620314486325,0
2026-02-09 22:40:16.866,0.0007307307096198201,0,0.0007225598441436887,0
2026-02-09 22:40:16.973,0.0007318547577597201,0,0.0007241453335154801,0
2026-02-09 22:40:17.080,0.0007298200507648289,0,0.0007257074699737132,0
2026-02-09 22:40:17.186,0.0007273430819623172,0,0.0007270357920788229,0
2026-02-09 22:40:17.293,0.0007258246187120676,0,0.0007280381803866475,0
2026-02-09 22:40:17.400,0.000724851677659899,0,0.0007288130291271955,0
2026-02-09 22:40:17.506,0.0007266585598699749,0,0.0007298993761651218,0
2026-02-09 22:40:17.613,0.000727713224478066,0,0.0007329284737352282,0
2026-02-09 22:40:17.720,0.0007296772091649473,0,0.0007385632838122546,0
2026-02-09 22:40:17.826,0.0007336564012803137,0,0.0007471884367987513,0
2026-02-09 22:40:17.933,0.0007415941799990833,0,0.0007592895708512515,0
2026-02-09 22:40:18.040,0.000762145733460784,0,0.0007747323892544955,0
2026-02-09 22:40:18.146,0.0007861681515350938,0,0.0007913657289464026,0
2026-02-09 22:40:18.253,0.0008135946118272841,0,0.0008097350364550948,0
2026-02-09 22:40:18.360,0.0008468359592370689,0,0.0008295564097352326,0
2026-02-09 22:40:18.466,0.0008792798616923392,0,0.0008475332695525139,0
2026-02-09 22:40:18.573,0.0008929919567890465,0,0.0008620873792096973,0
2026-02-09 22:40:18.680,0.0009114062995649874,0,0.0008728447603061796,0
2026-02-09 22:40:18.786,0.000927890941966325,0,0.0008795384143013507,0
2026-02-09 22:40:18.893,0.0009134249994531274,0,0.0008823647745884955,0
2026-02-09 22:40:19.000,0.0008871352765709162,0,0.0008813646505586803,0
2026-02-09 22:40:19.106,0.0008697195444256067,0,0.0008768574858549983,0
2026-02-09 22:40:19.213,0.0008531046914868057,0,0.0008709706889931113,0
2026-02-09 22:40:19.320,0.0008418582146987319,0,0.0008636125130578876,0
2026-02-09 22:40:19.426,0.0008368347189389169,0,0.0008550110855139792,0
2026-02-09 22:40:19.533,0.0008342082146555185,0,0.0008481509343255311,0
2026-02-09 22:40:19.640,0.0008341239881701767,0,0.0008440355188213289,0
2026-02-09 22:40:19.746,0.0008378245402127504,0,0.0008400001155678183,0
2026-02-09 22:40:19.853,0.0008418766665272415,0,0.000836068025091663,0
2026-02-09 22:40:19.960,0.0008448234875686467,0,0.0008317992091178894,0
2026-02-09 22:40:20.066,0.0008459811215288937,0,0.0008268558070994913,0
2026-02-09 22:40:20.173,0.0008293655118905008,0,0.0008212131855543703,0
2026-02-09 22:40:20.280,0.0008137837867252529,0,0.0008148790104314685,0
2026-02-09 22:40:20.386,0.0007991700549609959,0,0.0008075511490460485,0
2026-02-09 22:40:20.493,0.0007874006987549365,0,0.0007992057304363698,0
2026-02-09 22:40:20.600,0.0007777819992043078,0,0.0007899495889432728,0
2026-02-09 22:40:20.706,0.0007707822369411588,0,0.0007800581748597324,0
2026-02-09 22:40:20.813,0.0007645459263585508,0,0.0007717830536421389,0
2026-02-09 22:40:20.920,0.000758422480430454,0,0.0007650403480511158,0
2026-02-09 22:40:21.026,0.0007522620726376772,0,0.0007597593765240162,0
2026-02-09 22:40:21.133,0.0007470669806934893,0,0.0007555569696705789,0
2026-02-09 22:40:21.240,0.0007466142997145653,0,0.0007522496918682009,0
2026-02-09 22:40:21.346,0.0007463567308150232,0,0.0007491359952837229,0
2026-02-09 22:40:21.453,0.0007463603396899998,0,0.0007461719505954534,0
2026-02-09 22:40:21.560,0.0007453766302205622,0,0.0007433862017933279,0
2026-02-09 22:40:21.666,0.0007447092211805284,0,0.0007407037948723883,0
2026-02-09 22:40:21.773,0.0007396452710963786,0,0.0007380263064987958,0
2026-02-09 22:40:21.880,0.0007349054794758558,0,0.0007351755921263248,0
2026-02-09 22:40:21.986,0.0007305649924091995,0,0.0007322575896978378,0
2026-02-09 22:40:22.093,0.0007254380034282804,0,0.0007293305068742483,0
2026-02-09 22:40:22.200,0.0007202920969575644,0,0.0007266048982273787,0
2026-02-09 22:40:22.306,0.0007181071559898555,0,0.0007240914215799421,0
2026-02-09 22:40:22.413,0.0007171767065301538,0,0.0007225944835226982,0
2026-02-09 22:40:22.520,0.0007170895114541054,0,0.0007221574662253261,0
2026-02-09 22:40:22.626,0.0007181205437518656,0,0.0007227689144201577,0
2026-02-09 22:40:22.733,0.0007195744547061622,0,0.0007244148990139365,0
2026-02-09 22:40:22.840,0.0007246758905239403,0,0.0007269833295140415,0
2026-02-09 22:40:22.946,0.0007305353065021336,0,0.0007294703682418913,0
2026-02-09 22:40:23.053,0.0007366794743575156,0,0.0007316724746488035,0
2026-02-09 22:40:23.160,0.0007418978493660688,0,0.0007333432557061314,0
2026-02-09 22:40:23.266,0.0007459764019586146,0,0.000734410755103454,0
2026-02-09 22:40:23.373,0.0007429775432683527,0,0.0007347931445110589,0
2026-02-09 22:40:23.480,0.0007391977705992758,0,0.0007345296791754663,0
2026-02-09 22:40:23.586,0.0007337973220273852,0,0.0007335708010941744,0
2026-02-09 22:40:23.693,0.000728795537725091,0,0.000731945998268202,0
2026-02-09 22:40:23.800,0.0007233983487822115,0,0.0007299067510757595,0
2026-02-09 22:40:23.906,0.000722041237168014,0,0.0007276201038621366,0
2026-02-09 22:40:24.013,0.0007209465256892145,0,0.0007260064885485917,0
2026-02-09 22:40:24.120,0.0007204314460977912,0,0.0007252100680489093,0
2026-02-09 22:40:24.226,0.0007215053774416447,0,0.000725444033741951,0
2026-02-09 22:40:24.333,0.0007231099298223853,0,0.0007267426350153983,0
2026-02-09 22:40:24.440,0.000726841390132904,0,0.0007291218091268093,0
2026-02-09 22:40:24.546,0.0007312335656024516,0,0.0007312019821256399,0
2026-02-09 22:40:24.653,0.0007361369789578021,0,0.0007327504979912191,0
2026-02-09 22:40:24.760,0.0007417815504595637,0,0.0007335987233091146,0
2026-02-09 22:40:24.866,0.0007471900898963213,0,0.0007336159469559789,0
2026-02-09 22:40:24.973,0.0007428429671563208,0,0.0007328206382226198,0
2026-02-09 22:40:25.080,0.0007364316843450069,0,0.0007313096430152655,0
2026-02-09 22:40:25.186,0.0007289136992767453,0,0.0007291268208064139,0
2026-02-09 22:40:25.293,0.0007216776139102876,0,0.0007263579231221229,0
2026-02-09 22:40:25.400,0.0007151568424887955,0,0.0007230815710499883,0
2026-02-09 22:40:25.506,0.0007117314380593598,0,0.0007194255769718439,0
2026-02-09 22:40:25.613,0.0007094053435139358,0,0.0007169961405452341,0
2026-02-09 22:40:25.720,0.000708448002114892,0,0.0007161109184380621,0
2026-02-09 22:40:25.826,0.0007090180297382176,0,0.0007168192823883146,0
2026-02-09 22:40:25.933,0.000710630149114877,0,0.0007190280419308692,0
2026-02-09 22:40:26.040,0.0007185486028902233,0,0.0007225363922771066,0
2026-02-09 22:40:26.146,0.0007275794632732868,0,0.0007261547842063009,0
2026-02-09 22:40:26.253,0.0007359973387792706,0,0.0007298107550013811,0
2026-02-09 22:40:26.360,0.0007437652093358338,0,0.0007337175600696355,0
2026-02-09 22:40:26.466,0.0007502403459511697,0,0.0007383145857602358,0
2026-02-09 22:40:26.573,0.0007479153573513031,0,0.0007438627013470978,0
2026-02-09 22:40:26.680,0.0007459650514647365,0,0.0007498604245483875,0
2026-02-09 22:40:26.786,0.0007475160527974367,0,0.0007559902791399508,0
2026-02-09 22:40:26.893,0.0007549882866442204,0,0.0007625308760907501,0
2026-02-09 22:40:27.000,0.0007661113049834967,0,0.0007707240816671401,0
2026-02-09 22:40:27.106,0.000778525834903121,0,0.0007796222867909819,0
2026-02-09 22:40:27.213,0.0007888780091889203,0,0.0007898751646280289,0
2026-02-09 22:40:27.320,0.0008014033082872629,0,0.0008016213425435126,0
2026-02-09 22:40:27.426,0.0008256972650997341,0,0.000815127557143569,0
2026-02-09 22:40:27.533,0.0008392223971895874,0,0.0008298475586343557,0
2026-02-09 22:40:27.640,0.0008504441357217729,0,0.0008457166084554046,0
2026-02-09 22:40:27.746,0.0008634268306195736,0,0.0008585548086557538,0
2026-02-09 22:40:27.853,0.0008825781987980008,0,0.0008680645725689829,0
2026-02-09 22:40:27.960,0.0009021883015520871,0,0.0008742790203541517,0
2026-02-09 22:40:28.066,0.0009248018031939864,0,0.0008760630153119564,0
2026-02-09 22:40:28.173,0.0009069078369066119,0,0.0008738353673834354,0
2026-02-09 22:40:28.280,0.0008839756483212113,0,0.0008683998254127801,0
2026-02-09 22:40:28.386,0.0008635477861389518,0,0.0008602347515989095,0
2026-02-09 22:40:28.493,0.0008435372146777809,0,0.0008492960885632783,0
2026-02-09 22:40:28.600,0.000816945917904377,0,0.0008355206286069006,0
2026-02-09 22:40:28.706,0.0007960887160152197,0,0.000818665896076709,0
2026-02-09 22:40:28.813,0.0007817760924808681,0,0.0008033386489842087,0
2026-02-09 22:40:28.920,0.000773191568441689,0,0.0007903231598902494,0
2026-02-09 22:40:29.026,0.0007644337019883096,0,0.0007793998578563332,0
2026-02-09 22:40:29.133,0.000756254477892071,0,0.000770263175945729,0
2026-02-09 22:40:29.240,0.0007536353659816086,0,0.0007631450367625803,0
2026-02-09 22:40:29.346,0.000753820757381618,0,0.0007569731562398375,0
2026-02-09 22:40:29.453,0.0007543147657997906,0,0.0007512609998229891,0
2026-02-09 22:40:29.560,0.0007521703955717385,0,0.0007456807710696012,0
2026-02-09 22:40:29.666,0.0007457645260728896,0,0.0007403652125503868,0
2026-02-09 22:40:29.773,0.000734369910787791,0,0.0007351998996455222,0
2026-02-09 22:40:29.880,0.0007246545283123851,0,0.0007302405836526304,0
2026-02-09 22:40:29.986,0.0007173892809078097,0,0.0007251043920405209,0
2026-02-09 22:40:30.093,0.0007112781167961657,0,0.0007198981940746308,0
2026-02-09 22:40:30.200,0.0007046013488434255,0,0.0007151561323553324,0
2026-02-09 22:40:30.306,0.0007040422060526907,0,0.0007119279005564749,0
2026-02-09 22:40:30.413,0.0007024588412605226,0,0.0007106363656930626,0
2026-02-09 22:40:30.520,0.0007022527861408889,0,0.0007114630367141217,0
2026-02-09 22:40:30.626,0.0007047497783787549,0,0.0007143661146983505,0
2026-02-09 22:40:30.733,0.0007134822080843151,0,0.0007193238940089941,0
2026-02-09 22:40:30.840,0.0007214545621536672,0,0.000725446583237499,0
2026-02-09 22:40:30.946,0.0007329212385229766,0,0.0007313521811738611,0
2026-02-09 22:40:31.053,0.000746420060750097,0,0.0007369876955635845,0
2026-02-09 22:40:31.160,0.0007608559099026024,0,0.0007420710346195847,0
2026-02-09 22:40:31.266,0.0007658282411284745,0,0.0007463735586497932,0
2026-02-09 22:40:31.373,0.000763098185416311,0,0.0007496296602766961,0
2026-02-09 22:40:31.480,0.000758813985157758,0,0.0007521293824538589,0
2026-02-09 22:40:31.586,0.0007530861767008901,0,0.0007536786666605622,0
2026-02-09 22:40:31.693,0.0007477750186808407,0,0.0007544076419435441,0
2026-02-09 22:40:31.800,0.0007460432243533432,0,0.0007544156862422824,0
2026-02-09 22:40:31.906,0.0007464517839252949,0,0.0007564000610727817,0
2026-02-09 22:40:32.013,0.0007484140805900097,0,0.0007616940420120955,0
2026-02-09 22:40:32.120,0.000753709813579917,0,0.0007705718104261905,0
2026-02-09 22:40:32.226,0.0007609363528899848,0,0.000782436755253002,0
2026-02-09 22:40:32.333,0.0007856719894334674,0,0.0007966485922224819,0
2026-02-09 22:40:32.440,0.0008160379948094487,0,0.0008112935873214155,0
2026-02-09 22:40:32.546,0.0008475916692987084,0,0.0008263693540357053,0
2026-02-09 22:40:32.653,0.0008717356249690056,0,0.000841993052745238,0
2026-02-09 22:40:32.760,0.0008898933883756399,0,0.0008581955742556601,0
2026-02-09 22:40:32.866,0.000892493175342679,0,0.0008758258074522019,0
2026-02-09 22:40:32.973,0.0008972094510681927,0,0.0008932615572120994,0
2026-02-09 22:40:33.080,0.0009046510676853359,0,0.0009088312974199653,0
2026-02-09 22:40:33.186,0.0009157350286841393,0,0.0009216993988957256,0
2026-02-09 22:40:33.293,0.0009372386848554015,0,0.0009320324577856808,0
2026-02-09 22:40:33.400,0.0009600294870324433,0,0.0009397840593010187,0
2026-02-09 22:40:33.506,0.0009717353968881071,0,0.0009442834416404366,0
2026-02-09 22:40:33.613,0.0009762726840563118,0,0.0009468409814871847,0
2026-02-09 22:40:33.720,0.0009750662138685584,0,0.0009476106497459114,0
2026-02-09 22:40:33.826,0.0009674094035290182,0,0.0009464412345550954,0
2026-02-09 22:40:33.933,0.0009374869987368584,0,0.0009418373403605074,0
2026-02-09 22:40:34.040,0.0009227848495356739,0,0.0009309910295996815,0
2026-02-09 22:40:34.146,0.0009123477502726018,0,0.0009153827268164605,0
2026-02-09 22:40:34.253,0.00090404087677598,0,0.0008966138004325331,0
2026-02-09 22:40:34.360,0.0008911997429095209,0,0.0008760838187299669,0
2026-02-09 22:40:34.466,0.0008515663794241846,0,0.0008548641577363014,0
2026-02-09 22:40:34.573,0.000815652369055897,0,0.0008360718202311546,0
2026-02-09 22:40:34.680,0.0007885834202170372,0,0.0008181680459529161,0
2026-02-09 22:40:34.786,0.0007697663968428969,0,0.0008009196491912008,0
2026-02-09 22:40:34.893,0.0007552127935923636,0,0.0007843198254704475,0
2026-02-09 22:40:35.000,0.0007495636236853898,0,0.0007688698417041451,0
2026-02-09 22:40:35.106,0.0007437471067532897,0,0.0007578468765132129,0
2026-02-09 22:40:35.213,0.0007398637826554477,0,0.0007509933202527463,0
2026-02-09 22:40:35.320,0.0007380426395684481,0,0.0007473365985788405,0
2026-02-09 22:40:35.426,0.0007366999052464962,0,0.0007459026819560677,0
2026-02-09 22:40:35.533,0.000741336727514863,0,0.000746205192990601,0
2026-02-09 22:40:35.640,0.0007471168064512312,0,0.0007464910915587098,0
2026-02-09 22:40:35.746,0.0007520162034779787,0,0.0007466839510016143,0
2026-02-09 22:40:35.853,0.0007554272306151688,0,0.0007464403170160949,0
2026-02-09 22:40:35.960,0.0007582379039376974,0,0.0007455537910573184,0
2026-02-09 22:40:36.066,0.0007524226093664765,0,0.0007436975894961507,0
2026-02-09 22:40:36.173,0.0007456757011823356,0,0.000741109118098393,0
2026-02-09 22:40:36.280,0.0007374274428002536,0,0.0007377848960459232,0
2026-02-09 22:40:36.386,0.0007291773799806833,0,0.0007338817056734114,0
2026-02-09 22:40:36.493,0.0007181378896348178,0,0.0007295300369150936,0
2026-02-09 22:40:36.600,0.0007154520135372877,0,0.0007248725392855704,0
2026-02-09 22:40:36.706,0.0007138745859265327,0,0.0007219733903184533,0
2026-02-09 22:40:36.813,0.0007129842997528613,0,0.0007206959882751108,0
2026-02-09 22:40:36.920,0.0007119105430319905,0,0.000721315445844084,0
2026-02-09 22:40:37.026,0.0007116629276424646,0,0.0007238337479066103,0
2026-02-09 22:40:37.133,0.0007234311196953058,0,0.0007284784049261361,0
2026-02-09 22:40:37.240,0.0007329016807489097,0,0.0007331555825658143,0
2026-02-09 22:40:37.346,0.0007436220184899867,0,0.0007375286426395178,0
2026-02-09 22:40:37.453,0.0007543604006059468,0,0.0007416209788061679,0
2026-02-09 22:40:37.560,0.0007645844598300755,0,0.0007454552454873919,0
2026-02-09 22:40:37.666,0.0007622237899340689,0,0.0007490912452340126,0
2026-02-09 22:40:37.773,0.000757605186663568,0,0.0007519844803027809,0
2026-02-09 22:40:37.880,0.0007539076614193618,0,0.000754525326192379,0
2026-02-09 22:40:37.986,0.0007502532098442316,0,0.0007569148903712631,0
2026-02-09 22:40:38.093,0.0007480229251086712,0,0.0007597035553772002,0
2026-02-09 22:40:38.200,0.0007523634703829885,0,0.0007637517235707491,0
2026-02-09 22:40:38.306,0.000758310139644891,0,0.0007729067408945411,0
2026-02-09 22:40:38.413,0.000767517660278827,0,0.0007918709772638977,0
2026-02-09 22:40:38.520,0.000782247050665319,0,0.0008246068086009472,0
2026-02-09 22:40:38.626,0.0008050661417655647,0,0.0008719585894141346,0
2026-02-09 22:40:38.733,0.0008537739631719887,0,0.0009428823192138225,0
2026-02-09 22:40:38.840,0.0009472475503571332,0,0.0010389455885160715,0
2026-02-09 22:40:38.946,0.0010812659747898579,0,0.0011764970375224947,0
2026-02-09 22:40:39.053,0.0012237710179761052,0,0.0014185852080117912,0
2026-02-09 22:40:39.160,0.0014572602231055498,0,0.0019107440311927348,0
2026-02-09 22:40:39.266,0.001712996163405478,0,0.0030910097644664346,0
2026-02-09 22:40:39.373,0.0021338246297091246,0,0.006401155871571973,0
2026-02-09 22:40:39.480,0.00318839936517179,0,0.014430141868069768,0
2026-02-09 22:40:39.586,0.005703835282474756,0,0.03305106572806835,0
2026-02-09 22:40:39.693,0.012607723474502563,0,0.07371845672605559,0
2026-02-09 22:40:39.800,0.03395523503422737,0,0.13772569863358514,0
2026-02-09 22:40:39.906,0.08123710751533508,0,0.21943608904257417,0
2026-02-09 22:40:40.013,0.1872905045747757,0,0.3099428832763806,0
2026-02-09 22:40:40.120,0.4078976809978485,0,0.40231664502061903,0
2026-02-09 22:40:40.226,0.6415296792984009,1,0.4898614827543497,0
2026-02-09 22:40:40.333,0.8188169002532959,1,0.5591916654258966,1
2026-02-09 22:40:40.440,0.9072017669677734,1,0.5928589805960656,1
2026-02-09 22:40:40.546,0.9269260168075562,1,0.5973001286387444,1
2026-02-09 22:40:40.653,0.8811522126197815,1,0.58226801417768,1
2026-02-09 22:40:40.760,0.7059095501899719,1,0.5431135063990951,1
2026-02-09 22:40:40.866,0.37062838673591614,0,0.47958023082464935,0
2026-02-09 22:40:40.973,0.1256485879421234,0,0.3981119124684483,0
2026-02-09 22:40:41.080,0.03696935996413231,0,0.30769928111694755,0
2026-02-09 22:40:41.186,0.01635260321199894,0,0.21523245053831488,0
2026-02-09 22:40:41.293,0.006196923553943634,0,0.1272868468076922,0
2026-02-09 22:40:41.400,0.004133716691285372,0,0.056828309257980436,0
2026-02-09 22:40:41.506,0.0030754534527659416,0,0.01987330720294267,0
2026-02-09 22:40:41.613,0.0022577110212296247,0,0.0074051228759344665,0
2026-02-09 22:40:41.720,0.0016961753135547042,0,0.003799908794462681,0
2026-02-09 22:40:41.826,0.0013241746928542852,0,0.0022556794108822944,0
2026-02-09 22:40:41.933,0.0010783661855384707,0,0.0017262719746213406,0
2026-02-09 22:40:42.040,0.0009667446720413864,0,0.0013975779758766294,0
2026-02-09 22:40:42.146,0.0009172191494144499,0,0.001169601531000808,0
2026-02-09 22:40:42.253,0.0009103093761950731,0,0.0010203871235717088,0
2026-02-09 22:40:42.360,0.0009028491913340986,0,0.0009259619691874832,0
2026-02-09 22:40:42.466,0.000846776703838259,0,0.0008688917791005224,0
2026-02-09 22:40:42.573,0.0007956890040077269,0,0.0008367315109353513,0
2026-02-09 22:40:42.680,0.0007655669469386339,0,0.0008161741017829627,0
2026-02-09 22:40:42.786,0.0007519237697124481,0,0.0008010708435904235,0
2026-02-09 22:40:42.893,0.0007534727919846773,0,0.0007872173853684216,0
2026-02-09 22:40:43.000,0.0007567635038867593,0,0.0007757207669783384,0
2026-02-09 22:40:43.106,0.0007611705805175006,0,0.0007718547363765538,0
2026-02-09 22:40:43.213,0.0007661865674890578,0,0.0007756437291391194,0
2026-02-09 22:40:43.320,0.0007717747939750552,0,0.0007848924724385142,0
2026-02-09 22:40:43.426,0.0007878830074332654,0,0.0007980183174367995,0
2026-02-09 22:40:43.533,0.0008081163978204131,0,0.0008101832412648946,0
2026-02-09 22:40:43.640,0.000833578931633383,0,0.0008211166190449148,0
2026-02-09 22:40:43.746,0.0008580543799325824,0,0.0008308845397550612,0
2026-02-09 22:40:43.853,0.0008831822196952999,0,0.0008396158984396607,0
2026-02-09 22:40:43.960,0.0008751220302656293,0,0.0008464365848340095,0
2026-02-09 22:40:44.066,0.0008660972816869617,0,0.0008513397362548858,0
2026-02-09 22:40:44.173,0.0008588497876189649,0,0.0008539038593880832,0
2026-02-09 22:40:44.280,0.0008535001543350518,0,0.0008536626643035561,0
2026-02-09 22:40:44.386,0.0008399816579185426,0,0.0008505664125550538,0
2026-02-09 22:40:44.493,0.0008369145216420293,0,0.0008444886654615403,0
2026-02-09 22:40:44.600,0.0008337576291523874,0,0.0008395373821258545,0
2026-02-09 22:40:44.706,0.0008311669807881117,0,0.0008358723425772041,0
2026-02-09 22:40:44.813,0.0008270918624475598,0,0.000833117839647457,0
2026-02-09 22:40:44.920,0.0008224047487601638,0,0.0008308226417284459,0
2026-02-09 22:40:45.026,0.000825609196908772,0,0.0008298603061120957,0
2026-02-09 22:40:45.133,0.0008294468862004578,0,0.0008278987137600779,0
2026-02-09 22:40:45.240,0.0008313047583214939,0,0.0008246884914115072,0
2026-02-09 22:40:45.346,0.0008305481751449406,0,0.0008201635151635856,0
2026-02-09 22:40:45.453,0.0008303583017550409,0,0.0008149426896125079,0
2026-02-09 22:40:45.560,0.0008172985981218517,0,0.0008093454467598349,0
2026-02-09 22:40:45.666,0.0008016554056666791,0,0.0008035330043639988,0
2026-02-09 22:40:45.773,0.0007859172183088958,0,0.0007976134947966784,0
2026-02-09 22:40:45.880,0.0007748836069367826,0,0.0007919021183624864,0
2026-02-09 22:40:45.986,0.0007664323202334344,0,0.0007868788845371455,0
2026-02-09 22:40:46.093,0.0007674847729504108,0,0.0007827338587958366,0
2026-02-09 22:40:46.200,0.0007702517905272543,0,0.0007811239862348885,0
2026-02-09 22:40:46.306,0.0007741909939795732,0,0.0007824944739695638,0
2026-02-09 22:40:46.413,0.0007803158368915319,0,0.0007873478229157626,0
2026-02-09 22:40:46.520,0.0007889080443419516,0,0.0007953937689308077,0
2026-02-09 22:40:46.626,0.0008011998725123703,0,0.0008064498892053962,0
2026-02-09 22:40:46.733,0.0008153602830134332,0,0.0008174549264367669,0
2026-02-09 22:40:46.840,0.000834450707770884,0,0.000828048586845398,0
2026-02-09 22:40:46.946,0.0008553430670872331,0,0.0008377262449357659,0
2026-02-09 22:40:47.053,0.0008769935229793191,0,0.000846464146161452,0
2026-02-09 22:40:47.160,0.0008775351452641189,0,0.0008537655929103493,0
2026-02-09 22:40:47.266,0.000876188394613564,0,0.0008594658051151782,0
2026-02-09 22:40:47.373,0.0008709675748832524,0,0.0008627454924862831,0
2026-02-09 22:40:47.480,0.0008676948491483927,0,0.0008624343026895076,0
2026-02-09 22:40:47.586,0.0008619225118309259,0,0.0008582658076193184,0
2026-02-09 22:40:47.693,0.0008582019945606589,0,0.0008507561753503979,0
2026-02-09 22:40:47.800,0.0008481571567244828,0,0.0008423939172644169,0
2026-02-09 22:40:47.906,0.0008313388098031282,0,0.0008334170677699148,0
2026-02-09 22:40:48.013,0.0008136581163853407,0,0.0008242416952271014,0
2026-02-09 22:40:48.120,0.0008018972002901137,0,0.0008147303829900921,0
2026-02-09 22:40:48.226,0.0007939125644043088,0,0.0008051983022596687,0
2026-02-09 22:40:48.333,0.0007864198996685445,0,0.0007949762104544789,0
2026-02-09 22:40:48.440,0.0007792138494551182,0,0.0007846917666029185,0
2026-02-09 22:40:48.546,0.0007725817267782986,0,0.0007747225114144385,0
2026-02-09 22:40:48.653,0.0007666017045266926,0,0.000765267014503479,0
2026-02-09 22:40:48.760,0.0007559810765087605,0,0.0007557388278655707,0
2026-02-09 22:40:48.866,0.0007453127182088792,0,0.0007466602022759616,0
2026-02-09 22:40:48.973,0.000731646257918328,0,0.0007383116870187223,0
2026-02-09 22:40:49.080,0.0007191031472757459,0,0.0007309246808290482,0
2026-02-09 22:40:49.186,0.0007066153339110315,0,0.0007246741035487503,0
2026-02-09 22:40:49.293,0.0007031263085082173,0,0.0007195291458629071,0
2026-02-09 22:40:49.400,0.0007029347470961511,0,0.0007172623591031879,0
2026-02-09 22:40:49.506,0.0007053437875583768,0,0.0007179787324275821,0
2026-02-09 22:40:49.613,0.0007100759539753199,0,0.0007220089086331427,0
2026-02-09 22:40:49.720,0.0007151521276682615,0,0.000729792466154322,0
2026-02-09 22:40:49.826,0.0007333132089115679,0,0.0007421715534292161,0
2026-02-09 22:40:49.933,0.0007524764514528215,0,0.0007590526307467371,0
2026-02-09 22:40:50.040,0.0007719480199739337,0,0.0007847388333175331,0
2026-02-09 22:40:50.146,0.000796938722487539,0,0.0008270464662928134,0
2026-02-09 22:40:50.253,0.0008304062066599727,0,0.0008947882393840701,0
2026-02-09 22:40:50.360,0.0008719370816834271,0,0.0009928393817972391,0
2026-02-09 22:40:50.466,0.0009597967728041112,0,0.0011256012017838656,0
2026-02-09 22:40:50.573,0.0011284201173111796,0,0.0012666301976423711,0
2026-02-09 22:40:50.680,0.001387493684887886,0,0.0014136620156932622,0
2026-02-09 22:40:50.786,0.001695663551799953,0,0.0015675386297516526,0
2026-02-09 22:40:50.893,0.002060931408777833,0,0.0017372473841533065,0
2026-02-09 22:40:51.000,0.002162766410037875,0,0.0019351122609805316,0
2026-02-09 22:40:51.106,0.0022422662004828453,0,0.0021494907792657613,0
2026-02-09 22:40:51.213,0.0023357048630714417,0,0.002350387128535658,0
2026-02-09 22:40:51.320,0.0025274937506765127,0,0.002490427216980606,0
2026-02-09 22:40:51.426,0.002850585849955678,0,0.0025744269602000712,0
2026-02-09 22:40:51.533,0.0031035819556564093,0,0.0025890485383570196,0
2026-02-09 22:40:51.640,0.003137383610010147,0,0.002580583281815052,0
2026-02-09 22:40:51.746,0.002787894569337368,0,0.0025577929569408297,0
2026-02-09 22:40:51.853,0.002535660983994603,0,0.002518212387803942,0
2026-02-09 22:40:51.960,0.002207147190347314,0,0.002443139115348458,0
2026-02-09 22:40:52.066,0.0020781138446182013,0,0.0023170324508100747,0
2026-02-09 22:40:52.173,0.0020143629517406225,0,0.00213251153472811,0
2026-02-09 22:40:52.280,0.0019398991717025638,0,0.0019252095953561366,0
2026-02-09 22:40:52.386,0.001776761026121676,0,0.0017427878163289278,0
2026-02-09 22:40:52.493,0.0015895192045718431,0,0.0015797721047420056,0
2026-02-09 22:40:52.600,0.0012583727948367596,0,0.0014461045037023723,0
2026-02-09 22:40:52.706,0.0010643642162904143,0,0.0013232123805209995,0
2026-02-09 22:40:52.813,0.0009636767790652812,0,0.0012046083458699286,0
2026-02-09 22:40:52.920,0.0009055038681253791,0,0.0010913687176071108,0
2026-02-09 22:40:53.026,0.0008704711799509823,0,0.0009934886591508984,0
2026-02-09 22:40:53.133,0.0008491926128044724,0,0.0009124352887738496,0
2026-02-09 22:40:53.240,0.0008283226052299142,0,0.0008630327763967216,0
2026-02-09 22:40:53.346,0.0008075028890743852,0,0.0008317522704601287,0
2026-02-09 22:40:53.453,0.0007979604415595531,0,0.0008095223573036491,0
2026-02-09 22:40:53.560,0.0007789855008013546,0,0.0007925856683868915,0
2026-02-09 22:40:53.666,0.0007643476710654795,0,0.000778801942942664,0
2026-02-09 22:40:53.773,0.0007515591569244862,0,0.0007669706479646266,0
2026-02-09 22:40:53.880,0.0007413776475004852,0,0.0007572352071292699,0
2026-02-09 22:40:53.986,0.0007361369789578021,0,0.0007498598541133105,0
2026-02-09 22:40:54.093,0.0007326339255087078,0,0.0007438955071847886,0
2026-02-09 22:40:54.200,0.0007308796630240977,0,0.000741808395832777,0
2026-02-09 22:40:54.306,0.0007309681968763471,0,0.0007436734449584037,0
2026-02-09 22:40:54.413,0.0007337493589147925,0,0.0007502127438783646,0
2026-02-09 22:40:54.520,0.0007383169722743332,0,0.0007620005228091032,0
2026-02-09 22:40:54.626,0.000758114387281239,0,0.0007780687941703945,0
2026-02-09 22:40:54.733,0.0007829981623217463,0,0.0007996694301255047,0
2026-02-09 22:40:54.840,0.0008169521461240947,0,0.0008288254437502473,0
2026-02-09 22:40:54.946,0.0008592554368078709,0,0.0008695281401742249,0
2026-02-09 22:40:55.053,0.0008968196925707161,0,0.0009237193444278091,0
2026-02-09 22:40:55.160,0.0009486402850598097,0,0.000986376858782023,0
2026-02-09 22:40:55.266,0.001022439799271524,0,0.0010562093812040985,0
2026-02-09 22:40:55.373,0.0011379951611161232,0,0.0011333071277476847,0
2026-02-09 22:40:55.480,0.001275661401450634,0,0.001209426176501438,0
2026-02-09 22:40:55.586,0.001364892115816474,0,0.0012779463490005583,0
2026-02-09 22:40:55.693,0.0014564396115019917,0,0.0013324680738151073,0
2026-02-09 22:40:55.800,0.0015539756277576089,0,0.0013731115497648716,0
2026-02-09 22:40:55.906,0.0015781426336616278,0,0.0013989415718242526,0
2026-02-09 22:40:56.013,0.0015444571617990732,0,0.0014070295263081789,0
2026-02-09 22:40:56.120,0.001442036940716207,0,0.001393968192860484,0
2026-02-09 22:40:56.226,0.0013550750445574522,0,0.0013660007156431676,0
2026-02-09 22:40:56.333,0.001280740019865334,0,0.0013210581382736564,0
2026-02-09 22:40:56.440,0.0012188747059553862,0,0.001259523321641609,0
2026-02-09 22:40:56.546,0.0011450480669736862,0,0.0011893470131326468,0
2026-02-09 22:40:56.653,0.0010852173436433077,0,0.0011182751564774661,0
2026-02-09 22:40:56.760,0.0010070138378068805,0,0.0010549612634349614,0
2026-02-09 22:40:56.866,0.0009386274614371359,0,0.000998387043364346,0
2026-02-09 22:40:56.973,0.0008763795485720038,0,0.000947663956321776,0
2026-02-09 22:40:57.080,0.0008337385952472687,0,0.0009022117650602013,0
2026-02-09 22:40:57.186,0.0008088980102911592,0,0.000863949314225465,0
2026-02-09 22:40:57.293,0.0007893328438512981,0,0.0008329742238856852,0
2026-02-09 22:40:57.400,0.0007735091494396329,0,0.0008114816795568913,0
2026-02-09 22:40:57.506,0.0007643527933396399,0,0.0007982983079273254,0
2026-02-09 22:40:57.613,0.0007624235586263239,0,0.0007928684703074395,0
2026-02-09 22:40:57.720,0.0007754664402455091,0,0.000792832364095375,0
2026-02-09 22:40:57.826,0.0007920883945189416,0,0.0007945137040223926,0
2026-02-09 22:40:57.933,0.0008067937451414764,0,0.0007974600361194461,0
2026-02-09 22:40:58.040,0.0008220811723731458,0,0.0008020525798201561,0
2026-02-09 22:40:58.146,0.0008333775331266224,0,0.0008081121544819325,0
2026-02-09 22:40:58.253,0.000825711409561336,0,0.0008155811112374068,0
2026-02-09 22:40:58.360,0.0008187961648218334,0,0.0008232990105170757,0
2026-02-09 22:40:58.466,0.0008194345864467323,0,0.0008309139520861208,0
2026-02-09 22:40:58.573,0.0008249485399574041,0,0.0008387875510379672,0
2026-02-09 22:40:58.680,0.000837113126181066,0,0.0008478237665258348,0
2026-02-09 22:40:58.786,0.0008526454330421984,0,0.0008586272946558893,0
2026-02-09 22:40:58.893,0.0008682378102093935,0,0.0008775484981015325,0
2026-02-09 22:40:59.000,0.00088552973465994,0,0.0009062803757842631,0
2026-02-09 22:40:59.106,0.0009124433272518218,0,0.000940855941735208,0
2026-02-09 22:40:59.213,0.0009414128144271672,0,0.0009795853518880903,0
2026-02-09 22:40:59.320,0.001014923444017768,0,0.0010253918007947505,0
2026-02-09 22:40:59.426,0.001106114941649139,0,0.0010713920171838253,0
2026-02-09 22:40:59.533,0.0011651902459561825,0,0.0011125838209409267,0
2026-02-09 22:40:59.640,0.0012122426414862275,0,0.0011488966061733662,0
2026-02-09 22:40:59.746,0.0012951776152476668,0,0.001181542087579146,0
2026-02-09 22:40:59.853,0.0013126475969329476,0,0.001216124789789319,0
2026-02-09 22:40:59.960,0.0012801558477804065,0,0.001252739131450653,0
2026-02-09 22:41:00.066,0.0012486575869843364,0,0.0012878581532277168,0
2026-02-09 22:41:00.173,0.001238898141309619,0,0.0013128792750649154,0
2026-02-09 22:41:00.280,0.0012872398365288973,0,0.0013266824651509523,0
2026-02-09 22:41:00.386,0.0013810668606311083,0,0.0013197332504205407,0
2026-02-09 22:41:00.493,0.001457305159419775,0,0.0013033941038884222,0
2026-02-09 22:41:00.600,0.0014154014643281698,0,0.0012862038100138306,0
2026-02-09 22:41:00.706,0.0013502745423465967,0,0.0012700211722403766,0
2026-02-09 22:41:00.813,0.0012256854679435492,0,0.0012522741802968086,0
2026-02-09 22:41:00.920,0.0011492561316117644,0,0.001227963319979608,0
2026-02-09 22:41:01.026,0.0011082529090344906,0,0.001189870957750827,0
2026-02-09 22:41:01.133,0.0010868312092497945,0,0.0011418767739087344,0
2026-02-09 22:41:01.240,0.001061428221873939,0,0.0010981994681060314,0
2026-02-09 22:41:01.346,0.001044131233356893,0,0.0010617293533869087,0
2026-02-09 22:41:01.453,0.0010001432383432984,0,0.0010357447725255042,0
2026-02-09 22:41:01.560,0.0009773633209988475,0,0.0010174857976380735,0
2026-02-09 22:41:01.666,0.0009786284063011408,0,0.0010043699585366994,0
2026-02-09 22:41:01.773,0.0009855733951553702,0,0.000995250343112275,0
2026-02-09 22:41:01.880,0.0009658396593295038,0,0.0009920306329149753,0
2026-02-09 22:41:01.986,0.0009666663827374578,0,0.0009950318199116737,0
2026-02-09 22:41:02.093,0.000977094518020749,0,0.001007090456550941,0
2026-02-09 22:41:02.200,0.0009956350550055504,0,0.001026068936334923,0
2026-02-09 22:41:02.306,0.0010292311199009418,0,0.0010512242384720593,0
2026-02-09 22:41:02.413,0.0010741431033238769,0,0.0010800528049003332,0
2026-02-09 22:41:02.520,0.0011207296047359705,0,0.001117003127001226,0
2026-02-09 22:41:02.626,0.0011671481188386679,0,0.001149873191025108,0
2026-02-09 22:41:02.733,0.0012301814276725054,0,0.0011789122130721808,0
2026-02-09 22:41:02.840,0.0012738590594381094,0,0.001202636759262532,0
2026-02-09 22:41:02.946,0.0013353428803384304,0,0.0012251291307620704,0
2026-02-09 22:41:03.053,0.0012953670229762793,0,0.0012428235611878335,0
2026-02-09 22:41:03.160,0.0012674847384914756,0,0.0012534984736703337,0
2026-02-09 22:41:03.266,0.0012328805169090629,0,0.0012545751524157822,0
2026-02-09 22:41:03.373,0.001254154834896326,0,0.0012437547440640629,0
2026-02-09 22:41:03.480,0.0012510874075815082,0,0.0012246623286046089,0
2026-02-09 22:41:03.586,0.0012274787295609713,0,0.0011973796761594712,0
2026-02-09 22:41:03.693,0.0011779149062931538,0,0.0011742546688765288,0
2026-02-09 22:41:03.800,0.0011219773441553116,0,0.0011559442267753185,0
2026-02-09 22:41:03.906,0.0010829349048435688,0,0.0011422973824664951,0
2026-02-09 22:41:04.013,0.0010625163558870554,0,0.0011182030430063605,0
2026-02-09 22:41:04.120,0.001064116950146854,0,0.0010873962834011762,0
2026-02-09 22:41:04.226,0.001084380317479372,0,0.001053568720817566,0
2026-02-09 22:41:04.333,0.0010964120738208294,0,0.0010211840737611056,0
2026-02-09 22:41:04.440,0.001013211440294981,0,0.0009918855153955518,0
2026-02-09 22:41:04.546,0.0009430198115296662,0,0.0009648753795772791,0
2026-02-09 22:41:04.653,0.0008892031037248671,0,0.0009391422907356172,0
2026-02-09 22:41:04.760,0.00085406843572855,0,0.0009135632601100952,0
2026-02-09 22:41:04.866,0.0008289917604997754,0,0.0008865765994414687,0
2026-02-09 22:41:04.973,0.0008128335466608405,0,0.0008592097787186503,0
2026-02-09 22:41:05.080,0.0008051854674704373,0,0.0008407510933466256,0
2026-02-09 22:41:05.186,0.0008083266438916326,0,0.0008297865919303149,0
2026-02-09 22:41:05.293,0.0008145137107931077,0,0.0008244593045674264,0
2026-02-09 22:41:05.400,0.0008227438665926456,0,0.0008227968006394804,0
2026-02-09 22:41:05.506,0.0008286245865747333,0,0.0008241599309258163,0
2026-02-09 22:41:05.613,0.0008333747973665595,0,0.0008277570188511163,0
2026-02-09 22:41:05.720,0.0008359302300959826,0,0.000831432396080345,0
2026-02-09 22:41:05.826,0.000837443396449089,0,0.0008334576152265072,0
2026-02-09 22:41:05.933,0.0008426230633631349,0,0.0008331926888786257,0
2026-02-09 22:41:06.040,0.0008488044259138405,0,0.0008303886512294412,0
2026-02-09 22:41:06.146,0.0008419392397627234,0,0.0008260360977146774,0
2026-02-09 22:41:06.253,0.0008285788353532553,0,0.0008205376972910017,0
2026-02-09 22:41:06.360,0.0008118644473142922,0,0.0008146379957906901,0
2026-02-09 22:41:06.466,0.000794703490100801,0,0.0008088087721262127,0
2026-02-09 22:41:06.573,0.0007850990514270961,0,0.0008028213633224368,0
2026-02-09 22:41:06.680,0.0007783907931298018,0,0.0007968128600623458,0
2026-02-09 22:41:06.786,0.0007769332150928676,0,0.0007930746651254594,0
2026-02-09 22:41:06.893,0.0007791511598043144,0,0.0007909531414043158,0
2026-02-09 22:41:07.000,0.0007827489753253758,0,0.0007906704093329608,0
2026-02-09 22:41:07.106,0.0007887193933129311,0,0.000792344706133008,0
2026-02-09 22:41:07.213,0.0008045572903938591,0,0.0007950791739858686,0
2026-02-09 22:41:07.320,0.0008073635981418192,0,0.0007979146263096482,0
2026-02-09 22:41:07.426,0.0008090371266007423,0,0.0008004994015209377,0
2026-02-09 22:41:07.533,0.0008114464581012726,0,0.0008023998758289963,0
2026-02-09 22:41:07.640,0.000812443729955703,0,0.0008029204793274403,0
2026-02-09 22:41:07.746,0.0008067453163675964,0,0.0008014773309696465,0
2026-02-09 22:41:07.853,0.0008027809672057629,0,0.0007978226174600422,0
2026-02-09 22:41:07.960,0.0007981559028849006,0,0.0007933771645184607,0
2026-02-09 22:41:08.066,0.0007879550103098154,0,0.0007884713588282466,0
2026-02-09 22:41:08.173,0.0007742879097349942,0,0.0007831657072529197,0
2026-02-09 22:41:08.280,0.0007680101552978158,0,0.0007777317543514073,0
2026-02-09 22:41:08.386,0.0007629090687260032,0,0.000773316650884226,0
2026-02-09 22:41:08.493,0.000759979069698602,0,0.0007699198904447258,0
2026-02-09 22:41:08.600,0.0007583899423480034,0,0.0007679034140892326,0
2026-02-09 22:41:08.706,0.0007581042009405792,0,0.0007679004513192922,0
2026-02-09 22:41:08.813,0.0007625942816957831,0,0.0007702443283051253,0
2026-02-09 22:41:08.920,0.0007688133628107607,0,0.0007736616476904601,0
2026-02-09 22:41:09.026,0.0007779911393299699,0,0.0007788408198393882,0
2026-02-09 22:41:09.133,0.0007879253826104105,0,0.0007855714007746428,0
2026-02-09 22:41:09.240,0.0007977266795933247,0,0.000793583458289504,0
2026-02-09 22:41:09.346,0.0008021833491511643,0,0.0008031065925024449,0
2026-02-09 22:41:09.453,0.0008147007902152836,0,0.0008143673709128052,0
2026-02-09 22:41:09.560,0.0008272848790511489,0,0.0008274273714050651,0
2026-02-09 22:41:09.666,0.0008385105174966156,0,0.0008428846660535783,0
2026-02-09 22:41:09.773,0.0008533355430699885,0,0.0008595097344368697,0
2026-02-09 22:41:09.880,0.0008752020657993853,0,0.0008769229694735259,0
2026-02-09 22:41:09.986,0.0008994133677333593,0,0.0008951316354796291,0
2026-02-09 22:41:10.093,0.0009325640858151019,0,0.0009129928715992719,0
2026-02-09 22:41:10.200,0.0009541760664433241,0,0.0009303591621574014,0
2026-02-09 22:41:10.306,0.0009718590299598873,0,0.0009476702776737511,0
2026-02-09 22:41:10.413,0.0009842700092121959,0,0.0009642929828260094,0
2026-02-09 22:41:10.520,0.0009933131514117122,0,0.000979252764955163,0
2026-02-09 22:41:10.626,0.0010009477846324444,0,0.0009923645993694663,0
2026-02-09 22:41:10.733,0.0010116216726601124,0,0.0010003396368119867,0
2026-02-09 22:41:10.840,0.0010195625945925713,0,0.001003776438301429,0
2026-02-09 22:41:10.946,0.0010247998870909214,0,0.0010030286153778433,0
2026-02-09 22:41:11.053,0.0010305317118763924,0,0.0009984887787140907,0
2026-02-09 22:41:11.160,0.0010123144602403045,0,0.0009904813312459737,0
2026-02-09 22:41:11.266,0.00098854408133775,0,0.000979436544002965,0
2026-02-09 22:41:11.373,0.0009643808007240295,0,0.0009654864901676774,0
2026-02-09 22:41:11.480,0.0009388716425746679,0,0.000949119235156104,0
2026-02-09 22:41:11.586,0.0009132386767305434,0,0.000931443925946951,0
2026-02-09 22:41:11.693,0.0008904999122023582,0,0.0009127953788265585,0
2026-02-09 22:41:11.800,0.0008721211343072355,0,0.0008958277583587914,0
2026-02-09 22:41:11.906,0.0008558900444768369,0,0.0008815544482786208,0
2026-02-09 22:41:12.013,0.0008480467949993908,0,0.0008698839286807924,0
2026-02-09 22:41:12.120,0.0008440462406724691,0,0.0008601557172369211,0
2026-02-09 22:41:12.226,0.0008426382555626333,0,0.0008521152718458325,0
2026-02-09 22:41:12.333,0.0008458109805360436,0,0.0008452932233922184,0
2026-02-09 22:41:12.440,0.0008476756047457457,0,0.0008392933174036443,0
2026-02-09 22:41:12.546,0.0008415895281359553,0,0.0008342610788531601,0
2026-02-09 22:41:12.653,0.0008328342228196561,0,0.0008294871367979795,0
2026-02-09 22:41:12.760,0.0008222794276662171,0,0.000824748637387529,0
2026-02-09 22:41:12.866,0.0008121220744214952,0,0.0008200245618354529,0
2026-02-09 22:41:12.973,0.0008055676589719951,0,0.0008151562884449959,0
2026-02-09 22:41:13.080,0.0008003073744475842,0,0.0008105069166049362,0
2026-02-09 22:41:13.186,0.0007966612465679646,0,0.0008080255938693881,0
2026-02-09 22:41:13.293,0.0007953975000418723,0,0.0008076015452388674,0
2026-02-09 22:41:13.400,0.0007971282466314733,0,0.0008099128841422498,0
2026-02-09 22:41:13.506,0.0008011818863451481,0,0.0008152233960572631,0
2026-02-09 22:41:13.613,0.0008167763007804751,0,0.0008240388648118824,0
2026-02-09 22:41:13.720,0.0008285937365144491,0,0.0008334995713084936,0
2026-02-09 22:41:13.826,0.0008453928167000413,0,0.0008439507277216762,0
2026-02-09 22:41:13.933,0.0008652271935716271,0,0.0008552442770451308,0
2026-02-09 22:41:14.040,0.0008937223465181887,0,0.0008667522226460278,0
2026-02-09 22:41:14.146,0.0008949144394136965,0,0.0008786892576608807,0
2026-02-09 22:41:14.253,0.0009011728106997907,0,0.0008918686071410775,0
2026-02-09 22:41:14.360,0.0009083329932764173,0,0.0009094699169509112,0
2026-02-09 22:41:14.466,0.000912207702640444,0,0.0009361509582959116,0
2026-02-09 22:41:14.573,0.0009205522364936769,0,0.0009849122143350542,0
2026-02-09 22:41:14.680,0.0009485697955824435,0,0.001106639305362478,0
2026-02-09 22:41:14.786,0.0010046068346127868,0,0.0023123101331293584,0
2026-02-09 22:41:14.893,0.001112203230150044,0,0.006525305478135124,0
2026-02-09 22:41:15.000,0.0013528397539630532,0,0.016244927322259173,0
2026-02-09 22:41:15.106,0.002110993256792426,0,0.035814763547386975,0
2026-02-09 22:41:15.213,0.0129516227170825,0,0.06433411202742718,0
2026-02-09 22:41:15.320,0.043031126260757446,0,0.10663930223090574,0
2026-02-09 22:41:15.426,0.0981045514345169,0,0.16028845054097474,0
2026-02-09 22:41:15.533,0.19661056995391846,0,0.21067614493658765,0
2026-02-09 22:41:15.640,0.28611403703689575,0,0.25722407109569756,0
2026-02-09 22:41:15.746,0.42400047183036804,0,0.3023404742591083,0
2026-02-09 22:41:15.853,0.5374960899353027,1,0.342567078769207,0
2026-02-09 22:41:15.960,0.5049891471862793,1,0.3770361766219139,0
2026-02-09 22:41:16.066,0.46683210134506226,0,0.40370399951934816,0
2026-02-09 22:41:16.173,0.45327502489089966,0,0.41646102368831633,0
2026-02-09 22:41:16.280,0.41521766781806946,0,0.4165984958410263,0
2026-02-09 22:41:16.386,0.38772210478782654,0,0.39584537595510483,0
2026-02-09 22:41:16.493,0.36478278040885925,0,0.35499137043952944,0
2026-02-09 22:41:16.600,0.32418081164360046,0,0.31190995052456855,0
2026-02-09 22:41:16.706,0.28748875856399536,0,0.2698113203048706,0
2026-02-09 22:41:16.813,0.21646927297115326,0,0.2262602586299181,0
2026-02-09 22:41:16.920,0.12895603477954865,0,0.1856932884082198,0
2026-02-09 22:41:17.026,0.07417494803667068,0,0.1473762837704271,0
2026-02-09 22:41:17.133,0.04584579914808273,0,0.11115168526303024,0
2026-02-09 22:41:17.240,0.017764408141374588,0,0.07885574619285762,0
2026-02-09 22:41:17.346,0.009547965601086617,0,0.05019235701765865,0
2026-02-09 22:41:17.453,0.004552058409899473,0,0.028625971707515418,0
2026-02-09 22:41:17.560,0.002536795334890485,0,0.015808126685442403,0
2026-02-09 22:41:17.666,0.0012214209418743849,0,0.008466957102064044,0
2026-02-09 22:41:17.773,0.0008548668120056391,0,0.003957802732475102,0
2026-02-09 22:41:17.880,0.0008054198697209358,0,0.002256824844516814,0
2026-02-09 22:41:17.986,0.0007775845588184893,0,0.0013778574939351529,0
2026-02-09 22:41:18.093,0.0007632522028870881,0,0.0009990628983359783,0
2026-02-09 22:41:18.200,0.0007542554521933198,0,0.0008225580968428403,0
2026-02-09 22:41:18.306,0.0007546292617917061,0,0.0007783394714351744,0
2026-02-09 22:41:18.413,0.0007582920952700078,0,0.0007709772617090493,0
2026-02-09 22:41:18.520,0.0007641124539077282,0,0.0007673825719393789,0
2026-02-09 22:41:18.626,0.0007717473199591041,0,0.0007656238332856447,0
2026-02-09 22:41:18.733,0.0007792346877977252,0,0.0007644011173397302,0
2026-02-09 22:41:18.840,0.0007812447147443891,0,0.0007631935703102499,0
2026-02-09 22:41:18.946,0.0007694729720242321,0,0.0007615391339641064,0
2026-02-09 22:41:19.053,0.000759997172281146,0,0.0007591872359625995,0
2026-02-09 22:41:19.160,0.0007510250434279442,0,0.0007560226600617171,0
2026-02-09 22:41:19.266,0.0007421799818985164,0,0.0007519808423239738,0
2026-02-09 22:41:19.373,0.0007380848983302712,0,0.0007471617893315852,0
2026-02-09 22:41:19.480,0.0007347731152549386,0,0.0007424766896292567,0
2026-02-09 22:41:19.586,0.0007324666948989034,0,0.0007393149193376303,0
2026-02-09 22:41:19.693,0.0007313291425816715,0,0.0007374442415311932,0
2026-02-09 22:41:19.800,0.0007310441578738391,0,0.000736774451797828,0
2026-02-09 22:41:19.906,0.0007343937177211046,0,0.0007371915620751679,0
2026-02-09 22:41:20.013,0.0007378552691079676,0,0.0007376318390015513,0
2026-02-09 22:41:20.120,0.0007412903942167759,0,0.0007379159389529378,0
2026-02-09 22:41:20.226,0.0007443271460942924,0,0.0007378241687547415,0
2026-02-09 22:41:20.333,0.0007463510846719146,0,0.0007371611136477441,0
2026-02-09 22:41:20.440,0.000742487667594105,0,0.0007359158131293953,0
2026-02-09 22:41:20.546,0.0007376141147688031,0,0.0007342383090872317,0
2026-02-09 22:41:20.653,0.0007315489929169416,0,0.0007322986784856766,0
2026-02-09 22:41:20.760,0.0007246985915116966,0,0.0007301018631551415,0
2026-02-09 22:41:20.866,0.000718591152690351,0,0.0007276605523657053,0
2026-02-09 22:41:20.973,0.0007176186772994697,0,0.0007252159412018955,0
2026-02-09 22:41:21.080,0.0007184589630924165,0,0.0007240378763526678,0
2026-02-09 22:41:21.186,0.0007193222409114242,0,0.0007241875689942389,0
2026-02-09 22:41:21.293,0.0007199140381999314,0,0.0007257112534716726,0
2026-02-09 22:41:21.400,0.0007219049730338156,0,0.0007286061532795429,0
2026-02-09 22:41:21.506,0.0007307070191018283,0,0.0007327344443183393,0
2026-02-09 22:41:21.613,0.0007391110411845148,0,0.0007364983146544545,0
2026-02-09 22:41:21.720,0.0007467858376912773,0,0.000739648361923173,0
2026-02-09 22:41:21.826,0.0007536475895904005,0,0.0007421571877785027,0
2026-02-09 22:41:21.933,0.0007598740630783141,0,0.000744241604115814,0
2026-02-09 22:41:22.040,0.0007552573806606233,0,0.0007458507374394685,0
2026-02-09 22:41:22.146,0.0007499594357796013,0,0.000746584654552862,0
2026-02-09 22:41:22.253,0.0007444104994647205,0,0.0007465929083991796,0
2026-02-09 22:41:22.360,0.0007407582015730441,0,0.0007459765358362347,0
2026-02-09 22:41:22.466,0.000737996306270361,0,0.0007449386292137205,0
2026-02-09 22:41:22.573,0.0007380461902357638,0,0.0007435508479829878,0
2026-02-09 22:41:22.680,0.0007391935796476901,0,0.0007434444036334753,0
2026-02-09 22:41:22.786,0.0007406221120618284,0,0.0007450807373970747,0
2026-02-09 22:41:22.893,0.0007432685233652592,0,0.0007489303941838443,0
2026-02-09 22:41:23.000,0.0007459962507709861,0,0.0007548077555838972,0
2026-02-09 22:41:23.106,0.0007541929371654987,0,0.0007647373422514647,0
2026-02-09 22:41:23.213,0.0007663227734155953,0,0.0007759401923976839,0
2026-02-09 22:41:23.320,0.0007829070673324168,0,0.0007893920526839792,0
2026-02-09 22:41:23.426,0.0007995318155735731,0,0.0008023015514481812,0
2026-02-09 22:41:23.533,0.0008372921729460359,0,0.0008154033101163804,0
2026-02-09 22:41:23.640,0.0008500746916979551,0,0.0008292821003124118,0
2026-02-09 22:41:23.746,0.0008737121825106442,0,0.0008445415820460767,0
2026-02-09 22:41:23.853,0.0008697170997038484,0,0.0008627567032817752,0
2026-02-09 22:41:23.960,0.000874286110047251,0,0.0008870859863236546,0
2026-02-09 22:41:24.066,0.0008847841527312994,0,0.0009305212995968759,0
2026-02-09 22:41:24.173,0.0009067877545021474,0,0.0010167923639528454,0
2026-02-09 22:41:24.280,0.0009484739857725799,0,0.0011952666216529905,0
2026-02-09 22:41:24.386,0.0010261998977512121,0,0.0014482008351478725,0
2026-02-09 22:41:24.493,0.0012338849483057857,0,0.0018926283286418767,0
2026-02-09 22:41:24.600,0.0017000028165057302,0,0.002857123163994402,0
2026-02-09 22:41:24.706,0.0026348172686994076,0,0.005938061757478863,0
2026-02-09 22:41:24.813,0.003403054317459464,0,0.013778075267327949,0
2026-02-09 22:41:24.920,0.0053139920346438885,0,0.028744521411135794,0
2026-02-09 22:41:25.026,0.010519234463572502,0,0.049922714638523755,0
2026-02-09 22:41:25.133,0.03169417008757591,0,0.07397942253155634,0
2026-02-09 22:41:25.240,0.07930692285299301,0,0.08633408218156546,0
2026-02-09 22:41:25.346,0.150612935423851,0,0.0952537226723507,0
2026-02-09 22:41:25.453,0.21280813217163086,0,0.09787341463379562,0
2026-02-09 22:41:25.560,0.2418009638786316,0,0.09956863094121218,0
2026-02-09 22:41:25.666,0.12524659931659698,0,0.10035768635571003,0
2026-02-09 22:41:25.773,0.09183122217655182,0,0.0986182407476008,0
2026-02-09 22:41:25.880,0.029599973931908607,0,0.09164154725149273,0
2026-02-09 22:41:25.986,0.02226615510880947,0,0.07721107956022025,0
2026-02-09 22:41:26.093,0.018409788608551025,0,0.05632658028043806,0
2026-02-09 22:41:26.200,0.014299714006483555,0,0.03239200906828046,0
2026-02-09 22:41:26.306,0.00953998789191246,0,0.020035339309833942,0
2026-02-09 22:41:26.413,0.006308258511126041,0,0.010985616210382432,0
2026-02-09 22:41:26.520,0.003963139373809099,0,0.008139093627687544,0
2026-02-09 22:41:26.626,0.002455251757055521,0,0.006013291329145432,0
2026-02-09 22:41:26.733,0.0016799017321318388,0,0.00426257309736684,0
2026-02-09 22:41:26.840,0.0013339911820366979,0,0.0029108260350767523,0
2026-02-09 22:41:26.946,0.0011347481049597263,0,0.0020332547312136738,0
2026-02-09 22:41:27.053,0.00100813212338835,0,0.0014784998958930374,0
2026-02-09 22:41:27.160,0.0009026062907651067,0,0.0011588156747166067,0
2026-02-09 22:41:27.266,0.0007822433835826814,0,0.000991319550666958,0
2026-02-09 22:41:27.373,0.0007642748532816768,0,0.0009029371489305049,0
2026-02-09 22:41:27.480,0.0007607101579196751,0,0.0008511005435138941,0
2026-02-09 22:41:27.586,0.0007662971620447934,0,0.0008218328177463264,0
2026-02-09 22:41:27.693,0.0007802905165590346,0,0.0008086454879958182,0
2026-02-09 22:41:27.800,0.000796077714767307,0,0.0008101597835775465,0
2026-02-09 22:41:27.906,0.0008156251278705895,0,0.000827565329382196,0
2026-02-09 22:41:28.013,0.0008420708472840488,0,0.0008453339512925595,0
2026-02-09 22:41:28.120,0.0008762588258832693,0,0.000862008857075125,0
2026-02-09 22:41:28.226,0.0009177492465823889,0,0.000876798463286832,0
2026-02-09 22:41:28.333,0.0009562988416291773,0,0.0008881287416443229,0
2026-02-09 22:41:28.440,0.0009419610723853111,0,0.000896538351662457,0
2026-02-09 22:41:28.546,0.0009274592157453299,0,0.0009025675477460027,0
2026-02-09 22:41:28.653,0.0009141932241618633,0,0.0009065290912985801,0
2026-02-09 22:41:28.760,0.0008935933001339436,0,0.0009081995638553053,0
2026-02-09 22:41:28.866,0.0008801738149486482,0,0.0009083075390662998,0
2026-02-09 22:41:28.973,0.0008759170887060463,0,0.0009091217594686896,0
2026-02-09 22:41:29.080,0.0008816862828098238,0,0.0009212271019350737,0
2026-02-09 22:41:29.186,0.0008929635514505208,0,0.0009501015476416797,0
2026-02-09 22:41:29.293,0.0009188289986923337,0,0.0009985793672967701,0
2026-02-09 22:41:29.400,0.000964441045653075,0,0.0010506828257348388,0
2026-02-09 22:41:29.506,0.0010630144970491529,0,0.001098088885191828,0
2026-02-09 22:41:29.613,0.001216203672811389,0,0.0011379745497833937,0
2026-02-09 22:41:29.720,0.001398971420712769,0,0.0011674185167066752,0
2026-02-09 22:41:29.826,0.0014146278845146298,0,0.0011871028400491923,0
2026-02-09 22:41:29.933,0.00135423440951854,0,0.0011960453644860535,0
2026-02-09 22:41:30.040,0.0012747737346217036,0,0.001197350164875388,0
2026-02-09 22:41:30.146,0.0011761259520426393,0,0.0011904007522389292,0
2026-02-09 22:41:30.253,0.001089806784875691,0,0.00117061510682106,0
2026-02-09 22:41:30.360,0.0010082542430609465,0,0.0011344277649186552,0
2026-02-09 22:41:30.466,0.0009774890495464206,0,0.0011033129878342152,0
2026-02-09 22:41:30.573,0.0009935203706845641,0,0.0010862695053219795,0
2026-02-09 22:41:30.680,0.001018347218632698,0,0.0010832408908754588,0
2026-02-09 22:41:30.786,0.0010370980016887188,0,0.0010894588776864111,0
2026-02-09 22:41:30.893,0.00110348011367023,0,0.0011020007310435175,0
2026-02-09 22:41:31.000,0.0011837995843961835,0,0.0011177558335475624,0
2026-02-09 22:41:31.106,0.0012444875901564956,0,0.001131659501697868,0
2026-02-09 22:41:31.213,0.0012383058201521635,0,0.001137935183942318,0
2026-02-09 22:41:31.320,0.0012152253184467554,0,0.0011385669698938728,0
2026-02-09 22:41:31.426,0.0011658052681013942,0,0.0011352820554748177,0
2026-02-09 22:41:31.533,0.001116525731049478,0,0.0011261353618465364,0
2026-02-09 22:41:31.640,0.0010562771931290627,0,0.0011111938045360148,0
2026-02-09 22:41:31.746,0.0010246650781482458,0,0.0010897340718656779,0
2026-02-09 22:41:31.853,0.001004248857498169,0,0.001068208273500204,0
2026-02-09 22:41:31.960,0.0010120131773874164,0,0.0010487105115316807,0
2026-02-09 22:41:32.066,0.0010343840112909675,0,0.0010317277279682457,0
2026-02-09 22:41:32.173,0.001029890263453126,0,0.001014916051644832,0
2026-02-09 22:41:32.280,0.001023047836497426,0,0.0010001475107856094,0
2026-02-09 22:41:32.386,0.0010202476987615228,0,0.0009867049462627619,0
2026-02-09 22:41:32.493,0.0009959774324670434,0,0.0009751564939506352,0
2026-02-09 22:41:32.600,0.0009484089678153396,0,0.0009632564149796962,0
2026-02-09 22:41:32.706,0.0009085917845368385,0,0.0009470430959481746,0
2026-02-09 22:41:32.813,0.0008902394329197705,0,0.0009294383751694113,0
2026-02-09 22:41:32.920,0.0008887643343769014,0,0.0009117208945099264,0
2026-02-09 22:41:33.026,0.0008930123876780272,0,0.0008930312294978648,0
2026-02-09 22:41:33.133,0.0008722508209757507,0,0.0008752794819884002,0
2026-02-09 22:41:33.240,0.000853843055665493,0,0.0008625130110885948,0
2026-02-09 22:41:33.346,0.0008458730299025774,0,0.0008540463226381689,0
2026-02-09 22:41:33.453,0.0008333510486409068,0,0.00084770736284554,0
2026-02-09 22:41:33.560,0.0008184599573723972,0,0.0008423203893471509,0
2026-02-09 22:41:33.666,0.0008207442588172853,0,0.0008380788029171526,0
2026-02-09 22:41:33.773,0.0008239249000325799,0,0.0008402149716857821,0
2026-02-09 22:41:33.880,0.0008268498349934816,0,0.0008490828855428845,0
2026-02-09 22:41:33.986,0.0008348945993930101,0,0.0008655918587464839,0
2026-02-09 22:41:34.093,0.0008505965233780444,0,0.0008896971528884023,0
2026-02-09 22:41:34.200,0.000893612508662045,0,0.0009183146874420344,0
2026-02-09 22:41:34.306,0.000942522194236517,0,0.0009452523489017039,0
2026-02-09 22:41:34.413,0.001010962761938572,0,0.0009702594194095582,0
2026-02-09 22:41:34.520,0.001074403990060091,0,0.0009948227845598013,0
2026-02-09 22:41:34.626,0.0011046353029087186,0,0.0010189456108491868,0
2026-02-09 22:41:34.733,0.00109012087341398,0,0.0010411476017907263,0
2026-02-09 22:41:34.840,0.0010739956051111221,0,0.001060192147269845,0
2026-02-09 22:41:34.946,0.001072483486495912,0,0.0010773407644592225,0
2026-02-09 22:41:35.053,0.0010761228622868657,0,0.0010907868621870876,0
2026-02-09 22:41:35.160,0.0010726164327934384,0,0.0011011831345967948,0
2026-02-09 22:41:35.266,0.0010840579634532332,0,0.0011162501643411816,0
2026-02-09 22:41:35.373,0.0011140083661302924,0,0.0011375998728908598,0
2026-02-09 22:41:35.480,0.0011454237392172217,0,0.001165788050275296,0
2026-02-09 22:41:35.586,0.001178366714157164,0,0.0011976784910075367,0
2026-02-09 22:41:35.693,0.0012553056003525853,0,0.0012309193727560342,0
2026-02-09 22:41:35.800,0.0013036179589107633,0,0.001266853976994753,0
2026-02-09 22:41:35.906,0.0013558773789554834,0,0.0012915888568386436,0
2026-02-09 22:41:36.013,0.0013913878938183188,0,0.001302682445384562,0
2026-02-09 22:41:36.120,0.0014085316797718406,0,0.0012965306523256004,0
2026-02-09 22:41:36.226,0.001431962475180626,0,0.0012779678334482014,0
2026-02-09 22:41:36.333,0.00133140676189214,0,0.0012480830657295883,0
2026-02-09 22:41:36.440,0.001224944251589477,0,0.0012134487042203546,0
2026-02-09 22:41:36.546,0.0010839058086276054,0,0.0011732993472833187,0
2026-02-09 22:41:36.653,0.0009927385253831744,0,0.001128301932476461,0
2026-02-09 22:41:36.760,0.0009564579231664538,0,0.001079671486513689,0
2026-02-09 22:41:36.866,0.0009572743438184261,0,0.0010266911005601287,0
2026-02-09 22:41:36.973,0.0009543838095851243,0,0.000982139352709055,0
2026-02-09 22:41:37.080,0.0009414137457497418,0,0.0009468812728300691,0
2026-02-09 22:41:37.186,0.0009222272201441228,0,0.0009247530368156731,0
2026-02-09 22:41:37.293,0.0009021586156450212,0,0.0009122970513999462,0
2026-02-09 22:41:37.400,0.0008858892833814025,0,0.0009040744451340287,0
2026-02-09 22:41:37.506,0.0008723634527996182,0,0.0008953699085395783,0
2026-02-09 22:41:37.613,0.0008626234484836459,0,0.0008876468287780881,0
2026-02-09 22:41:37.720,0.0008681786712259054,0,0.0008833443629555404,0
2026-02-09 22:41:37.826,0.0008742318605072796,0,0.0008841013710480184,0
2026-02-09 22:41:37.933,0.0008702289778739214,0,0.0008888816926628351,0
2026-02-09 22:41:38.040,0.000877153011970222,0,0.0008986021508462727,0
2026-02-09 22:41:38.146,0.000898389087524265,0,0.0009127529920078814,0
2026-02-09 22:41:38.253,0.000929797301068902,0,0.0009301931946538389,0
2026-02-09 22:41:38.360,0.000949961831793189,0,0.000948448444250971,0
2026-02-09 22:41:38.466,0.0009830938652157784,0,0.0009660303068812937,0
2026-02-09 22:41:38.573,0.0010138718644157052,0,0.0009840473823715002,0
2026-02-09 22:41:38.680,0.0010370254749432206,0,0.0010033624072093516,0
2026-02-09 22:41:38.786,0.0010507311671972275,0,0.0010223545716144145,0
2026-02-09 22:41:38.893,0.0010500504868105054,0,0.0010397534002549945,0
2026-02-09 22:41:39.000,0.0010503997327759862,0,0.0010600129375234247,0
2026-02-09 22:41:39.106,0.0010703032603487372,0,0.0010787807521410286,0
2026-02-09 22:41:39.213,0.001088310731574893,0,0.0010972197633236647,0
2026-02-09 22:41:39.320,0.0011037855874747038,0,0.001117003185208887,0
2026-02-09 22:41:39.426,0.001152557204477489,0,0.0011332081397995354,0
2026-02-09 22:41:39.533,0.0011707720113918185,0,0.0011481866706162692,0
2026-02-09 22:41:39.640,0.0011982619762420654,0,0.0011623450787737965,0
2026-02-09 22:41:39.746,0.0012348596937954426,0,0.0011712873238138855,0
2026-02-09 22:41:39.853,0.0012127807131037116,0,0.001171723532024771,0
2026-02-09 22:41:39.960,0.0011998357949778438,0,0.001162551890593022,0
2026-02-09 22:41:40.066,0.0011919838143512607,0,0.001142340141814202,0
2026-02-09 22:41:40.173,0.0011597257107496262,0,0.0011168571247253567,0
2026-02-09 22:41:40.280,0.0010926728136837482,0,0.001083850080613047,0
2026-02-09 22:41:40.386,0.0010120691731572151,0,0.0010444177547469734,0
2026-02-09 22:41:40.493,0.0009504397166892886,0,0.0010054715094156563,0
2026-02-09 22:41:40.600,0.0009159418405033648,0,0.0009673931344877928,0
2026-02-09 22:41:40.706,0.0008681915351189673,0,0.0009301971760578454,0
2026-02-09 22:41:40.813,0.0008405364351347089,0,0.0008962416497524828,0
2026-02-09 22:41:40.920,0.0008233182597905397,0,0.0008690176764503121,0
2026-02-09 22:41:41.026,0.000819052045699209,0,0.0008496628259308636,0
2026-02-09 22:41:41.133,0.0008200242300517857,0,0.0008354750985745341,0
2026-02-09 22:41:41.240,0.0008201704476960003,0,0.0008252830186393112,0
2026-02-09 22:41:41.346,0.0008204330806620419,0,0.0008203152334317565,0
2026-02-09 22:41:41.453,0.0008185206679627299,0,0.0008187312923837453,0
2026-02-09 22:41:41.560,0.000808562443125993,0,0.0008197256713174284,0
2026-02-09 22:41:41.666,0.0008140210411511362,0,0.0008221113588660955,0
2026-02-09 22:41:41.773,0.0008185136830434203,0,0.0008256029861513526,0
2026-02-09 22:41:41.880,0.000824697024654597,0,0.0008300782763399183,0
2026-02-09 22:41:41.986,0.0008332620491273701,0,0.0008350694319233298,0
2026-02-09 22:41:42.093,0.0008429089211858809,0,0.0008404530060943216,0
2026-02-09 22:41:42.200,0.0008549405029043555,0,0.00084670833311975,0
2026-02-09 22:41:42.306,0.0008649233495816588,0,0.0008503812307026238,0
2026-02-09 22:41:42.413,0.0008703446364961565,0,0.0008524227188900114,0
2026-02-09 22:41:42.520,0.0008723564096726477,0,0.0008527983853127807,0
2026-02-09 22:41:42.626,0.0008711157133802772,0,0.0008513741078786552,0
2026-02-09 22:41:42.733,0.0008507500169798732,0,0.0008480875112581998,0
2026-02-09 22:41:42.840,0.0008389285649172962,0,0.0008427263877820223,0
2026-02-09 22:41:42.946,0.0008284536888822913,0,0.0008355829573702067,0
2026-02-09 22:41:43.053,0.0008190192747861147,0,0.0008270978345535695,0
2026-02-09 22:41:43.160,0.0008100429549813271,0,0.0008177290961612016,0
2026-02-09 22:41:43.266,0.000801329268142581,0,0.0008085394278168678,0
2026-02-09 22:41:43.373,0.0007934890454635024,0,0.0008014372899197042,0
2026-02-09 22:41:43.480,0.0007854934083297849,0,0.0007956598594319076,0
2026-02-09 22:41:43.586,0.0007786690257489681,0,0.0007909859938081354,0
2026-02-09 22:41:43.693,0.0007792190299369395,0,0.0007873007270973176,0
2026-02-09 22:41:43.800,0.0007797286380082369,0,0.0007840884267352521,0
2026-02-09 22:41:43.906,0.0007811542600393295,0,0.0007810732931829989,0
2026-02-09 22:41:44.013,0.0007817150326445699,0,0.0007780473679304123,0
2026-02-09 22:41:44.120,0.0007821666076779366,0,0.0007749797950964421,0
2026-02-09 22:41:44.226,0.0007779199513606727,0,0.000771829456789419,0
2026-02-09 22:41:44.333,0.0007711779326200485,0,0.0007679959468077868,0
2026-02-09 22:41:44.440,0.0007632297929376364,0,0.0007640429539605975,0
2026-02-09 22:41:44.546,0.000754817679990083,0,0.0007599387259688229,0
2026-02-09 22:41:44.653,0.0007471656426787376,0,0.0007558937533758581,0
2026-02-09 22:41:44.760,0.0007408839301206172,0,0.0007521737075876445,0
2026-02-09 22:41:44.866,0.0007401987095363438,0,0.0007499543542508035,0
2026-02-09 22:41:44.973,0.0007401119801215827,0,0.0007497555285226554,0
2026-02-09 22:41:45.080,0.0007412653067149222,0,0.0007520375249441714,0
2026-02-09 22:41:45.186,0.0007449661497958004,0,0.0007569880282972008,0
2026-02-09 22:41:45.293,0.000755726417992264,0,0.0007644947385415435,0
2026-02-09 22:41:45.400,0.0007691896753385663,0,0.0007728480035439133,0
2026-02-09 22:41:45.506,0.0007860497571527958,0,0.0007813811360392719,0
2026-02-09 22:41:45.613,0.0008043227135203779,0,0.0007903579215053469,0
2026-02-09 22:41:45.720,0.0008222327451221645,0,0.0007999637571629136,0
2026-02-09 22:41:45.826,0.000824416580144316,0,0.0008100613893475383,0
2026-02-09 22:41:45.933,0.0008255300344899297,0,0.0008200252894312143,0
2026-02-09 22:41:46.040,0.0008298798347823322,0,0.0008294473984278739,0
2026-02-09 22:41:46.146,0.00083732366329059,0,0.0008377905993256718,0
2026-02-09 22:41:46.253,0.0008459424716420472,0,0.0008446913561783731,0
2026-02-09 22:41:46.360,0.0008553654188290238,0,0.0008501704840455204,0
2026-02-09 22:41:46.466,0.0008634107653051615,0,0.0008561100927181542,0
2026-02-09 22:41:46.573,0.0008694817661307752,0,0.0008629736490547657,0
2026-02-09 22:41:46.680,0.0008733302820473909,0,0.0008708730805665254,0
2026-02-09 22:41:46.786,0.0008770240237936378,0,0.0008796933980192989,0
2026-02-09 22:41:46.893,0.0008838126668706536,0,0.000888309458969161,0
2026-02-09 22:41:47.000,0.0008941655978560448,0,0.000894339446676895,0
2026-02-09 22:41:47.106,0.0009088741498999298,0,0.0008974388765636832,0
2026-02-09 22:41:47.213,0.0009255268378183246,0,0.0008977078017778694,0
2026-02-09 22:41:47.320,0.0009321030811406672,0,0.0008957113313954324,0
2026-02-09 22:41:47.426,0.0009156652959063649,0,0.0008919673971831798,0
2026-02-09 22:41:47.533,0.0008944050641730428,0,0.0008879810222424567,0
2026-02-09 22:41:47.640,0.0008721710182726383,0,0.0008846131095197052,0
2026-02-09 22:41:47.746,0.0008533655782230198,0,0.0008831464743707329,0
2026-02-09 22:41:47.853,0.0008395846816711128,0,0.0008860198489855975,0
2026-02-09 22:41:47.960,0.0008439489174634218,0,0.000898340088315308,0
2026-02-09 22:41:48.066,0.0008604864706285298,0,0.0009252263931557536,0
2026-02-09 22:41:48.173,0.000894207798410207,0,0.0009701424278318882,0
2026-02-09 22:41:48.280,0.0009542605839669704,0,0.0010327886790037154,0
2026-02-09 22:41:48.386,0.0010553054744377732,0,0.0011108663224149496,0
2026-02-09 22:41:48.493,0.00118452834431082,0,0.0012056707055307925,0
2026-02-09 22:41:48.600,0.0013435654109343886,0,0.0013069582986645401,0
2026-02-09 22:41:48.706,0.0014986335299909115,0,0.0014121725049335509,0
2026-02-09 22:41:48.813,0.00163414201233536,0,0.0015176284941844642,0
2026-02-09 22:41:48.920,0.0017876285128295422,0,0.0016233843402005733,0
2026-02-09 22:41:49.026,0.0018568248488008976,0,0.0017322833882644773,0
2026-02-09 22:41:49.133,0.0019126285333186388,0,0.0018624770338647068,0
2026-02-09 22:41:49.240,0.0019487676909193397,0,0.002028696215711534,0
2026-02-09 22:41:49.346,0.0020118190441280603,0,0.0027486653300002216,0
2026-02-09 22:41:49.453,0.0021442959550768137,0,0.0049617630080319945,0
2026-02-09 22:41:49.560,0.002486464800313115,0,0.00884549181209877,0
2026-02-09 22:41:49.666,0.0030057572294026613,0,0.015066866821143776,0
2026-02-09 22:41:49.773,0.008698324672877789,0,0.02329521154752001,0
2026-02-09 22:41:49.880,0.023765118792653084,0,0.03281150721013546,0
2026-02-09 22:41:49.986,0.040624916553497314,0,0.04465960764791817,0
2026-02-09 22:41:50.093,0.06407057493925095,0,0.05764041407965124,0
2026-02-09 22:41:50.200,0.084196075797081,0,0.07106830070260912,0
2026-02-09 22:41:50.306,0.09711172431707382,0,0.0815763127990067,0
2026-02-09 22:41:50.413,0.12049282342195511,0,0.08813212607055902,0
2026-02-09 22:41:50.520,0.13195236027240753,0,0.09208422228693962,0
2026-02-09 22:41:50.626,0.13676533102989197,0,0.09332995191216469,0
2026-02-09 22:41:50.733,0.10808587819337845,0,0.09402824714779853,0
2026-02-09 22:41:50.840,0.07425645738840103,0,0.09394872784614564,0
2026-02-09 22:41:50.946,0.06328608095645905,0,0.09349595233798028,0
2026-02-09 22:41:51.053,0.053082212805747986,0,0.09095741584897041,0
2026-02-09 22:41:51.160,0.07105352729558945,0,0.0867951087653637,0
2026-02-09 22:41:51.266,0.08340088278055191,0,0.08270324170589446,0
2026-02-09 22:41:51.373,0.09258396923542023,0,0.08500077947974205,0
2026-02-09 22:41:51.480,0.09510745853185654,0,0.09076015055179595,0
2026-02-09 22:41:51.586,0.09032928943634033,0,0.0946176789700985,0
2026-02-09 22:41:51.693,0.09584666043519974,0,0.09584099799394608,0
2026-02-09 22:41:51.800,0.13106125593185425,0,0.09142075758427382,0
2026-02-09 22:41:51.906,0.13185016810894012,0,0.08484426457434893,0
2026-02-09 22:41:52.013,0.1018613651394844,0,0.07674484439194203,0
2026-02-09 22:41:52.120,0.06531540304422379,0,0.06790228392928839,0
2026-02-09 22:41:52.226,0.026851123198866844,0,0.05921092152129859,0
2026-02-09 22:41:52.333,0.017635952681303024,0,0.04988523763604462,0
2026-02-09 22:41:52.440,0.011589767411351204,0,0.03700901737902314,0
2026-02-09 22:41:52.546,0.0066818539053201675,0,0.024040342285297812,0
2026-02-09 22:41:52.653,0.0034156653564423323,0,0.0140482182148844,0
2026-02-09 22:41:52.760,0.002589821582660079,0,0.0076775542576797305,0
2026-02-09 22:41:52.866,0.0022990533616393805,0,0.005130708368960768,0
2026-02-09 22:41:52.973,0.0021634171716868877,0,0.0034991776454262437,0
2026-02-09 22:41:53.080,0.0019401244353502989,0,0.002471562731079757,0
2026-02-09 22:41:53.186,0.0016087634721770883,0,0.0019386905711144208,0
2026-02-09 22:41:53.293,0.0013826643116772175,0,0.0017387937870807946,0
2026-02-09 22:41:53.400,0.0013206454459577799,0,0.0016195389907807112,0
2026-02-09 22:41:53.506,0.0013136182678863406,0,0.001527653937228024,0
2026-02-09 22:41:53.613,0.0013531323056668043,0,0.001449855323880911,0
2026-02-09 22:41:53.720,0.001416697516106069,0,0.0013944007805548608,0
2026-02-09 22:41:53.826,0.001397273619659245,0,0.0013718963833525776,0
2026-02-09 22:41:53.933,0.0013802028261125088,0,0.0013763434370048344,0
2026-02-09 22:41:54.040,0.0013854310382157564,0,0.0013930244138464331,0
2026-02-09 22:41:54.146,0.0013855790020897985,0,0.0014231389737688004,0
2026-02-09 22:41:54.253,0.0013837195001542568,0,0.0014662652392871678,0
2026-02-09 22:41:54.360,0.0014271348481997848,0,0.0015152456238865853,0
2026-02-09 22:41:54.466,0.0014874552143737674,0,0.0015706598991528154,0
2026-02-09 22:41:54.573,0.001614763867110014,0,0.0016309061087667943,0
2026-02-09 22:41:54.680,0.0017843949608504772,0,0.0016964482609182596,0
2026-02-09 22:41:54.786,0.0019065013621002436,0,0.001760077488142997,0
2026-02-09 22:41:54.893,0.001951416372321546,0,0.0017945506027899683,0
2026-02-09 22:41:55.000,0.0019826649222522974,0,0.0017998397117480636,0
2026-02-09 22:41:55.106,0.0020408525597304106,0,0.001783065078780055,0
2026-02-09 22:41:55.213,0.0020218712743371725,0,0.001741620630491525,0
2026-02-09 22:41:55.320,0.001728450646623969,0,0.001672861457336694,0
2026-02-09 22:41:55.426,0.0014800259377807379,0,0.001584561716299504,0
2026-02-09 22:41:55.533,0.0013197088846936822,0,0.0014862211770378052,0
2026-02-09 22:41:55.640,0.0012003193842247128,0,0.0013802760862745346,0
2026-02-09 22:41:55.746,0.001096803229302168,0,0.0012649735319428146,0
2026-02-09 22:41:55.853,0.001023503951728344,0,0.0011487556039355695,0
2026-02-09 22:41:55.960,0.0009680109797045588,0,0.0010599047760479151,0
2026-02-09 22:41:56.066,0.0009232140146195889,0,0.0009941080235876143,0
2026-02-09 22:41:56.173,0.0008878270164132118,0,0.0009425867348909378,0
2026-02-09 22:41:56.280,0.0008596919942647219,0,0.0009015111078042537,0
2026-02-09 22:41:56.386,0.000839942367747426,0,0.000869593588868156,0
2026-02-09 22:41:56.493,0.0008220584131777287,0,0.0008437746146228164,0
2026-02-09 22:41:56.600,0.0008044959977269173,0,0.0008225216413848102,0
2026-02-09 22:41:56.706,0.0007895631133578718,0,0.0008048123796470463,0
2026-02-09 22:41:56.813,0.0007776280399411917,0,0.0007897623465396464,0
2026-02-09 22:41:56.920,0.0007653142092749476,0,0.0007768328010570258,0
2026-02-09 22:41:57.026,0.0007554812473244965,0,0.0007657185080461204,0
2026-02-09 22:41:57.133,0.00074612139724195,0,0.0007563224935438484,0
2026-02-09 22:41:57.240,0.0007373266853392124,0,0.0007487455499358475,0
2026-02-09 22:41:57.346,0.0007303965394385159,0,0.0007428541546687483,0
2026-02-09 22:41:57.453,0.0007287994376383722,0,0.0007384646101854742,0
2026-02-09 22:41:57.560,0.0007280982681550086,0,0.0007364169578067958,0
2026-02-09 22:41:57.666,0.0007287265616469085,0,0.0007365984609350562,0
2026-02-09 22:41:57.773,0.0007306491606868804,0,0.0007392540224827826,0
2026-02-09 22:41:57.880,0.0007337325951084495,0,0.000744487188057974,0
2026-02-09 22:41:57.986,0.0007448376854881644,0,0.0007523375272285194,0
2026-02-09 22:41:58.093,0.0007572962786071002,0,0.0007606897561345249,0
2026-02-09 22:41:58.200,0.000772677012719214,0,0.0007691735052503645,0
2026-02-09 22:41:58.306,0.0007896583410911262,0,0.0007773879391606897,0
2026-02-09 22:41:58.413,0.0008088999311439693,0,0.0007852034643292427,0
2026-02-09 22:41:58.520,0.0008123217266984284,0,0.0007925958838313818,0
2026-02-09 22:41:58.626,0.0008129357593134046,0,0.0007995712163392455,0
2026-02-09 22:41:58.733,0.0008108709007501602,0,0.0008063141198363155,0
2026-02-09 22:41:58.840,0.0008088044123724103,0,0.0008128475863486528,0
2026-02-09 22:41:58.946,0.0008076567901298404,0,0.0008199190022423863,0
2026-02-09 22:41:59.053,0.0008145910105668008,0,0.0008288801996968687,0
2026-02-09 22:41:59.160,0.000824725313577801,0,0.0008444480248726904,0
2026-02-09 22:41:59.266,0.0008380116778425872,0,0.0008681856328621506,0
2026-02-09 22:41:59.373,0.0008603725000284612,0,0.000901235919445753,0
2026-02-09 22:41:59.480,0.0008985119056887925,0,0.0009461904061026871,0
2026-02-09 22:41:59.586,0.0009679999784566462,0,0.0010079357190988958,0
2026-02-09 22:41:59.693,0.0010503118392080069,0,0.001084635203005746,0
2026-02-09 22:41:59.800,0.0011413737665861845,0,0.0011768351309001447,0
2026-02-09 22:41:59.906,0.0012583492789417505,0,0.0012769799737725406,0
2026-02-09 22:42:00.013,0.001425109920091927,0,0.0013718296308070422,0
2026-02-09 22:42:00.120,0.001581585849635303,0,0.0014507817977573723,0
2026-02-09 22:42:00.226,0.0017467245925217867,0,0.0015194951905868948,0
2026-02-09 22:42:00.333,0.0018394601065665483,0,0.0015772353275679053,0
2026-02-09 22:42:00.440,0.0018088690703734756,0,0.0016166488756425678,0
2026-02-09 22:42:00.546,0.0016880335751920938,0,0.0016376204788684846,0
2026-02-09 22:42:00.653,0.0016551339067518711,0,0.0016402497421950102,0
2026-02-09 22:42:00.760,0.0016277132090181112,0,0.001633295777719468,0
2026-02-09 22:42:00.866,0.0015355092473328114,0,0.001609699206892401,0
2026-02-09 22:42:00.973,0.0014680653112009168,0,0.0015798935550265015,0
2026-02-09 22:42:01.080,0.001451402553357184,0,0.0015539183048531413,0
2026-02-09 22:42:01.186,0.00151204620487988,0,0.0015413992805406451,0
2026-02-09 22:42:01.293,0.0015107588842511177,0,0.001521044468972832,0
2026-02-09 22:42:01.400,0.0015414035879075527,0,0.0014940114109776915,0
2026-02-09 22:42:01.506,0.0015491165686398745,0,0.0014704828965477646,0
2026-02-09 22:42:01.613,0.001562843332067132,0,0.001449680479709059,0
2026-02-09 22:42:01.720,0.0014515857910737395,0,0.0014260163297876716,0
2026-02-09 22:42:01.826,0.0013573826290667057,0,0.001388379803393036,0
2026-02-09 22:42:01.933,0.0013002241030335426,0,0.0013457761495374143,0
2026-02-09 22:42:02.040,0.0012600411428138614,0,0.0012966415495611727,0
2026-02-09 22:42:02.146,0.0012147610541433096,0,0.0012448761728592217,0
2026-02-09 22:42:02.253,0.0011356809409335256,0,0.0011897233314812183,0
2026-02-09 22:42:02.360,0.0010847223456948996,0,0.0011455625528469682,0
2026-02-09 22:42:02.466,0.0010500575881451368,0,0.0011121270596049725,0
2026-02-09 22:42:02.573,0.0010314628016203642,0,0.0010871326667256653,0
2026-02-09 22:42:02.680,0.0010113149182870984,0,0.001068395795300603,0
2026-02-09 22:42:02.786,0.0010099780047312379,0,0.0010545314056798817,0
2026-02-09 22:42:02.893,0.00102302769664675,0,0.0010450697736814618,0
2026-02-09 22:42:03.000,0.00105028017424047,0,0.001037233043462038,0
2026-02-09 22:42:03.106,0.0010726724285632372,0,0.0010296725144144149,0
2026-02-09 22:42:03.213,0.0010761171579360962,0,0.0010212025314103811,0
2026-02-09 22:42:03.320,0.001041064620949328,0,0.0010109193157404662,0
2026-02-09 22:42:03.426,0.0010063550435006618,0,0.0009999578644055874,0
2026-02-09 22:42:03.533,0.0009744522976689041,0,0.0009873274888377638,0
2026-02-09 22:42:03.640,0.0009467629715800285,0,0.0009714801388327032,0
2026-02-09 22:42:03.746,0.0009084827615879476,0,0.0009526297857519239,0
2026-02-09 22:42:03.853,0.0009003634913824499,0,0.0009311870846431703,0
2026-02-09 22:42:03.960,0.0008967239409685135,0,0.000912182917818427,0
2026-02-09 22:42:04.066,0.0008918066741898656,0,0.0008955250144936144,0
2026-02-09 22:42:04.173,0.000884168897755444,0,0.000881228398066014,0
2026-02-09 22:42:04.280,0.0008616901468485594,0,0.0008691195398569107,0
2026-02-09 22:42:04.386,0.0008510229527018964,0,0.0008603244961705059,0
2026-02-09 22:42:04.493,0.0008397760102525353,0,0.0008509840408805758,0
2026-02-09 22:42:04.600,0.0008314861333929002,0,0.0008407687419094145,0
2026-02-09 22:42:04.706,0.0008256743894889951,0,0.0008299499109853059,0
2026-02-09 22:42:04.813,0.0008205323247238994,0,0.0008188084582798183,0
2026-02-09 22:42:04.920,0.0008069589384831488,0,0.0008088429807685315,0
2026-02-09 22:42:05.026,0.000794570951256901,0,0.0008001482929103076,0
2026-02-09 22:42:05.133,0.0007836183649487793,0,0.0007931071741040796,0
2026-02-09 22:42:05.240,0.000772754370700568,0,0.0007875971787143499,0
2026-02-09 22:42:05.346,0.000762035371735692,0,0.0007835118100047112,0
2026-02-09 22:42:05.453,0.0007640760741196573,0,0.00078079107333906,0
2026-02-09 22:42:05.560,0.0007693648221902549,0,0.0007802631182130427,0
2026-02-09 22:42:05.666,0.0007763861794956028,0,0.0007819453603588045,0
2026-02-09 22:42:05.773,0.0007848207023926079,0,0.0007857161632273346,0
2026-02-09 22:42:05.880,0.0007933249580673873,0,0.0007914341927971691,0
2026-02-09 22:42:05.986,0.0008016793872229755,0,0.0007989147678017616,0
2026-02-09 22:42:06.093,0.0008113933727145195,0,0.0008062157197855413,0
2026-02-09 22:42:06.200,0.0008213263936340809,0,0.0008128933666739612,0
2026-02-09 22:42:06.306,0.0008299346663989127,0,0.000818869995418936,0
2026-02-09 22:42:06.413,0.0008368411217816174,0,0.0008240191091317683,0
2026-02-09 22:42:06.520,0.000837085593957454,0,0.0008283346134703607,0
2026-02-09 22:42:06.626,0.0008361412910744548,0,0.0008317241794429719,0
2026-02-09 22:42:06.733,0.0008361524669453502,0,0.0008343464229255915,0
2026-02-09 22:42:06.840,0.0008363118395209312,0,0.0008362887310795486,0
2026-02-09 22:42:06.946,0.0008364800014533103,0,0.0008377656224183739,0
2026-02-09 22:42:07.053,0.0008355750469490886,0,0.0008392046380322427,0
2026-02-09 22:42:07.160,0.0008376158075407147,0,0.0008414674026425928,0
2026-02-09 22:42:07.266,0.0008407494751736522,0,0.0008448566368315369,0
2026-02-09 22:42:07.373,0.0008447035797871649,0,0.0008497545495629311,0
2026-02-09 22:42:07.480,0.0008512312779203057,0,0.00085653280839324,0
2026-02-09 22:42:07.586,0.0008597132400609553,0,0.0008654508972540497,0
2026-02-09 22:42:07.693,0.0008700336329638958,0,0.0008753340342082083,0
2026-02-09 22:42:07.800,0.0008851315942592919,0,0.0008857106033246965,0
2026-02-09 22:42:07.906,0.0009040944278240204,0,0.0008964704058598727,0
2026-02-09 22:42:08.013,0.0009256608900614083,0,0.0009075209381990135,0
2026-02-09 22:42:08.120,0.000934406416490674,0,0.000918744463706389,0
2026-02-09 22:42:08.226,0.0009413814987055957,0,0.0009310808381997049,0
2026-02-09 22:42:08.333,0.0009483475005254149,0,0.000945789588149637,0
2026-02-09 22:42:08.440,0.0009552089031785727,0,0.0009640790114644915,0
2026-02-09 22:42:08.546,0.0009634665329940617,0,0.0009871518064755946,0
2026-02-09 22:42:08.653,0.0009830769849941134,0,0.001018464902881533,0
2026-02-09 22:42:08.760,0.0010171211324632168,0,0.0010653779259882866,0
2026-02-09 22:42:08.866,0.001068025827407837,0,0.0011183802445884794,0
2026-02-09 22:42:08.973,0.001134822377935052,0,0.0011712780280504376,0
2026-02-09 22:42:09.080,0.001238791854120791,0,0.0012187322310637683,0
2026-02-09 22:42:09.186,0.0014035366475582123,0,0.0012610740377567708,0
2026-02-09 22:42:09.293,0.0014714046847075224,0,0.0012999233207665385,0
2026-02-09 22:42:09.400,0.0014773253351449966,0,0.0013331346563063562,0
2026-02-09 22:42:09.506,0.0014297509333118796,0,0.0013534847530536354,0
2026-02-09 22:42:09.613,0.0013868845999240875,0,0.0013596455566585064,0
2026-02-09 22:42:09.720,0.0013715698150917888,0,0.0013521498534828425,0
2026-02-09 22:42:09.826,0.0013492344878613949,0,0.0013298842124640942,0
2026-02-09 22:42:09.933,0.0012715267948806286,0,0.00130613399669528,0
2026-02-09 22:42:10.040,0.0011964304139837623,0,0.0012921935529448092,0
2026-02-09 22:42:10.146,0.0011638348223641515,0,0.0012975570047274233,0
2026-02-09 22:42:10.253,0.0011808802373707294,0,0.0013269537594169378,0
2026-02-09 22:42:10.360,0.0012339025270193815,0,0.0013722957693971694,0
2026-02-09 22:42:10.466,0.0013379208976402879,0,0.0014360729488544165,0
2026-02-09 22:42:10.573,0.0014833854511380196,0,0.0015224046888761221,0
2026-02-09 22:42:10.680,0.001680852146819234,0,0.0016268954845145346,0
2026-02-09 22:42:10.786,0.001824989914894104,0,0.0017542574903927743,0
2026-02-09 22:42:10.893,0.0019870062824338675,0,0.0018938988796435297,0
2026-02-09 22:42:11.000,0.002134844195097685,0,0.002044768666382879,0
2026-02-09 22:42:11.106,0.0022413383703678846,0,0.0022210840601474048,0
2026-02-09 22:42:11.213,0.00243745488114655,0,0.0024280278012156487,0
2026-02-09 22:42:11.320,0.0025772941298782825,0,0.002668748958967626,0
2026-02-09 22:42:11.426,0.002742600394412875,0,0.002917721658013761,0
2026-02-09 22:42:11.533,0.0031010748352855444,0,0.003160186903551221,0
2026-02-09 22:42:11.640,0.0035528228618204594,0,0.0033794880844652654,0
2026-02-09 22:42:11.746,0.004088063724339008,0,0.0035933659644797446,0
2026-02-09 22:42:11.853,0.0043147169053554535,0,0.0037684219889342783,0
2026-02-09 22:42:11.960,0.004411658737808466,0,0.0038894635625183584,0
2026-02-09 22:42:12.066,0.004327856004238129,0,0.00394114765804261,0
2026-02-09 22:42:12.173,0.004380117170512676,0,0.003892267541959882,0
2026-02-09 22:42:12.280,0.004188015125691891,0,0.0037377730943262575,0
2026-02-09 22:42:12.386,0.00378770986571908,0,0.0034886267967522144,0
2026-02-09 22:42:12.493,0.00325944134965539,0,0.003193186491262168,0
2026-02-09 22:42:12.600,0.0026122736744582653,0,0.002875047305133194,0
2026-02-09 22:42:12.706,0.0020078783854842186,0,0.002556256193201989,0
2026-02-09 22:42:12.813,0.0015966007485985756,0,0.002226790937129408,0
2026-02-09 22:42:12.920,0.001360313850454986,0,0.0019112294423393906,0
2026-02-09 22:42:13.026,0.0012302668765187263,0,0.001631243573501706,0
2026-02-09 22:42:13.133,0.0011399448849260807,0,0.001401039498159662,0
2026-02-09 22:42:13.240,0.001085464609786868,0,0.0012324377719778567,0
2026-02-09 22:42:13.346,0.0010324001777917147,0,0.0011211874370928854,0
2026-02-09 22:42:13.453,0.000987851177342236,0,0.0010486793355084956,0
2026-02-09 22:42:13.560,0.0009574005962349474,0,0.000998015096411109,0
2026-02-09 22:42:13.666,0.000926256412640214,0,0.0009594286733772605,0
2026-02-09 22:42:13.773,0.0008953750366345048,0,0.000930121325654909,0
2026-02-09 22:42:13.880,0.0008715197327546775,0,0.0009065590507816524,0
2026-02-09 22:42:13.986,0.0008536714594811201,0,0.0008874005521647632,0
2026-02-09 22:42:14.093,0.0008444026461802423,0,0.000871997675858438,0
2026-02-09 22:42:14.200,0.0008468714077025652,0,0.0008589600212872029,0
2026-02-09 22:42:14.306,0.0008498418610543013,0,0.0008487042621709406,0
2026-02-09 22:42:14.413,0.0008408151916228235,0,0.0008420186350122094,0
2026-02-09 22:42:14.520,0.0008338224142789841,0,0.0008390070521272719,0
2026-02-09 22:42:14.626,0.0008270240505225956,0,0.0008402186154853553,0
2026-02-09 22:42:14.733,0.000823698821477592,0,0.0008456993033178151,0
2026-02-09 22:42:14.840,0.0008285187650471926,0,0.0008557039895094931,0
2026-02-09 22:42:14.946,0.0008414039039053023,0,0.0008705753018148244,0
2026-02-09 22:42:15.053,0.0008657870930619538,0,0.00089600914507173,0
2026-02-09 22:42:15.160,0.0008992095245048404,0,0.0009310285153333097,0
2026-02-09 22:42:15.266,0.0009469182696193457,0,0.0009735435829497874,0
2026-02-09 22:42:15.373,0.0009985549841076136,0,0.001020541973412037,0
2026-02-09 22:42:15.480,0.0010951536241918802,0,0.0010708790388889611,0
2026-02-09 22:42:15.586,0.0011840161168947816,0,0.0011204976530279965,0
2026-02-09 22:42:15.693,0.0012521747266873717,0,0.0011666496167890728,0
2026-02-09 22:42:15.800,0.0012936827261000872,0,0.0012047511874698103,0
2026-02-09 22:42:15.906,0.0013318894198164344,0,0.0012266922742128373,0
2026-02-09 22:42:16.013,0.0013375900452956557,0,0.001233769569080323,0
2026-02-09 22:42:16.120,0.001327306730672717,0,0.0012242910568602383,0
2026-02-09 22:42:16.226,0.0012802252313122153,0,0.0012014949636068196,0
2026-02-09 22:42:16.333,0.0011663291370496154,0,0.0011691904510371387,0
2026-02-09 22:42:16.440,0.0010693279327824712,0,0.0011307979992125183,0
2026-02-09 22:42:16.546,0.0010003685019910336,0,0.0010874510917346925,0
2026-02-09 22:42:16.653,0.0009560551843605936,0,0.0010427123925182968,0
2026-02-09 22:42:16.760,0.0009291296009905636,0,0.000998201488982886,0
2026-02-09 22:42:16.866,0.0009097582078538835,0,0.0009575518139172346,0
2026-02-09 22:42:16.973,0.0008984203450381756,0,0.0009275130461901427,0
2026-02-09 22:42:17.080,0.0008902030531316996,0,0.0009064207260962576,0
2026-02-09 22:42:17.186,0.0008821976953186095,0,0.0008904577873181552,0
2026-02-09 22:42:17.293,0.0008737284806557,0,0.0008773538924288004,0
2026-02-09 22:42:17.400,0.0008659414597786963,0,0.0008657424885313957,0
2026-02-09 22:42:17.506,0.0008584047318436205,0,0.0008552172628697007,0
2026-02-09 22:42:17.613,0.0008407391142100096,0,0.0008452210226096213,0
2026-02-09 22:42:17.720,0.0008250162354670465,0,0.0008355633064638824,0
2026-02-09 22:42:17.826,0.0008130155620165169,0,0.0008264772419352085,0
2026-02-09 22:42:17.933,0.0008045059512369335,0,0.0008181967830751091,0
2026-02-09 22:42:18.040,0.0007984579424373806,0,0.000810806272784248,0
2026-02-09 22:42:18.146,0.00079362589167431,0,0.0008042219036724418,0
2026-02-09 22:42:18.253,0.0007913370500318706,0,0.0007994577405042947,0
2026-02-09 22:42:18.360,0.0007909238920547068,0,0.0007962772389873863,0
2026-02-09 22:42:18.466,0.000792036356870085,0,0.0007943098840769381,0
2026-02-09 22:42:18.573,0.000792561040725559,0,0.0007932850567158312,0
2026-02-09 22:42:18.680,0.0007930974825285375,0,0.0007929670333396644,0
2026-02-09 22:42:18.786,0.0007932112202979624,0,0.0007926878635771573,0
2026-02-09 22:42:18.893,0.000793342012912035,0,0.0007921281328890472,0
2026-02-09 22:42:19.000,0.0007942576776258647,0,0.0007910743937827647,0
2026-02-09 22:42:19.106,0.0007952777086757123,0,0.0007893460511695594,0
2026-02-09 22:42:19.213,0.0007908341940492392,0,0.0007869827095419168,0
2026-02-09 22:42:19.320,0.0007857397431507707,0,0.0007840375474188477,0
2026-02-09 22:42:19.426,0.0007803865009918809,0,0.0007806481735315174,0
2026-02-09 22:42:19.533,0.0007747529307380319,0,0.000776945659890771,0
2026-02-09 22:42:19.640,0.0007689276244491339,0,0.0007729958393611014,0
2026-02-09 22:42:19.746,0.0007636458612978458,0,0.0007691168284509331,0
2026-02-09 22:42:19.853,0.0007593174814246595,0,0.0007658066344447434,0
2026-02-09 22:42:19.960,0.0007563168765045702,0,0.000763054279377684,0
2026-02-09 22:42:20.066,0.0007547594723291695,0,0.0007607658975757658,0
2026-02-09 22:42:20.173,0.0007564875995740294,0,0.000758915941696614,0
2026-02-09 22:42:20.280,0.0007577322539873421,0,0.0007573745853733272,0
2026-02-09 22:42:20.386,0.0007582161924801767,0,0.000756137486314401,0
2026-02-09 22:42:20.493,0.0007575026829726994,0,0.0007550864946097135,0
2026-02-09 22:42:20.600,0.0007562533719465137,0,0.0007540403632447124,0
2026-02-09 22:42:20.706,0.000753514061216265,0,0.0007526955392677337,0
2026-02-09 22:42:20.813,0.0007512748707085848,0,0.0007506400696001946,0
2026-02-09 22:42:20.920,0.0007488075643777847,0,0.0007481729029677808,0
2026-02-09 22:42:21.026,0.0007458555628545582,0,0.0007455731742084026,0
2026-02-09 22:42:21.133,0.0007413112325593829,0,0.000743194209644571,0
2026-02-09 22:42:21.240,0.0007359329028986394,0,0.000741395156364888,0
2026-02-09 22:42:21.346,0.0007330605876632035,0,0.0007409729005303234,0
2026-02-09 22:42:21.453,0.0007322189048863947,0,0.0007419221161399037,0
2026-02-09 22:42:21.560,0.0007337130373343825,0,0.0007444351504091173,0
2026-02-09 22:42:21.666,0.0007382628391496837,0,0.0007487261143978685,0
2026-02-09 22:42:21.773,0.0007492915028706193,0,0.0007551501854322851,0
2026-02-09 22:42:21.880,0.0007607670268043876,0,0.0007624967722222209,0
2026-02-09 22:42:21.986,0.0007739379070699215,0,0.0007705054420512169,0
2026-02-09 22:42:22.093,0.00078876520274207,0,0.0007784702233038842,0
2026-02-09 22:42:22.200,0.0008055519429035485,0,0.0007861402758862823,0
2026-02-09 22:42:22.306,0.0008093987707979977,0,0.0007934217574074864,0
2026-02-09 22:42:22.413,0.0008131472859531641,0,0.0008001222275197506,0
2026-02-09 22:42:22.520,0.0008118667174130678,0,0.0008069921925198287,0
2026-02-09 22:42:22.626,0.0008104135631583631,0,0.0008153800095897168,0
2026-02-09 22:42:22.733,0.0008110776543617249,0,0.0008272061124444008,0
2026-02-09 22:42:22.840,0.0008162962039932609,0,0.0008438873337581754,0
2026-02-09 22:42:22.946,0.0008294666768051684,0,0.0008715989126358182,0
2026-02-09 22:42:23.053,0.0008578160777688026,0,0.0009081967582460493,0
2026-02-09 22:42:23.160,0.0009070262312889099,0,0.000953477929579094,0
2026-02-09 22:42:23.266,0.0009723641560412943,0,0.0010032028309069573,0
2026-02-09 22:42:23.373,0.0010865145595744252,0,0.0010550470091402532,0
2026-02-09 22:42:23.480,0.0011791257420554757,0,0.0011039334232918919,0
2026-02-09 22:42:23.586,0.0012646784307435155,0,0.001156504900427535,0
2026-02-09 22:42:23.693,0.0013076625764369965,0,0.0012228864652570337,0
2026-02-09 22:42:23.800,0.0013295194366946816,0,0.0013222959416452796,0
2026-02-09 22:42:23.906,0.0013051603455096483,0,0.0015383072895929217,0
2026-02-09 22:42:24.013,0.001355181448161602,0,0.001953707041684538,0
2026-02-09 22:42:24.120,0.001521631726063788,0,0.0025277975015342235,0
2026-02-09 22:42:24.226,0.0019011209951713681,0,0.0033441233332268893,0
2026-02-09 22:42:24.333,0.0031324776355177164,0,0.0045950425672344865,0
2026-02-09 22:42:24.440,0.005240512080490589,0,0.007149750669486821,0
2026-02-09 22:42:24.546,0.00692003034055233,0,0.014984788931906223,0
2026-02-09 22:42:24.653,0.009427936747670174,0,0.03244851222261787,0
2026-02-09 22:42:24.760,0.013816854916512966,0,0.05684744858881459,0
2026-02-09 22:42:24.866,0.026876600459218025,0,0.0825721306959167,0
2026-02-09 22:42:24.973,0.07965554296970367,0,0.11064062397927046,0
2026-02-09 22:42:25.080,0.17599241435527802,0,0.14313816586509348,0
2026-02-09 22:42:25.186,0.245510995388031,0,0.18513658894225954,0
2026-02-09 22:42:25.293,0.2591479420661926,0,0.2491968029178679,0
2026-02-09 22:42:25.400,0.2838174104690552,0,0.3261009009554982,0
2026-02-09 22:42:25.506,0.3302159309387207,0,0.4012039601802826,0
2026-02-09 22:42:25.613,0.42690426111221313,0,0.4724163457751274,0
2026-02-09 22:42:25.720,0.6500300765037537,1,0.5306200742721557,1
2026-02-09 22:42:25.826,0.7828578352928162,1,0.5733452200889587,1
2026-02-09 22:42:25.933,0.7779071927070618,1,0.6137869477272033,1
2026-02-09 22:42:26.040,0.7917793989181519,1,0.6464843630790711,1
2026-02-09 22:42:26.146,0.7580296993255615,1,0.6655582189559937,1
2026-02-09 22:42:26.253,0.6727624535560608,1,0.6662828654050827,1
2026-02-09 22:42:26.360,0.6635652184486389,1,0.6316944271326065,1
2026-02-09 22:42:26.466,0.6107915639877319,1,0.5693509593605995,1
2026-02-09 22:42:26.573,0.5209544897079468,1,0.49768987521529195,0
2026-02-09 22:42:26.680,0.43415072560310364,0,0.42101863157004116,0
2026-02-09 22:42:26.786,0.3041456937789917,0,0.3462640067562461,0
2026-02-09 22:42:26.893,0.15942315757274628,0,0.2795414614025503,0
2026-02-09 22:42:27.000,0.06129635125398636,0,0.21350676035508515,0
2026-02-09 22:42:27.106,0.025066962465643883,0,0.1525693272938952,0
2026-02-09 22:42:27.213,0.010483451187610626,0,0.10058392462087795,0
2026-02-09 22:42:27.320,0.005537000019103289,0,0.057276158209424465,0
2026-02-09 22:42:27.426,0.003218207973986864,0,0.026970578951295465,0
2026-02-09 22:42:27.533,0.0014172333758324385,0,0.011140620708465577,0
2026-02-09 22:42:27.640,0.0011004629777744412,0,0.005127089901361614,0
2026-02-09 22:42:27.746,0.0010730614885687828,0,0.002739535621367395,0
2026-02-09 22:42:27.853,0.0010899011977016926,0,0.0018124683410860598,0
2026-02-09 22:42:27.960,0.0011235751444473863,0,0.001377347984816879,0
2026-02-09 22:42:28.066,0.0011610431829467416,0,0.001170954038389027,0
2026-02-09 22:42:28.173,0.0011914196657016873,0,0.001141722418833524,0
2026-02-09 22:42:28.280,0.001212778384797275,0,0.0011381274671293795,0
2026-02-09 22:42:28.386,0.001185796456411481,0,0.001133057987317443,0
2026-02-09 22:42:28.493,0.001154268509708345,0,0.0011239290470257401,0
2026-02-09 22:42:28.600,0.0011249171802774072,0,0.0011104771867394448,0
2026-02-09 22:42:28.706,0.0010645134607329965,0,0.001092911057639867,0
2026-02-09 22:42:28.813,0.0010223666904494166,0,0.0010712667892221362,0
2026-02-09 22:42:28.920,0.000998611794784665,0,0.0010463919898029417,0
2026-02-09 22:42:29.026,0.0009890565415844321,0,0.0010226495331153273,0
2026-02-09 22:42:29.133,0.000985381891950965,0,0.001000048074638471,0
2026-02-09 22:42:29.240,0.0009749769815243781,0,0.0009782250155694783,0
2026-02-09 22:42:29.346,0.0009640303906053305,0,0.0009606133098714054,0
2026-02-09 22:42:29.453,0.0009483718895353377,0,0.0009458445245400071,0
2026-02-09 22:42:29.560,0.0009282539249397814,0,0.0009323229372967034,0
2026-02-09 22:42:29.666,0.0009066865895874798,0,0.0009189926728140563,0
2026-02-09 22:42:29.773,0.0008883964037522674,0,0.000905254960525781,0
2026-02-09 22:42:29.880,0.0008746788371354342,0,0.0008912134682759643,0
2026-02-09 22:42:29.986,0.0008633959223516285,0,0.0008770021784584969,0
2026-02-09 22:42:30.093,0.0008557538967579603,0,0.0008634889731183648,0
2026-02-09 22:42:30.200,0.0008480047690682113,0,0.0008511517546139658,0
2026-02-09 22:42:30.306,0.0008345620590262115,0,0.0008401116472668945,0
2026-02-09 22:42:30.413,0.0008219174924306571,0,0.0008300058485474438,0
2026-02-09 22:42:30.520,0.0008132398361340165,0,0.0008205078134778887,0
2026-02-09 22:42:30.626,0.0008048817398957908,0,0.0008115170348901302,0
2026-02-09 22:42:30.733,0.0007962855161167681,0,0.0008028378942981362,0
2026-02-09 22:42:30.840,0.000787338416557759,0,0.0007947552250698209,0
2026-02-09 22:42:30.946,0.0007796984864398837,0,0.0007885612430982292,0
2026-02-09 22:42:31.053,0.0007734881364740431,0,0.0007842465594876558,0
2026-02-09 22:42:31.160,0.000768962490838021,0,0.0007812276075128466,0
2026-02-09 22:42:31.266,0.0007671780767850578,0,0.0007793526863679289,0
2026-02-09 22:42:31.373,0.0007726222393102944,0,0.0007779526524245739,0
2026-02-09 22:42:31.480,0.000778770656324923,0,0.0007769749383442104,0
2026-02-09 22:42:31.586,0.0007830503163859248,0,0.0007763026573229581,0
2026-02-09 22:42:31.693,0.0007861325284466147,0,0.0007758640393149107,0
2026-02-09 22:42:31.800,0.0007822851766832173,0,0.0007754952646791935,0
2026-02-09 22:42:31.906,0.0007775612757541239,0,0.000775066768983379,0
2026-02-09 22:42:32.013,0.000772975676227361,0,0.0007744270376861095,0
2026-02-09 22:42:32.120,0.0007691019563935697,0,0.0007735781546216458,0
2026-02-09 22:42:32.226,0.0007652747444808483,0,0.0007726309704594314,0
2026-02-09 22:42:32.333,0.0007628931198269129,0,0.0007719046494457871,0
2026-02-09 22:42:32.440,0.0007662249263375998,0,0.0007732943748123943,0
2026-02-09 22:42:32.546,0.0007702818256802857,0,0.0007776676793582737,0
2026-02-09 22:42:32.653,0.0007735784747637808,0,0.000785551912849769,0
2026-02-09 22:42:32.760,0.0007788693183101714,0,0.0007974915555678308,0
2026-02-09 22:42:32.866,0.0007961824303492904,0,0.0008131924725603313,0
2026-02-09 22:42:32.973,0.0008212943212129176,0,0.000829944567522034,0
2026-02-09 22:42:33.080,0.0008518180111423135,0,0.0008452585723716765,0
2026-02-09 22:42:33.186,0.0008884983835741878,0,0.0008586154552176594,0
2026-02-09 22:42:33.293,0.0009222839144058526,0,0.0008712925889994949,0
2026-02-09 22:42:33.400,0.0009304140694439411,0,0.0008846975164487958,0
2026-02-09 22:42:33.506,0.0009193649748340249,0,0.0009004025196190923,0
2026-02-09 22:42:33.613,0.0009038506541401148,0,0.0009190543205477297,0
2026-02-09 22:42:33.720,0.0009003498125821352,0,0.0009392440435476602,0
2026-02-09 22:42:33.826,0.0009129185928031802,0,0.000958651292603463,0
2026-02-09 22:42:33.933,0.0009532324620522559,0,0.000977572990814224,0
2026-02-09 22:42:34.040,0.0010078123304992914,0,0.0010016562475357205,0
2026-02-09 22:42:34.146,0.0010537152411416173,0,0.0010274451167788356,0
2026-02-09 22:42:34.253,0.001082570874132216,0,0.0010543986747507006,0
2026-02-09 22:42:34.360,0.001111500896513462,0,0.0010812512889970094,0
2026-02-09 22:42:34.466,0.001171246636658907,0,0.0011080948112066834,0
2026-02-09 22:42:34.573,0.0011772536672651768,0,0.0011293091345578432,0
2026-02-09 22:42:34.680,0.0011733862338587642,0,0.0011443848721683024,0
2026-02-09 22:42:34.786,0.0011688759550452232,0,0.0011534749646671116,0
2026-02-09 22:42:34.893,0.0011813538148999214,0,0.001158772688359022,0
2026-02-09 22:42:35.000,0.0011653756955638528,0,0.0011621576617471875,0
2026-02-09 22:42:35.106,0.0011585697066038847,0,0.0011655936716124416,0
2026-02-09 22:42:35.213,0.0011446161661297083,0,0.0011764306342229246,0
2026-02-09 22:42:35.320,0.001135548111051321,0,0.0011923230718821286,0
2026-02-09 22:42:35.426,0.0011453506303951144,0,0.001213118084706366,0
2026-02-09 22:42:35.533,0.0012056067353114486,0,0.0012382506974972785,0
2026-02-09 22:42:35.640,0.0012856232933700085,0,0.0012665528687648476,0
2026-02-09 22:42:35.746,0.0013323106104508042,0,0.0013002371531911194,0
2026-02-09 22:42:35.853,0.0013768260832875967,0,0.0013439386384561658,0
2026-02-09 22:42:35.960,0.0014326799428090453,0,0.0013958919211290778,0
2026-02-09 22:42:36.066,0.0014483974082395434,0,0.0014489443157799542,0
2026-02-09 22:42:36.173,0.0014954125508666039,0,0.0014808187261223793,0
2026-02-09 22:42:36.280,0.0015816310187801719,0,0.0014984907815232874,0
2026-02-09 22:42:36.386,0.0016550809377804399,0,0.0015101006370969116,0
2026-02-09 22:42:36.493,0.0016758745769038796,0,0.0015202376642264425,0
2026-02-09 22:42:36.600,0.0015243508387356997,0,0.001523306791204959,0
2026-02-09 22:42:36.706,0.0014623438473790884,0,0.0015191401937045157,0
2026-02-09 22:42:36.813,0.001448409166187048,0,0.0015001107472926377,0
2026-02-09 22:42:36.920,0.0014781963545829058,0,0.0014567495207302272,0
2026-02-09 22:42:37.026,0.001463371212594211,0,0.001393992209341377,0
2026-02-09 22:42:37.133,0.0014067314332351089,0,0.0013205158233176918,0
2026-02-09 22:42:37.240,0.0013051180867478251,0,0.0012557874491903932,0
2026-02-09 22:42:37.346,0.001148018753156066,0,0.0011929000029340386,0
2026-02-09 22:42:37.453,0.0010275078238919377,0,0.0011290060589089989,0
2026-02-09 22:42:37.560,0.0009411107166670263,0,0.0010602733062114566,0
2026-02-09 22:42:37.666,0.0008770670974627137,0,0.0009913003246765583,0
2026-02-09 22:42:37.773,0.0008334693848155439,0,0.0009261517669074237,0
2026-02-09 22:42:37.880,0.0008094697259366512,0,0.0008698476944118738,0
2026-02-09 22:42:37.986,0.0007908688276074827,0,0.0008280501118861139,0
2026-02-09 22:42:38.093,0.0007736413972452283,0,0.0007973184518050402,0
2026-02-09 22:42:38.200,0.0007552458555437624,0,0.0007743446447420865,0
2026-02-09 22:42:38.306,0.000742077361792326,0,0.0007578158925753087,0
2026-02-09 22:42:38.413,0.0007300429278984666,0,0.0007458283915184438,0
2026-02-09 22:42:38.520,0.0007201912230812013,0,0.0007364194607362151,0
2026-02-09 22:42:38.626,0.0007113726460374892,0,0.0007290793641004711,0
2026-02-09 22:42:38.733,0.0007117795757949352,0,0.0007237394980620593,0
2026-02-09 22:42:38.840,0.0007135943742468953,0,0.0007209540053736418,0
2026-02-09 22:42:38.946,0.0007153804181143641,0,0.0007200708147138357,0
2026-02-09 22:42:39.053,0.0007174678612500429,0,0.0007208337308838963,0
2026-02-09 22:42:39.160,0.0007202427368611097,0,0.0007229073147755116,0
2026-02-09 22:42:39.266,0.0007273909286595881,0,0.0007260614540427924,0
2026-02-09 22:42:39.373,0.0007332454551942647,0,0.0007286242151167243,0
2026-02-09 22:42:39.480,0.0007376720895990729,0,0.0007304348167963326,0
2026-02-09 22:42:39.586,0.000740927061997354,0,0.0007315438997466117,0
2026-02-09 22:42:39.693,0.0007429140387102962,0,0.0007318739779293537,0
2026-02-09 22:42:39.800,0.0007374071865342557,0,0.0007312856847420335,0
2026-02-09 22:42:39.906,0.0007317003910429776,0,0.0007297286239918322,0
2026-02-09 22:42:40.013,0.0007264712476171553,0,0.0007274723669979721,0
2026-02-09 22:42:40.120,0.0007207686430774629,0,0.000724707986228168,0
2026-02-09 22:42:40.226,0.0007143598049879074,0,0.0007216369907837361,0
2026-02-09 22:42:40.333,0.0007118203211575747,0,0.0007184140500612557,0
2026-02-09 22:42:40.440,0.0007106828852556646,0,0.0007161158602684737,0
2026-02-09 22:42:40.546,0.0007100282819010317,0,0.0007148089702241123,0
2026-02-09 22:42:40.653,0.000710217107553035,0,0.0007144658709876239,0
2026-02-09 22:42:40.760,0.000710684631485492,0,0.0007150688616093248,0
2026-02-09 22:42:40.866,0.0007144252886064351,0,0.0007166352006606758,0
2026-02-09 22:42:40.973,0.000718631490599364,0,0.000717906397767365,0
2026-02-09 22:42:41.080,0.0007230402552522719,0,0.0007188129122368992,0
2026-02-09 22:42:41.186,0.0007267985492944717,0,0.0007192934688646346,0
2026-02-09 22:42:41.293,0.0007300231955014169,0,0.0007193064957391471,0
2026-02-09 22:42:41.400,0.0007245322922244668,0,0.000718891859287396,0
2026-02-09 22:42:41.506,0.0007197480299510062,0,0.000718030909774825,0
2026-02-09 22:42:41.613,0.0007148338481783867,0,0.0007167123490944505,0
2026-02-09 22:42:41.720,0.0007103473762981594,0,0.0007149550365284085,0
2026-02-09 22:42:41.826,0.000706538266967982,0,0.0007128833327442408,0
2026-02-09 22:42:41.933,0.0007058157934807241,0,0.0007107286539394409,0
2026-02-09 22:42:42.040,0.000705445883795619,0,0.0007099002366885542,0
2026-02-09 22:42:42.146,0.0007054671295918524,0,0.0007101986033376306,0
2026-02-09 22:42:42.253,0.0007060815114527941,0,0.0007116104825399816,0
2026-02-09 22:42:42.360,0.0007084764074534178,0,0.0007140529167372733,0
2026-02-09 22:42:42.466,0.0007162481197156012,0,0.0007175062724854797,0
2026-02-09 22:42:42.573,0.0007227316964417696,0,0.0007207435905002057,0
2026-02-09 22:42:42.680,0.0007289526402018964,0,0.0007236692355945707,0
2026-02-09 22:42:42.786,0.0007347717182710767,0,0.0007262716710101814,0
2026-02-09 22:42:42.893,0.0007410718244500458,0,0.0007284431660082192,0
2026-02-09 22:42:43.000,0.0007381889736279845,0,0.0007300216937437653,0
2026-02-09 22:42:43.106,0.0007347023347392678,0,0.0007308412401471287,0
2026-02-09 22:42:43.213,0.0007314914837479591,0,0.0007310768298339099,0
2026-02-09 22:42:43.320,0.0007277964614331722,0,0.0007307633350137621,0
2026-02-09 22:42:43.426,0.0007242616848088801,0,0.000730069208657369,0
2026-02-09 22:42:43.533,0.0007244435837492347,0,0.0007292857975699007,0
2026-02-09 22:42:43.640,0.0007250875933095813,0,0.0007293466711416841,0
2026-02-09 22:42:43.746,0.0007258176920004189,0,0.0007302715384867042,0
2026-02-09 22:42:43.853,0.0007278304547071457,0,0.000732049613725394,0
2026-02-09 22:42:43.960,0.0007332377135753632,0,0.0007347267761360854,0
2026-02-09 22:42:44.066,0.0007387977093458176,0,0.0007378459209576249,0
2026-02-09 22:42:44.173,0.0007439510081894696,0,0.0007403548515867442,0
2026-02-09 22:42:44.280,0.0007492722361348569,0,0.0007422470080200583,0
2026-02-09 22:42:44.386,0.000754568085540086,0,0.0007434941944666207,0
2026-02-09 22:42:44.493,0.0007554531330242753,0,0.0007439328648615629,0
2026-02-09 22:42:44.600,0.0007495328900404274,0,0.0007430632831528783,0
2026-02-09 22:42:44.706,0.0007440091576427221,0,0.0007413292420096696,0
2026-02-09 22:42:44.813,0.000738289556466043,0,0.000738880067365244,0
2026-02-09 22:42:44.920,0.0007322171586565673,0,0.0007357819005846978,0
2026-02-09 22:42:45.026,0.0007245418964885175,0,0.0007321587705519051,0
2026-02-09 22:42:45.133,0.0007214572979137301,0,0.0007287633372470737,0
2026-02-09 22:42:45.240,0.0007194592617452145,0,0.0007263286155648529,0
2026-02-09 22:42:45.346,0.0007182905683293939,0,0.0007248670852277427,0
2026-02-09 22:42:45.453,0.0007183367852121592,0,0.0007244506967253983,0
2026-02-09 22:42:45.560,0.0007214987999759614,0,0.0007250546303112059,0
2026-02-09 22:42:45.666,0.0007251856732182205,0,0.0007261936960276216,0
2026-02-09 22:42:45.773,0.0007293938542716205,0,0.0007274666975717991,0
2026-02-09 22:42:45.880,0.0007341256714425981,0,0.0007288686931133271,0
2026-02-09 22:42:45.986,0.0007382564945146441,0,0.0007303567719645799,0
2026-02-09 22:42:46.093,0.000735932553652674,0,0.0007317596464417875,0
2026-02-09 22:42:46.200,0.0007341873133555055,0,0.0007330175139941275,0
2026-02-09 22:42:46.306,0.0007334792171604931,0,0.0007343218254391104,0
2026-02-09 22:42:46.413,0.0007331713568419218,0,0.0007358622446190566,0
2026-02-09 22:42:46.520,0.0007323655299842358,0,0.0007378236972726881,0
2026-02-09 22:42:46.626,0.0007340774754993618,0,0.0007402585702948272,0
2026-02-09 22:42:46.733,0.0007382287876680493,0,0.0007433857070282101,0
2026-02-09 22:42:46.840,0.0007447980460710824,0,0.0007471753109712153,0
2026-02-09 22:42:46.946,0.0007537401979789138,0,0.0007514570606872439,0
2026-02-09 22:42:47.053,0.0007626052247360349,0,0.0007559135789051652,0
2026-02-09 22:42:47.160,0.0007672039209865034,0,0.0007606990926433355,0
2026-02-09 22:42:47.266,0.0007720833527855575,0,0.0007646446174476296,0
2026-02-09 22:42:47.373,0.0007762967143207788,0,0.0007675408152863384,0
2026-02-09 22:42:47.480,0.0007777365390211344,0,0.0007691906241234392,0
2026-02-09 22:42:47.586,0.0007802206673659384,0,0.0007693168648984283,0
2026-02-09 22:42:47.693,0.0007735327235423028,0,0.0007678849098738283,0
2026-02-09 22:42:47.800,0.0007671907660551369,0,0.0007654207176528871,0
2026-02-09 22:42:47.906,0.000761296134442091,0,0.000761981209507212,0
2026-02-09 22:42:48.013,0.0007550026057288051,0,0.0007576944655738771,0
2026-02-09 22:42:48.120,0.0007482856744900346,0,0.0007529190625064075,0
2026-02-09 22:42:48.226,0.0007425619987770915,0,0.0007477448671124876,0
2026-02-09 22:42:48.333,0.0007376882713288069,0,0.0007434549916069955,0
2026-02-09 22:42:48.440,0.0007334292749874294,0,0.0007400380913168192,0
2026-02-09 22:42:48.546,0.0007299825083464384,0,0.0007374749111477286,0
2026-02-09 22:42:48.653,0.000728478713426739,0,0.0007357864466030151,0
2026-02-09 22:42:48.760,0.0007306339684873819,0,0.000734913133783266,0
2026-02-09 22:42:48.866,0.0007330217631533742,0,0.0007343268836848438,0
2026-02-09 22:42:48.973,0.0007356643327511847,0,0.0007339267758652568,0
2026-02-09 22:42:49.080,0.0007381179602816701,0,0.0007336467562709004,0
2026-02-09 22:42:49.186,0.0007395525462925434,0,0.0007333916146308184,0
2026-02-09 22:42:49.293,0.0007366994977928698,0,0.0007329417509026826,0
2026-02-09 22:42:49.400,0.000733687193132937,0,0.0007321686018258334,0
2026-02-09 22:42:49.506,0.0007306290790438652,0,0.0007311516848858446,0
2026-02-09 22:42:49.613,0.0007274310919456184,0,0.0007300359255168587,0
2026-02-09 22:42:49.720,0.0007239800761453807,0,0.0007289927860256284,0
2026-02-09 22:42:49.826,0.0007229024777188897,0,0.0007282875245437026,0
2026-02-09 22:42:49.933,0.0007228525937534869,0,0.0007285948609933257,0
2026-02-09 22:42:50.040,0.0007245067390613258,0,0.0007300962635781616,0
2026-02-09 22:42:50.146,0.0007276865653693676,0,0.0007327660103328526,0
2026-02-09 22:42:50.253,0.000732499931473285,0,0.0007366983452811837,0
2026-02-09 22:42:50.360,0.0007397728622891009,0,0.0007427182048559189,0
2026-02-09 22:42:50.466,0.0007487012189812958,0,0.0007514477067161352,0
2026-02-09 22:42:50.573,0.0007573265465907753,0,0.0007633496366906911,0
2026-02-09 22:42:50.680,0.0007667544414289296,0,0.0007927299826405943,0
2026-02-09 22:42:50.786,0.0007841786718927324,0,0.0008223771350458264,0
2026-02-09 22:42:50.893,0.0008101974963210523,0,0.0008526835648808628,0
2026-02-09 22:42:51.000,0.0008418718934990466,0,0.000884031632449478,0
2026-02-09 22:42:51.106,0.001018310198560357,0,0.0009170082455966621,0
2026-02-09 22:42:51.213,0.0010241580894216895,0,0.0009532076073810458,0
2026-02-09 22:42:51.320,0.001035564229823649,0,0.0009963260090444237,0
2026-02-09 22:42:51.426,0.0010532535379752517,0,0.0010275362408719956,0
2026-02-09 22:42:51.533,0.0010784673504531384,0,0.001045673928456381,0
2026-02-09 22:42:51.640,0.0011193201644346118,0,0.0010777837713249027,0
2026-02-09 22:42:51.746,0.0011979384580627084,0,0.0010893664555624127,0
2026-02-09 22:42:51.853,0.0010962809901684523,0,0.0010997276636771857,0
2026-02-09 22:42:51.960,0.000991574372164905,0,0.0011081770760938525,0
2026-02-09 22:42:52.066,0.0011629703221842647,0,0.0011111744213849306,0
2026-02-09 22:42:52.173,0.0011341370409354568,0,0.0011077450355514884,0
2026-02-09 22:42:52.280,0.0011277701705694199,0,0.001097016455605626,0
2026-02-09 22:42:52.386,0.0011200583539903164,0,0.0010756783187389374,0
2026-02-09 22:42:52.493,0.0010832269908860326,0,0.001061970746377483,0
2026-02-09 22:42:52.600,0.0010441734921187162,0,0.0010560223716311156,0
2026-02-09 22:42:52.706,0.0010120343649759889,0,0.0010304787079803645,0
2026-02-09 22:42:52.813,0.000984557089395821,0,0.0010043883754406123,0
2026-02-09 22:42:52.920,0.0009592052665539086,0,0.0009755747974850238,0
2026-02-09 22:42:53.026,0.0009320906247012317,0,0.000944812863599509,0
2026-02-09 22:42:53.133,0.0009075336856767535,0,0.0009158474684227258,0
2026-02-09 22:42:53.240,0.0008732337155379355,0,0.0008890557917766273,0
2026-02-09 22:42:53.346,0.0008396343910135329,0,0.0008641280001029372,0
2026-02-09 22:42:53.453,0.000812439015135169,0,0.0008410384820308536,0
2026-02-09 22:42:53.560,0.0007935730391182005,0,0.0008216112328227609,0
2026-02-09 22:42:53.666,0.0007762567256577313,0,0.0008054450736381114,0
2026-02-09 22:42:53.773,0.0007627564482390881,0,0.0007920920208562166,0
2026-02-09 22:42:53.880,0.0007536619086749852,0,0.0007826783694326878,0
2026-02-09 22:42:53.986,0.0007649327744729817,0,0.0007767346571199596,0
2026-02-09 22:42:54.093,0.0007704290328547359,0,0.0007725224248133599,0
2026-02-09 22:42:54.200,0.0007740031578578055,0,0.0007703927461989224,0
2026-02-09 22:42:54.306,0.0007790972013026476,0,0.0007704807561822235,0
2026-02-09 22:42:54.413,0.0007801972678862512,0,0.0007725239905994385,0
2026-02-09 22:42:54.520,0.0007703166920691729,0,0.0007760045700706542,0
2026-02-09 22:42:54.626,0.0007722762529738247,0,0.0007794610515702516,0
2026-02-09 22:42:54.733,0.0007771368254907429,0,0.0007837440352886915,0
2026-02-09 22:42:54.840,0.000783188792411238,0,0.0007892092515248805,0
2026-02-09 22:42:54.946,0.0007884677033871412,0,0.000796805793652311,0
2026-02-09 22:42:55.053,0.000799497589468956,0,0.0008070168958511203,0
2026-02-09 22:42:55.160,0.0008132588700391352,0,0.0008209069375880063,0
2026-02-09 22:42:55.266,0.0008286553202196956,0,0.0008359136816579848,0
2026-02-09 22:42:55.373,0.000855062622576952,0,0.0008534668188076467,0
2026-02-09 22:42:55.480,0.0008823082898743451,0,0.0008753367932513356,0
2026-02-09 22:42:55.586,0.0009092171094380319,0,0.0009335570852272212,0
2026-02-09 22:42:55.693,0.0009223436936736107,0,0.0009900361183099449,0
2026-02-09 22:42:55.800,0.0009526681969873607,0,0.001046878210036084,0
2026-02-09 22:42:55.906,0.0010018885368481278,0,0.0011048240063246339,0
2026-02-09 22:42:56.013,0.0013706706231459975,0,0.0011637564573902636,0
2026-02-09 22:42:56.120,0.0013642879202961922,0,0.0012238709605298936,0
2026-02-09 22:42:56.226,0.001381679787300527,0,0.0012832648877520113,0
2026-02-09 22:42:56.333,0.0014081132831051946,0,0.0012937300198245794,0
2026-02-09 22:42:56.440,0.0014443871332332492,0,0.001293656521011144,0
2026-02-09 22:42:56.546,0.0014834533212706447,0,0.001296959538012743,0
2026-02-09 22:42:56.653,0.0015031563816592097,0,0.0012727081659249962,0
2026-02-09 22:42:56.760,0.00102699501439929,0,0.001250012475065887,0
2026-02-09 22:42:56.866,0.0009519332088530064,0,0.0012251098756678402,0
2026-02-09 22:42:56.973,0.0010349187068641186,0,0.0011960185249336064,0
2026-02-09 22:42:57.080,0.001128156902268529,0,0.0011600230471231043,0
2026-02-09 22:42:57.186,0.0011373310117051005,0,0.0011166075826622545,0
2026-02-09 22:42:57.293,0.0011326537933200598,0,0.0010679421946406364,0
2026-02-09 22:42:57.400,0.001117199775762856,0,0.0010635276907123626,0
2026-02-09 22:42:57.506,0.0010844323551282287,0,0.0010637314873747528,0
2026-02-09 22:42:57.613,0.001049298676662147,0,0.0010523218079470098,0
2026-02-09 22:42:57.720,0.0010165025014430285,0,0.001028974715154618,0
2026-02-09 22:42:57.826,0.000982849975116551,0,0.001002575393067673,0
2026-02-09 22:42:57.933,0.0009539711754769087,0,0.0009748377138748765,0
2026-02-09 22:42:58.040,0.000920821912586689,0,0.0009466003859415651,0
2026-02-09 22:42:58.146,0.0008946859743446112,0,0.0009198160958476364,0
2026-02-09 22:42:58.253,0.0008733377908356488,0,0.0008951903379056603,0
2026-02-09 22:42:58.360,0.0008552770013920963,0,0.0008725819177925586,0
2026-02-09 22:42:58.466,0.0008348264964297414,0,0.0008529099053703248,0
2026-02-09 22:42:58.573,0.0008165894541889429,0,0.0008356539066880942,0
2026-02-09 22:42:58.680,0.0008030410972423851,0,0.0008208413259126246,0
2026-02-09 22:42:58.786,0.0007904183003120124,0,0.0008075105317402631,0
2026-02-09 22:42:58.893,0.0007861298508942127,0,0.0007956660818308591,0
2026-02-09 22:42:59.000,0.0007814111886546016,0,0.0007849472400266677,0
2026-02-09 22:42:59.106,0.0007726961048319936,0,0.0007757454877719283,0
2026-02-09 22:42:59.213,0.0007613780326209962,0,0.000768006598809734,0
2026-02-09 22:42:59.320,0.0007548932917416096,0,0.0007614188943989575,0
2026-02-09 22:42:59.426,0.0007480885833501816,0,0.0007563697814475745,0
2026-02-09 22:42:59.533,0.0007428089738823473,0,0.0007521840860135853,0
2026-02-09 22:42:59.640,0.0007392005645669997,0,0.0007489774667192251,0
2026-02-09 22:42:59.746,0.0007371640531346202,0,0.0007470776443369686,0
2026-02-09 22:42:59.853,0.0007399271707981825,0,0.000746769440593198,0
2026-02-09 22:42:59.960,0.000744272896554321,0,0.0007470905722584576,0
2026-02-09 22:43:00.066,0.0007493449957109988,0,0.0007480000029318034,0
2026-02-09 22:43:00.173,0.0007536978810094297,0,0.0007493380340747535,0
2026-02-09 22:43:00.280,0.000758295995183289,0,0.0007509668939746916,0
2026-02-09 22:43:00.386,0.0007581046083942056,0,0.0007528421410825104,0
2026-02-09 22:43:00.493,0.0007571828900836408,0,0.0007549193862359971,0
2026-02-09 22:43:00.600,0.0007561892853118479,0,0.0007571790891233831,0
2026-02-09 22:43:00.706,0.0007554891635663807,0,0.0007599023461807519,0
2026-02-09 22:43:00.813,0.0007559165242128074,0,0.0007629036554135382,0
2026-02-09 22:43:00.920,0.0007606996223330498,0,0.0007663052820134908,0
2026-02-09 22:43:01.026,0.0007668699254281819,0,0.0007721659843809902,0
2026-02-09 22:43:01.133,0.0007765775662846863,0,0.0007805214903783053,0
2026-02-09 22:43:01.240,0.0007837109733372927,0,0.0007944051758386195,0
2026-02-09 22:43:01.346,0.0007923122611828148,0,0.0008155818097293377,0
2026-02-09 22:43:01.453,0.0008167116320692003,0,0.000848840520484373,0
2026-02-09 22:43:01.560,0.0008407379500567913,0,0.0008981721650343389,0
2026-02-09 22:43:01.666,0.0008950261399149895,0,0.000962722091935575,0
2026-02-09 22:43:01.773,0.000967255502473563,0,0.0010455441370140761,0
2026-02-09 22:43:01.880,0.0010885036317631602,0,0.001148369669681415,0
2026-02-09 22:43:01.986,0.0012540160678327084,0,0.001244901481550187,0
2026-02-09 22:43:02.093,0.0014123691944405437,0,0.001335042790742591,0
2026-02-09 22:43:02.200,0.0016047980170696974,0,0.0014345705567393452,0
2026-02-09 22:43:02.306,0.0018119663000106812,0,0.0015380128344986588,0
2026-02-09 22:43:02.413,0.001757630379870534,0,0.0016500000725500285,0
2026-02-09 22:43:02.520,0.0017181247239932418,0,0.0017716147704049945,0
2026-02-09 22:43:02.626,0.001836015610024333,0,0.0018989496864378452,0
2026-02-09 22:43:02.733,0.0019294489175081253,0,0.0020750127150677145,0
2026-02-09 22:43:02.840,0.002087127882987261,0,0.0024001911864615978,0
2026-02-09 22:43:02.946,0.0023046506103128195,0,0.0034268354647792876,0
2026-02-09 22:43:03.053,0.0025273652281612158,0,0.008418553357478232,0
2026-02-09 22:43:03.160,0.003172999480739236,0,0.026329860277473926,0
2026-02-09 22:43:03.266,0.00485658273100853,0,0.06702670336235314,0
2026-02-09 22:43:03.373,0.01207840908318758,0,0.12151016008574515,0
2026-02-09 22:43:03.480,0.05167480930685997,0,0.1708717454923317,0
2026-02-09 22:43:03.586,0.1808311939239502,0,0.19973263861611484,0
2026-02-09 22:43:03.693,0.40880444645881653,0,0.21607234061229974,0
2026-02-09 22:43:03.800,0.5467640161514282,1,0.2241698463447392,0
2026-02-09 22:43:03.906,0.49570298194885254,0,0.22782813953235745,0
2026-02-09 22:43:04.013,0.29091358184814453,0,0.22883003186434508,0
2026-02-09 22:43:04.120,0.16592438519001007,0,0.22531755194067954,0
2026-02-09 22:43:04.226,0.08414805680513382,0,0.208671884983778,0
2026-02-09 22:43:04.333,0.041439514607191086,0,0.16909020831808447,0
2026-02-09 22:43:04.440,0.022097332403063774,0,0.11573431808501482,0
2026-02-09 22:43:04.546,0.016550010070204735,0,0.0677506186068058,0
2026-02-09 22:43:04.653,0.014374524354934692,0,0.04067861046642065,0
2026-02-09 22:43:04.760,0.012987679801881313,0,0.02648811936378479,0
2026-02-09 22:43:04.866,0.01320511382073164,0,0.02032280880957842,0
2026-02-09 22:43:04.973,0.015865987166762352,0,0.01800729427486658,0
2026-02-09 22:43:05.080,0.020193500444293022,0,0.016849122289568187,0
2026-02-09 22:43:05.186,0.024019474163651466,0,0.015554392733611167,0
2026-02-09 22:43:05.293,0.022494951263070107,0,0.014305195794440806,0
2026-02-09 22:43:05.400,0.018284369260072708,0,0.013134409743361174,0
2026-02-09 22:43:05.506,0.010515612550079823,0,0.01191254974110052,0
2026-02-09 22:43:05.613,0.0036027145106345415,0,0.010412975458893924,0
2026-02-09 22:43:05.720,0.0018825549632310867,0,0.008476806321414187,0
2026-02-09 22:43:05.826,0.0012798192910850048,0,0.006156451272545382,0
2026-02-09 22:43:05.933,0.0009865137981250882,0,0.003988029027823359,0
2026-02-09 22:43:06.040,0.0008702443446964025,0,0.0022407901065889745,0
2026-02-09 22:43:06.146,0.0008318090694956481,0,0.0012709589500445873,0
2026-02-09 22:43:06.253,0.0008159236749634147,0,0.0009931631793733686,0
2026-02-09 22:43:06.360,0.0008107288158498704,0,0.0008856994158122688,0
2026-02-09 22:43:06.466,0.0008119800477288663,0,0.0008367378555703908,0
2026-02-09 22:43:06.573,0.0008173009846359491,0,0.0008154562616255135,0
2026-02-09 22:43:06.680,0.0008247568039223552,0,0.0008041830325964839,0
2026-02-09 22:43:06.786,0.000807917327620089,0,0.0007951442326884717,0
2026-02-09 22:43:06.893,0.0007902036886662245,0,0.0007870797067880631,0
2026-02-09 22:43:07.000,0.0007736978586763144,0,0.0007792154559865594,0
2026-02-09 22:43:07.106,0.0007575120544061065,0,0.0007714276376646012,0
2026-02-09 22:43:07.213,0.0007414210704155266,0,0.0007643327175173908,0
2026-02-09 22:43:07.320,0.0007352784159593284,0,0.0007602058816701174,0
2026-02-09 22:43:07.426,0.0007320863078348339,0,0.0007606340164784342,0
2026-02-09 22:43:07.533,0.0007341018645092845,0,0.0007656773086637259,0
2026-02-09 22:43:07.640,0.0007463517831638455,0,0.0007758602965623141,0
2026-02-09 22:43:07.746,0.0007834884454496205,0,0.0007917283219285309,0
2026-02-09 22:43:07.853,0.0008121986757032573,0,0.0008148991852067411,0
2026-02-09 22:43:07.960,0.000840636610519141,0,0.0008445786137599498,0
2026-02-09 22:43:08.066,0.0008755277376621962,0,0.0008895494975149632,0
2026-02-09 22:43:08.173,0.0009161923080682755,0,0.0009595741285011172,0
2026-02-09 22:43:08.280,0.0009731297031976283,0,0.0010704554500989617,0
2026-02-09 22:43:08.386,0.0010320727014914155,0,0.0012326205207500607,0
2026-02-09 22:43:08.493,0.0011817951453849673,0,0.0014838966191746295,0
2026-02-09 22:43:08.600,0.0014343481743708253,0,0.0019160084833856673,0
2026-02-09 22:43:08.706,0.0018551649991422892,0,0.0028004368476103993,0
2026-02-09 22:43:08.813,0.0024051391519606113,0,0.00421104931156151,0
2026-02-09 22:43:08.920,0.003324959659948945,0,0.00575564723694697,0
2026-02-09 22:43:09.026,0.0051617552526295185,0,0.007055166363716126,0
2026-02-09 22:43:09.133,0.009719811379909515,0,0.007773260411340743,0
2026-02-09 22:43:09.240,0.015022316947579384,0,0.008084552641957999,0
2026-02-09 22:43:09.346,0.01641910895705223,0,0.00816245200112462,0
2026-02-09 22:43:09.453,0.014027263969182968,0,0.00811124435858801,0
2026-02-09 22:43:09.560,0.008362735621631145,0,0.007965069427154959,0
2026-02-09 22:43:09.666,0.004547270480543375,0,0.007649605115875602,0
2026-02-09 22:43:09.773,0.0026341585908085108,0,0.0068965268088504676,0
2026-02-09 22:43:09.880,0.0018930627265945077,0,0.005617611482739449,0
2026-02-09 22:43:09.986,0.0018632103456184268,0,0.004172634962014854,0
2026-02-09 22:43:10.093,0.0020071121398359537,0,0.00295493098674342,0
2026-02-09 22:43:10.200,0.0021890283096581697,0,0.0022880922770127654,0
2026-02-09 22:43:10.306,0.0022331636864691973,0,0.0019966730382293464,0
2026-02-09 22:43:10.413,0.001969343749806285,0,0.0018961484194733203,0
2026-02-09 22:43:10.520,0.0018502242164686322,0,0.0018724545952863991,0
2026-02-09 22:43:10.626,0.001694348524324596,0,0.001854317297693342,0
2026-02-09 22:43:10.733,0.0016330780927091837,0,0.0018214375246316194,0
2026-02-09 22:43:10.840,0.0016289124032482505,0,0.0017678806441836059,0
2026-02-09 22:43:10.946,0.0016561244847252965,0,0.0017096509225666523,0
2026-02-09 22:43:11.053,0.0016818373696878552,0,0.00166024916106835,0
2026-02-09 22:43:11.160,0.0016783144092187285,0,0.0016132286284118891,0
2026-02-09 22:43:11.266,0.0016534595051780343,0,0.0015762645984068514,0
2026-02-09 22:43:11.373,0.0016508664702996612,0,0.0015409590909257532,0
2026-02-09 22:43:11.480,0.0014753261348232627,0,0.0015018746722489595,0
2026-02-09 22:43:11.586,0.0013800188899040222,0,0.0014565074117854238,0
2026-02-09 22:43:11.693,0.001324708224274218,0,0.0014047272154130042,0
2026-02-09 22:43:11.800,0.001280023017898202,0,0.0013514502090401948,0
2026-02-09 22:43:11.906,0.0012380682164803147,0,0.001300012890715152,0
2026-02-09 22:43:12.013,0.0012024518800899386,0,0.0012493039248511195,0
2026-02-09 22:43:12.120,0.0011640354059636593,0,0.0012257819063961506,0
2026-02-09 22:43:12.226,0.0011455443454906344,0,0.001216575875878334,0
2026-02-09 22:43:12.333,0.001139086321927607,0,0.0012146250694058836,0
2026-02-09 22:43:12.440,0.001143776811659336,0,0.0012177936849184334,0
2026-02-09 22:43:12.546,0.0012401059502735734,0,0.0012247785925865173,0
2026-02-09 22:43:12.653,0.0012879585847258568,0,0.0012323381030000745,0
2026-02-09 22:43:12.760,0.0013052001595497131,0,0.0012395006720907985,0
2026-02-09 22:43:12.866,0.0013117091730237007,0,0.001245231693610549,0
2026-02-09 22:43:12.973,0.0013079172931611538,0,0.0012499260366894305,0
2026-02-09 22:43:13.080,0.0012780469842255116,0,0.001253947033546865,0
2026-02-09 22:43:13.186,0.0012356610968708992,0,0.0012532264925539493,0
2026-02-09 22:43:13.293,0.001202854560688138,0,0.00125166509533301,0
2026-02-09 22:43:13.400,0.001186029752716422,0,0.001248839299660176,0
2026-02-09 22:43:13.506,0.0011839867802336812,0,0.0012439028709195555,0
2026-02-09 22:43:13.613,0.001232900540344417,0,0.0012427951674908399,0
2026-02-09 22:43:13.720,0.0012723446125164628,0,0.001251097663771361,0
2026-02-09 22:43:13.826,0.001276942202821374,0,0.0012671902775764465,0
2026-02-09 22:43:13.933,0.0012623448856174946,0,0.001288069412112236,0
2026-02-09 22:43:14.040,0.0012968402588739991,0,0.0013089646585285664,0
2026-02-09 22:43:14.146,0.001361071947030723,0,0.0013440363807603716,0
2026-02-09 22:43:14.253,0.0013965872349217534,0,0.0013699747622013092,0
2026-02-09 22:43:14.360,0.001411645906046033,0,0.0013935986091382802,0
2026-02-09 22:43:14.466,0.0013949822168797255,0,0.0014235347392968834,0
2026-02-09 22:43:14.573,0.0015347040025517344,0,0.0014619330409914254,0
2026-02-09 22:43:14.680,0.0014922843547537923,0,0.0015110385953448712,0
2026-02-09 22:43:14.786,0.0015085830818861723,0,0.0015705390367656946,0
2026-02-09 22:43:14.893,0.0015763035044074059,0,0.0016495617222972215,0
2026-02-09 22:43:15.000,0.0016463279025629163,0,0.0017420242889784276,0
2026-02-09 22:43:15.106,0.0017878958024084568,0,0.0018361986731179059,0
2026-02-09 22:43:15.213,0.0019560763612389565,0,0.001925947144627571,0
2026-02-09 22:43:15.320,0.0021868140902370214,0,0.0020226074964739384,0
2026-02-09 22:43:15.426,0.002336271572858095,0,0.0021174015826545657,0
2026-02-09 22:43:15.533,0.0023367260582745075,0,0.0022164079477079214,0
2026-02-09 22:43:15.640,0.002432188717648387,0,0.0023280750261619686,0
2026-02-09 22:43:15.746,0.0024588878732174635,0,0.002425218187272549,0
2026-02-09 22:43:15.853,0.0024565239436924458,0,0.002490237052552402,0
2026-02-09 22:43:15.960,0.002566367154940963,0,0.0025171609595417976,0
2026-02-09 22:43:16.066,0.0027629986871033907,0,0.0025023388443514705,0
2026-02-09 22:43:16.173,0.0027593274135142565,0,0.0024636957328766584,0
2026-02-09 22:43:16.280,0.00260626501403749,0,0.0023768481332808733,0
2026-02-09 22:43:16.386,0.0024560531601309776,0,0.0022708602831698955,0
2026-02-09 22:43:16.493,0.0021880504209548235,0,0.002157345868181437,0
2026-02-09 22:43:16.600,0.0019502949435263872,0,0.0020276914234273135,0
2026-02-09 22:43:16.706,0.0015637127216905355,0,0.0018778712721541524,0
2026-02-09 22:43:16.813,0.0013990093721076846,0,0.0017311624134890736,0
2026-02-09 22:43:16.920,0.0013213797938078642,0,0.001607838016934693,0
2026-02-09 22:43:17.026,0.001269822707399726,0,0.001501473819371313,0
2026-02-09 22:43:17.133,0.001264797174371779,0,0.0014203123399056494,0
2026-02-09 22:43:17.240,0.0012922388268634677,0,0.0013630973058752715,0
2026-02-09 22:43:17.346,0.0013730210484936833,0,0.0013415469671599566,0
2026-02-09 22:43:17.453,0.0013924111844971776,0,0.0013325171894393861,0
2026-02-09 22:43:17.560,0.0013764356262981892,0,0.0013304820866324007,0
2026-02-09 22:43:17.666,0.0013781446032226086,0,0.0013333607814274729,0
2026-02-09 22:43:17.773,0.001348209334537387,0,0.0013382089207880199,0
2026-02-09 22:43:17.880,0.001308711594901979,0,0.0013414714368991554,0
2026-02-09 22:43:17.986,0.0013010287657380104,0,0.0013400838943198323,0
2026-02-09 22:43:18.093,0.0012986096553504467,0,0.0013418501708656549,0
2026-02-09 22:43:18.200,0.0013132785679772496,0,0.0013511544675566256,0
2026-02-09 22:43:18.306,0.0013248639879748225,0,0.0013647565036080777,0
2026-02-09 22:43:18.413,0.0013591456227004528,0,0.0013806535280309618,0
2026-02-09 22:43:18.520,0.0014100739499554038,0,0.0013993259868584572,0
2026-02-09 22:43:18.626,0.0014694785932078958,0,0.0014217559131793679,0
2026-02-09 22:43:18.733,0.0015141649637371302,0,0.0014422735548578203,0
2026-02-09 22:43:18.840,0.0015071795787662268,0,0.001451483729761094,0
2026-02-09 22:43:18.946,0.0014954361831769347,0,0.0014443328604102136,0
2026-02-09 22:43:19.053,0.001525328028947115,0,0.0014208588982000947,0
2026-02-09 22:43:19.160,0.0015037860721349716,0,0.0013855090131983162,0
2026-02-09 22:43:19.266,0.0014053803170099854,0,0.0013416081783361733,0
2026-02-09 22:43:19.373,0.0012533552944660187,0,0.0012915097293443977,0
2026-02-09 22:43:19.480,0.001124406000599265,0,0.0012412662850692867,0
2026-02-09 22:43:19.586,0.0010565750999376178,0,0.0011920523946173489,0
2026-02-09 22:43:19.693,0.0010304702445864677,0,0.0011391085223294794,0
2026-02-09 22:43:19.800,0.001013180473819375,0,0.0010873061837628484,0
2026-02-09 22:43:19.906,0.0010047451360151172,0,0.00104453006060794,0
2026-02-09 22:43:20.013,0.0010032972786575556,0,0.0010164720530156045,0
2026-02-09 22:43:20.120,0.0009958893060684204,0,0.0010038646112661808,0
2026-02-09 22:43:20.226,0.0009857626864686608,0,0.001001085463212803,0
2026-02-09 22:43:20.333,0.0009776190854609013,0,0.0010086819587741048,0
2026-02-09 22:43:20.440,0.0009727752185426652,0,0.0010275482258293779,0
2026-02-09 22:43:20.546,0.0009983315831050277,0,0.001053315430181101,0
2026-02-09 22:43:20.653,0.0010287836194038391,0,0.0010804507473949343,0
2026-02-09 22:43:20.760,0.0011064352001994848,0,0.0011060002201702447,0
2026-02-09 22:43:20.866,0.0012018431443721056,0,0.0011378541064914316,0
2026-02-09 22:43:20.973,0.0012624171795323491,0,0.0011831097828689963,0
2026-02-09 22:43:21.080,0.001274650450795889,0,0.0012596936081536113,0
2026-02-09 22:43:21.186,0.0012513840338215232,0,0.0013716207584366202,0
2026-02-09 22:43:21.293,0.001304301549680531,0,0.0015125808771699668,0
2026-02-09 22:43:21.400,0.001430175849236548,0,0.0016416097758337855,0
2026-02-09 22:43:21.506,0.0017386134713888168,0,0.0017370404209941625,0
2026-02-09 22:43:21.613,0.002117603085935116,0,0.0018100618035532534,0
2026-02-09 22:43:21.720,0.0024383848067373037,0,0.0018680557026527823,0
2026-02-09 22:43:21.826,0.002396724186837673,0,0.001920913381036371,0
2026-02-09 22:43:21.933,0.002156149595975876,0,0.0019741192110814152,0
2026-02-09 22:43:22.040,0.0019926310051232576,0,0.0020310958614572884,0
2026-02-09 22:43:22.146,0.0018545894417911768,0,0.0020699785090982914,0
2026-02-09 22:43:22.253,0.001779960817657411,0,0.002064802986569703,0
2026-02-09 22:43:22.360,0.0018363598501309752,0,0.002011080039665103,0
2026-02-09 22:43:22.466,0.0019999423529952765,0,0.0019381879013963045,0
2026-02-09 22:43:22.573,0.002127439947798848,0,0.001873150747269392,0
2026-02-09 22:43:22.680,0.002065847860649228,0,0.001822353806346655,0
2026-02-09 22:43:22.786,0.001901155337691307,0,0.001789600169286132,0
2026-02-09 22:43:22.893,0.0016678028041496873,0,0.0017700227326713502,0
2026-02-09 22:43:23.000,0.0015057780547067523,0,0.001745260157622397,0
2026-02-09 22:43:23.106,0.0014846615958958864,0,0.0017010491341352464,0
2026-02-09 22:43:23.213,0.0015270530711859465,0,0.0016451171599328519,0
2026-02-09 22:43:23.320,0.001584186451509595,0,0.0015992488828487695,0
2026-02-09 22:43:23.426,0.0015887340996414423,0,0.001569134322926402,0
2026-02-09 22:43:23.533,0.0015578321181237698,0,0.001572083937935531,0
2026-02-09 22:43:23.640,0.0015681202057749033,0,0.0016091532539576291,0
2026-02-09 22:43:23.746,0.0016071650898084044,0,0.001669470383785665,0
2026-02-09 22:43:23.853,0.0016000097384676337,0,0.0017547811614349485,0
2026-02-09 22:43:23.960,0.0016972989542409778,0,0.0018700046464800834,0
2026-02-09 22:43:24.066,0.001876471214927733,0,0.0019863812252879144,0
2026-02-09 22:43:24.173,0.0020878328941762447,0,0.0020648739999160172,0
2026-02-09 22:43:24.280,0.0023801608476787806,0,0.002120986022055149,0
2026-02-09 22:43:24.386,0.002736421301960945,0,0.0021671028225682676,0
2026-02-09 22:43:24.493,0.0027524998877197504,0,0.0022207767004147174,0
2026-02-09 22:43:24.600,0.0023427598644047976,0,0.002269468770828098,0
2026-02-09 22:43:24.706,0.0021292404271662235,0,0.002303556283004582,0
2026-02-09 22:43:24.813,0.0020683330949395895,0,0.002322898060083389,0
2026-02-09 22:43:24.920,0.00213674851693213,0,0.0023009557742625477,0
2026-02-09 22:43:25.026,0.0021842196583747864,0,0.0022289732471108435,0
2026-02-09 22:43:25.133,0.0022173463366925716,0,0.0021399088203907014,0
2026-02-09 22:43:25.240,0.0022812506649643183,0,0.002080401114653796,0
2026-02-09 22:43:25.346,0.0021607379894703627,0,0.002023689914494753,0
2026-02-09 22:43:25.453,0.002016596030443907,0,0.0019554995000362397,0
2026-02-09 22:43:25.560,0.0018618556205183268,0,0.0018716290360316634,0
2026-02-09 22:43:25.666,0.0017476828070357442,0,0.0017774821841157972,0
2026-02-09 22:43:25.773,0.0015621284255757928,0,0.0016779686789959668,0
2026-02-09 22:43:25.880,0.001386428950354457,0,0.0015710281557403504,0
2026-02-09 22:43:25.986,0.0012980438768863678,0,0.0014735209522768855,0
2026-02-09 22:43:26.093,0.001242751139216125,0,0.001384330983273685,0
2026-02-09 22:43:26.200,0.001222211285494268,0,0.0013053119299001991,0
2026-02-09 22:43:26.306,0.001211845432408154,0,0.0012359388289041816,0
2026-02-09 22:43:26.413,0.001185665954835713,0,0.001184252486564219,0
2026-02-09 22:43:26.520,0.0011246963404119015,0,0.0011515518417581916,0
2026-02-09 22:43:26.626,0.0010716650867834687,0,0.0011313386377878488,0
2026-02-09 22:43:26.733,0.0010539517970755696,0,0.0011191676021553576,0
2026-02-09 22:43:26.840,0.0010452650021761656,0,0.001111312455032021,0
2026-02-09 22:43:26.946,0.0010594225022941828,0,0.0011023271246813238,0
2026-02-09 22:43:27.053,0.001095911837182939,0,0.001094198611099273,0
2026-02-09 22:43:27.160,0.001121040782891214,0,0.00109020140953362,0
2026-02-09 22:43:27.266,0.0011436598142609,0,0.0010895691229961812,0
2026-02-09 22:43:27.373,0.0011219921289011836,0,0.0010902135400101542,0
2026-02-09 22:43:27.480,0.001104380819015205,0,0.0010925758862867952,0
2026-02-09 22:43:27.586,0.0010847243247553706,0,0.001094332686625421,0
2026-02-09 22:43:27.693,0.0010653422214090824,0,0.0010931891505606473,0
2026-02-09 22:43:27.800,0.0010603959672152996,0,0.0010890421108342707,0
2026-02-09 22:43:27.906,0.0010688884649425745,0,0.0010812256718054415,0
2026-02-09 22:43:28.013,0.0010769905056804419,0,0.0010737151838839053,0
2026-02-09 22:43:28.120,0.001084476476535201,0,0.0010681401123292743,0
2026-02-09 22:43:28.226,0.0010795703856274486,0,0.0010682562133297324,0
2026-02-09 22:43:28.333,0.0010654954239726067,0,0.0010766032268293203,0
2026-02-09 22:43:28.440,0.001046887249685824,0,0.0010909118806011974,0
2026-02-09 22:43:28.546,0.001048630103468895,0,0.001106700301170349,0
2026-02-09 22:43:28.653,0.0010858853347599506,0,0.0011165047879330813,0
2026-02-09 22:43:28.760,0.0011488123564049602,0,0.0011165859061293304,0
2026-02-09 22:43:28.866,0.0012034825049340725,0,0.0011121974675916135,0
2026-02-09 22:43:28.973,0.001226772670634091,0,0.001104178884997964,0
2026-02-09 22:43:29.080,0.0011750353733077645,0,0.0010950122843496502,0
2026-02-09 22:43:29.186,0.0010852876584976912,0,0.0010848450649064035,0
2026-02-09 22:43:29.293,0.00103568600025028,0,0.001071132905781269,0
2026-02-09 22:43:29.400,0.0009853095980361104,0,0.0010526119149290025,0
2026-02-09 22:43:29.506,0.0009552212432026863,0,0.001030037726741284,0
2026-02-09 22:43:29.613,0.0009469579090364277,0,0.0010122750303708018,0
2026-02-09 22:43:29.720,0.0009487637435086071,0,0.001016929477918893,0
2026-02-09 22:43:29.826,0.0009636024478822947,0,0.0010508029023185371,0
2026-02-09 22:43:29.933,0.0009777406230568886,0,0.0011201867833733558,0
2026-02-09 22:43:30.040,0.0010491457069292665,0,0.001224897720385343,0
2026-02-09 22:43:30.146,0.0012215798487886786,0,0.001366665435489267,0
2026-02-09 22:43:30.253,0.0014240219024941325,0,0.001526808162452653,0
2026-02-09 22:43:30.360,0.0017295248107984662,0,0.001706338580697775,0
2026-02-09 22:43:30.466,0.00203241896815598,0,0.001905761263333261,0
2026-02-09 22:43:30.573,0.002372898394241929,0,0.00212414029520005,0
2026-02-09 22:43:30.680,0.002548385178670287,0,0.002354583761189133,0
2026-02-09 22:43:30.786,0.0027440679259598255,0,0.002628268883563578,0
2026-02-09 22:43:30.893,0.002957829274237156,0,0.0029590122285299003,0
2026-02-09 22:43:31.000,0.0031615309417247772,0,0.0032753738341853023,0
2026-02-09 22:43:31.106,0.003353580366820097,0,0.003586335480213165,0
2026-02-09 22:43:31.213,0.003958431072533131,0,0.0038891489384695888,0
2026-02-09 22:43:31.320,0.004731455352157354,0,0.004150769347324968,0
2026-02-09 22:43:31.426,0.004893140867352486,0,0.004345490783452988,0
2026-02-09 22:43:31.533,0.00514203542843461,0,0.004525203444063664,0
2026-02-09 22:43:31.640,0.005401032976806164,0,0.004761929577216506,0
2026-02-09 22:43:31.746,0.005164589267224073,0,0.005017557367682457,0
2026-02-09 22:43:31.853,0.004691282287240028,0,0.00516246585175395,0
2026-02-09 22:43:31.960,0.004754955880343914,0,0.005151243833824992,0
2026-02-09 22:43:32.066,0.0055287922732532024,0,0.0050036318367347125,0
2026-02-09 22:43:32.173,0.005909858271479607,0,0.004757959675043821,0
2026-02-09 22:43:32.280,0.005407515913248062,0,0.004458482656627893,0
2026-02-09 22:43:32.386,0.004619235172867775,0,0.004185742209665477,0
2026-02-09 22:43:32.493,0.003417020896449685,0,0.00395476995036006,0
2026-02-09 22:43:32.600,0.0026853138115257025,0,0.003710841853171587,0
2026-02-09 22:43:32.706,0.002406262792646885,0,0.003388461237773299,0
2026-02-09 22:43:32.813,0.0024371847975999117,0,0.003038635803386569,0
2026-02-09 22:43:32.920,0.002381559694185853,0,0.0027399966726079582,0
2026-02-09 22:43:33.026,0.0023156749084591866,0,0.0025226758094504475,0
2026-02-09 22:43:33.133,0.0023049861192703247,0,0.002438796195201576,0
2026-02-09 22:43:33.240,0.0024116039276123047,0,0.002433258923701942,0
2026-02-09 22:43:33.346,0.002421124605461955,0,0.002458544261753559,0
2026-02-09 22:43:33.453,0.0024460265412926674,0,0.002491413801908493,0
2026-02-09 22:43:33.560,0.002578224753960967,0,0.0025511627551168202,0
2026-02-09 22:43:33.666,0.0026299410965293646,0,0.002617300837300718,0
2026-02-09 22:43:33.773,0.0026591161731630564,0,0.002657014550641179,0
2026-02-09 22:43:33.880,0.002765880199149251,0,0.0026721371803432705,0
2026-02-09 22:43:33.986,0.002979049226269126,0,0.002683160803280771,0
2026-02-09 22:43:34.093,0.0029770557302981615,0,0.0027002246817573903,0
2026-02-09 22:43:34.200,0.0027021232526749372,0,0.0027117896592244507,0
2026-02-09 22:43:34.306,0.002562830224633217,0,0.0027219543233513834,0
2026-02-09 22:43:34.413,0.00253136083483696,0,0.002731557749211788,0
2026-02-09 22:43:34.520,0.0026166653260588646,0,0.00285878146532923,0
2026-02-09 22:43:34.626,0.002693874528631568,0,0.0032177083659917114,0
2026-02-09 22:43:34.733,0.002731587737798691,0,0.0040364864515140654,0
2026-02-09 22:43:34.840,0.002755150431767106,0,0.005628017010167241,0
2026-02-09 22:43:34.946,0.0040381173603236675,0,0.008059106441214681,0
2026-02-09 22:43:35.053,0.006568318232893944,0,0.011734275938943028,0
2026-02-09 22:43:35.160,0.011164836585521698,0,0.017729429667815565,0
2026-02-09 22:43:35.266,0.018617428839206696,0,0.02677676302846521,0
2026-02-09 22:43:35.373,0.026873724535107613,0,0.04130331089254469,0
2026-02-09 22:43:35.480,0.03928305581212044,0,0.06084421980194747,0
2026-02-09 22:43:35.586,0.06256820261478424,0,0.08665232248604297,0
2026-02-09 22:43:35.693,0.09316720813512802,0,0.11733233761042357,0
2026-02-09 22:43:35.800,0.14799706637859344,0,0.15146567728370428,0
2026-02-09 22:43:35.906,0.19816423952579498,0,0.17898918520659207,0
2026-02-09 22:43:36.013,0.2621191442012787,0,0.1968615334481001,0
2026-02-09 22:43:36.120,0.31336846947669983,0,0.20998635217547418,0
2026-02-09 22:43:36.226,0.35249823331832886,0,0.2228345237672329,0
2026-02-09 22:43:36.333,0.2938525080680847,0,0.24504419565200805,0
2026-02-09 22:43:36.440,0.20559720695018768,0,0.28721761256456374,0
2026-02-09 22:43:36.546,0.1705312430858612,0,0.3415278971195221,0
2026-02-09 22:43:36.653,0.19104991853237152,0,0.3936760276556015,0
2026-02-09 22:43:36.760,0.31526392698287964,0,0.4438698709011078,0
2026-02-09 22:43:36.866,0.5697312355041504,1,0.49143546223640444,0
2026-02-09 22:43:36.973,0.7412670850753784,1,0.5441903054714203,1
2026-02-09 22:43:37.080,0.7836004495620728,1,0.6042943015694618,1
2026-02-09 22:43:37.186,0.8153069019317627,1,0.6647811517119407,1
2026-02-09 22:43:37.293,0.8281541466712952,1,0.7159753024578095,1
2026-02-09 22:43:37.400,0.8214009404182434,1,0.7485144793987274,1
2026-02-09 22:43:37.506,0.806637167930603,1,0.7544991910457611,1
2026-02-09 22:43:37.613,0.7753997445106506,1,0.7325753629207611,1
2026-02-09 22:43:37.720,0.7029914259910583,1,0.6791390031576157,1
2026-02-09 22:43:37.826,0.6406556963920593,1,0.6060864001512527,1
2026-02-09 22:43:37.933,0.6295783519744873,1,0.5257446065545082,1
2026-02-09 22:43:38.040,0.5220288038253784,1,0.44875793121755125,0
2026-02-09 22:43:38.146,0.2492368519306183,0,0.3787300866097212,0
2026-02-09 22:43:38.253,0.08478087186813354,0,0.3101145330816507,0
2026-02-09 22:43:38.360,0.024736210703849792,0,0.2448044341057539,0
2026-02-09 22:43:38.466,0.05153418704867363,0,0.18308451361954212,0
2026-02-09 22:43:38.573,0.10635872185230255,0,0.1210557647049427,0
2026-02-09 22:43:38.680,0.08924420922994614,0,0.06935090380720794,0
2026-02-09 22:43:38.786,0.049890436232089996,0,0.04479590968694538,0
2026-02-09 22:43:38.893,0.02345649152994156,0,0.03660640495363623,0
2026-02-09 22:43:39.000,0.009290862828493118,0,0.03437360553070903,0
2026-02-09 22:43:39.106,0.004980194848030806,0,0.029444049973972142,0
2026-02-09 22:43:39.213,0.003686910727992654,0,0.019026010157540442,0
2026-02-09 22:43:39.320,0.0028858245350420475,0,0.010314130666665733,0
2026-02-09 22:43:39.426,0.0024082164745777845,0,0.00553409440908581,0
2026-02-09 22:43:39.533,0.0022386314813047647,0,0.0033893911633640526,0
2026-02-09 22:43:39.640,0.0021783236879855394,0,0.002630882733501494,0
2026-02-09 22:43:39.746,0.0021254143211990595,0,0.002279668301343918,0
2026-02-09 22:43:39.853,0.0020900736562907696,0,0.0020426032249815764,0
2026-02-09 22:43:39.960,0.0020094590727239847,0,0.0018722482491284609,0
2026-02-09 22:43:40.066,0.0017057785298675299,0,0.0017362764105200768,0
2026-02-09 22:43:40.173,0.0014680505264550447,0,0.0016094984719529748,0
2026-02-09 22:43:40.280,0.0013162599643692374,0,0.0014847249258309603,0
2026-02-09 22:43:40.386,0.0011822747765108943,0,0.0013635011040605606,0
2026-02-09 22:43:40.493,0.0010484980884939432,0,0.0012454534415155649,0
2026-02-09 22:43:40.600,0.0009708520956337452,0,0.001135826186509803,0
2026-02-09 22:43:40.706,0.0009305882267653942,0,0.001057406183099374,0
2026-02-09 22:43:40.813,0.0009131761034950614,0,0.001003661728464067,0
2026-02-09 22:43:40.920,0.0009095970308408141,0,0.0009656655311118811,0
2026-02-09 22:43:41.026,0.0009131865226663649,0,0.0009411561244633049,0
2026-02-09 22:43:41.133,0.0009215784957632422,0,0.0009298214630689472,0
2026-02-09 22:43:41.240,0.0009306059801019728,0,0.0009242538479156792,0
2026-02-09 22:43:41.346,0.000936297990847379,0,0.0009208323142956942,0
2026-02-09 22:43:41.453,0.0009371807100251317,0,0.0009174363629426807,0
2026-02-09 22:43:41.560,0.0009351514745503664,0,0.0009126850520260632,0
2026-02-09 22:43:41.666,0.0009151759441010654,0,0.0009061140939593315,0
2026-02-09 22:43:41.773,0.0008963728905655444,0,0.0008973008370958269,0
2026-02-09 22:43:41.880,0.0008792165899649262,0,0.0008864126401022076,0
2026-02-09 22:43:41.986,0.000862083921674639,0,0.0008740201301407069,0
2026-02-09 22:43:42.093,0.000847476941999048,0,0.0008608672651462257,0
2026-02-09 22:43:42.200,0.0008334459271281958,0,0.0008472394605632871,0
2026-02-09 22:43:42.306,0.0008217240101657808,0,0.0008351770811714232,0
2026-02-09 22:43:42.413,0.0008123728912323713,0,0.0008247456920798868,0
2026-02-09 22:43:42.520,0.0008056520600803196,0,0.00081592783681117,0
2026-02-09 22:43:42.626,0.0007988734287209809,0,0.0008088910835795105,0
2026-02-09 22:43:42.733,0.000794552150182426,0,0.0008034554834011942,0
2026-02-09 22:43:42.840,0.0007920589996501803,0,0.0007988363679032773,0
2026-02-09 22:43:42.946,0.0007910380372777581,0,0.0007947382808197289,0
2026-02-09 22:43:43.053,0.0007917163893580437,0,0.0007908727333415299,0
2026-02-09 22:43:43.160,0.0007931209402158856,0,0.0007869940483942628,0
2026-02-09 22:43:43.266,0.0007872547721490264,0,0.0007829935930203646,0
2026-02-09 22:43:43.373,0.0007807431393302977,0,0.000778747524600476,0
2026-02-09 22:43:43.480,0.0007737174164503813,0,0.0007740930013824254,0
2026-02-09 22:43:43.586,0.0007668652106076479,0,0.000769091077381745,0
2026-02-09 22:43:43.693,0.0007588688749819994,0,0.000763875845586881,0
2026-02-09 22:43:43.800,0.0007520914659835398,0,0.0007584881735965609,0
2026-02-09 22:43:43.906,0.0007455137674696743,0,0.0007543532992713153,0
2026-02-09 22:43:44.013,0.0007410187972709537,0,0.0007519261969719082,0
2026-02-09 22:43:44.120,0.0007395640714094043,0,0.0007514355704188347,0
2026-02-09 22:43:44.226,0.0007392442203126848,0,0.0007531015144195408,0
2026-02-09 22:43:44.333,0.0007459060288965702,0,0.0007573580893222243,0
2026-02-09 22:43:44.440,0.0007564721163362265,0,0.000763094297144562,0
2026-02-09 22:43:44.546,0.000768811150919646,0,0.0007701447757426649,0
2026-02-09 22:43:44.653,0.0007835246506147087,0,0.0007782245345879346,0
2026-02-09 22:43:44.760,0.0008014346240088344,0,0.000787103280890733,0
2026-02-09 22:43:44.866,0.0008094535442069173,0,0.0007969066908117383,0
2026-02-09 22:43:44.973,0.0008160185534507036,0,0.0008073246979620307,0
2026-02-09 22:43:45.080,0.0008218163857236505,0,0.0008175673021469266,0
2026-02-09 22:43:45.186,0.0008283515344373882,0,0.0008275601197965443,0
2026-02-09 22:43:45.293,0.0008372783195227385,0,0.000837129313731566,0
2026-02-09 22:43:45.400,0.0008500861003994942,0,0.0008482583216391504,0
2026-02-09 22:43:45.506,0.000858898158185184,0,0.0008630301395896822,0
2026-02-09 22:43:45.613,0.0008687393274158239,0,0.0008821164781693369,0
2026-02-09 22:43:45.720,0.0008792165899649262,0,0.0009067684237379581,0
2026-02-09 22:43:45.826,0.0009127247030846775,0,0.0009381545009091496,0
2026-02-09 22:43:45.933,0.0009571717237122357,0,0.0009754014317877591,0
2026-02-09 22:43:46.040,0.0010068819392472506,0,0.001013584726024419,0
2026-02-09 22:43:46.146,0.001068335841409862,0,0.0010518844705075026,0
2026-02-09 22:43:46.253,0.001142212306149304,0,0.0010865358402952553,0
2026-02-09 22:43:46.360,0.0012097476283088326,0,0.001116564276162535,0
2026-02-09 22:43:46.466,0.0012319190427660942,0,0.0011408437450882048,0
2026-02-09 22:43:46.573,0.0012418956030160189,0,0.001168001489713788,0
2026-02-09 22:43:46.680,0.0012152530252933502,0,0.001211170246824622,0
2026-02-09 22:43:46.786,0.001179500948637724,0,0.0012963761808350682,0
2026-02-09 22:43:46.893,0.0011555193923413754,0,0.0014264369267039001,0
2026-02-09 22:43:47.000,0.0012287491699680686,0,0.0016042760573327542,0
2026-02-09 22:43:47.106,0.0014385695103555918,0,0.0018418622901663184,0
2026-02-09 22:43:47.213,0.0019203951815143228,0,0.0021391887217760085,0
2026-02-09 22:43:47.320,0.0024428197648376226,0,0.0025033754762262108,0
2026-02-09 22:43:47.426,0.002988138934597373,0,0.0029379330109804867,0
2026-02-09 22:43:47.533,0.003607781371101737,0,0.0033434130251407622,0
2026-02-09 22:43:47.640,0.004215159919112921,0,0.0036759972688741984,0
2026-02-09 22:43:47.746,0.00485712056979537,0,0.003990324621554464,0
2026-02-09 22:43:47.853,0.005525076296180487,0,0.004234554595313966,0
2026-02-09 22:43:47.960,0.00521031953394413,0,0.004417910473421216,0
2026-02-09 22:43:48.066,0.004554591607302427,0,0.004593033227138221,0
2026-02-09 22:43:48.173,0.004581843037158251,0,0.0048333378974348305,0
2026-02-09 22:43:48.280,0.0043626949191093445,0,0.005070122005417943,0
2026-02-09 22:43:48.386,0.00427637854591012,0,0.005282084923237562,0
2026-02-09 22:43:48.493,0.0047393664717674255,0,0.005440674396231771,0
2026-02-09 22:43:48.600,0.006010828074067831,0,0.005611149175092578,0
2026-02-09 22:43:48.706,0.006583000998944044,0,0.0057693785056471825,0
2026-02-09 22:43:48.813,0.006976749747991562,0,0.005814024852588773,0
2026-02-09 22:43:48.920,0.00711097102612257,0,0.005739309825003147,0
2026-02-09 22:43:49.026,0.006915067322552204,0,0.005580736906267703,0
2026-02-09 22:43:49.133,0.006136884912848473,0,0.005303634190931916,0
2026-02-09 22:43:49.240,0.005028306506574154,0,0.004846087854821235,0
2026-02-09 22:43:49.346,0.003615544643253088,0,0.004305453260894865,0
2026-02-09 22:43:49.453,0.0026906493585556746,0,0.0037081193877384067,0
2026-02-09 22:43:49.560,0.001968339318409562,0,0.0030886139429640025,0
2026-02-09 22:43:49.666,0.001435364712961018,0,0.002488967264071107,0
2026-02-09 22:43:49.773,0.0011766550596803427,0,0.0019670057052280756,0
2026-02-09 22:43:49.880,0.0010034110164269805,0,0.001555713318521157,0
2026-02-09 22:43:49.986,0.0009159165783785284,0,0.0012857516529038548,0
2026-02-09 22:43:50.093,0.0009186005336232483,0,0.0011082576005719603,0
2026-02-09 22:43:50.200,0.0009172693244181573,0,0.001003904693061486,0
2026-02-09 22:43:50.306,0.0009153826395049691,0,0.0009538175072520971,0
2026-02-09 22:43:50.413,0.0009159279870800674,0,0.0009328957530669868,0
2026-02-09 22:43:50.520,0.0009157088352367282,0,0.0009325143415480852,0
2026-02-09 22:43:50.626,0.0009248102433048189,0,0.0009414311673026532,0
2026-02-09 22:43:50.733,0.0009344928548671305,0,0.0009471602563280613,0
2026-02-09 22:43:50.840,0.0009674375178292394,0,0.0009511610725894571,0
2026-02-09 22:43:50.946,0.0009995969012379646,0,0.0009532112278975546,0
2026-02-09 22:43:51.053,0.0010050848359242082,0,0.0009522835607640445,0
2026-02-09 22:43:51.160,0.0009758914238773286,0,0.0009485322749242187,0
2026-02-09 22:43:51.266,0.0009572774870321155,0,0.0009435205953195691,0
2026-02-09 22:43:51.373,0.0009358841925859451,0,0.0009377145732287317,0
2026-02-09 22:43:51.480,0.0009066513157449663,0,0.0009296611067838966,0
2026-02-09 22:43:51.586,0.0008781959768384695,0,0.0009197785228025168,0
2026-02-09 22:43:51.693,0.0008746934472583234,0,0.0009116296248976141,0
2026-02-09 22:43:51.800,0.0008764326339587569,0,0.000908163923304528,0
2026-02-09 22:43:51.906,0.0008869028533808887,0,0.0009095154062379151,0
2026-02-09 22:43:52.013,0.000900771061424166,0,0.0009180277760606259,0
2026-02-09 22:43:52.120,0.0009235958568751812,0,0.000934562215115875,0
2026-02-09 22:43:52.226,0.0009412344079464674,0,0.0009611220564693212,0
2026-02-09 22:43:52.333,0.0009707923163659871,0,0.0009899642027448863,0
2026-02-09 22:43:52.440,0.0010210078908130527,0,0.0010158113378565758,0
2026-02-09 22:43:52.546,0.0010719957062974572,0,0.0010328890988603235,0
2026-02-09 22:43:52.653,0.001143794390372932,0,0.0010424679319839924,0
2026-02-09 22:43:52.760,0.0011631149100139737,0,0.0010491204506251962,0
2026-02-09 22:43:52.866,0.0011349039850756526,0,0.0010559254616964609,0
2026-02-09 22:43:52.973,0.0010576804634183645,0,0.0010618806001730264,0
2026-02-09 22:43:53.080,0.0009965593926608562,0,0.0010642278008162974,0
2026-02-09 22:43:53.186,0.0009901210432872176,0,0.0010644591646268963,0
2026-02-09 22:43:53.293,0.0010092845186591148,0,0.0010602722177281976,0
2026-02-09 22:43:53.400,0.0010303437011316419,0,0.001057603012304753,0
2026-02-09 22:43:53.506,0.0010444798972457647,0,0.001060933934058994,0
2026-02-09 22:43:53.613,0.0010743093444034457,0,0.001071599149145186,0
2026-02-09 22:43:53.720,0.0011019249213859439,0,0.001087212434504181,0
2026-02-09 22:43:53.826,0.0011364228557795286,0,0.0011011567898094655,0
2026-02-09 22:43:53.933,0.0011682132026180625,0,0.001109590393025428,0
2026-02-09 22:43:54.040,0.0011643326142802835,0,0.0011111047700978816,0
2026-02-09 22:43:54.146,0.0011526922462508082,0,0.0011048631044104696,0
2026-02-09 22:43:54.253,0.0011295645963400602,0,0.0010911513993050904,0
2026-02-09 22:43:54.360,0.0010936205508187413,0,0.0010696207114960997,0
2026-02-09 22:43:54.466,0.0010454874718561769,0,0.0010418772464618087,0
2026-02-09 22:43:54.573,0.0009820632403716445,0,0.0010100881045218557,0
2026-02-09 22:43:54.680,0.0009371922933496535,0,0.0009791793709155172,0
2026-02-09 22:43:54.786,0.0008866180432960391,0,0.0009495618520304561,0
2026-02-09 22:43:54.893,0.0008589882054366171,0,0.0009214224817696958,0
2026-02-09 22:43:55.000,0.0008503217832185328,0,0.0008958321413956583,0
2026-02-09 22:43:55.106,0.0008552452782168984,0,0.0008743197366129607,0
2026-02-09 22:43:55.213,0.0008565170574001968,0,0.0008589940727688373,0
2026-02-09 22:43:55.320,0.0008481708937324584,0,0.0008478512114379555,0
2026-02-09 22:43:55.426,0.0008377171470783651,0,0.0008409856585785746,0
2026-02-09 22:43:55.533,0.0008303634240292013,0,0.000835056439973414,0
2026-02-09 22:43:55.640,0.0008288066019304097,0,0.000828766351332888,0
2026-02-09 22:43:55.746,0.0008257636800408363,0,0.000821487104985863,0
2026-02-09 22:43:55.853,0.0008179625147022307,0,0.0008138677279930562,0
2026-02-09 22:43:55.960,0.00079969601938501,0,0.0008069311268627643,0
2026-02-09 22:43:56.066,0.0007874208968132734,0,0.0008018734457436949,0
2026-02-09 22:43:56.173,0.0007824528147466481,0,0.0007986863143742085,0
2026-02-09 22:43:56.280,0.0007803232874721289,0,0.0007970925827976317,0
2026-02-09 22:43:56.386,0.0007788048824295402,0,0.0007976786931976676,0
2026-02-09 22:43:56.493,0.0007871403358876705,0,0.0008013262820895761,0
2026-02-09 22:43:56.600,0.0007984921103343368,0,0.0008095810364466161,0
2026-02-09 22:43:56.706,0.0008128692861646414,0,0.0008220090239774436,0
2026-02-09 22:43:56.813,0.0008316247840411961,0,0.0008376049052458256,0
2026-02-09 22:43:56.920,0.000854438403621316,0,0.0008566859178245068,0
2026-02-09 22:43:57.026,0.0008822435629554093,0,0.0008800078998319804,0
2026-02-09 22:43:57.133,0.0009117007721215487,0,0.0009050098597072065,0
2026-02-09 22:43:57.240,0.0009384116274304688,0,0.0009309217915870249,0
2026-02-09 22:43:57.346,0.00097113341325894,0,0.0009560900391079486,0
2026-02-09 22:43:57.453,0.0010120247025042772,0,0.0009805996378418058,0
2026-02-09 22:43:57.560,0.0010371599346399307,0,0.0010066185204777867,0
2026-02-09 22:43:57.666,0.0010576114291325212,0,0.0010350513504818082,0
2026-02-09 22:43:57.773,0.0010645517613738775,0,0.0010658469516783952,0
2026-02-09 22:43:57.880,0.0010767207713797688,0,0.001097508514067158,0
2026-02-09 22:43:57.986,0.0011146272299811244,0,0.0011276759905740619,0
2026-02-09 22:43:58.093,0.0011665718629956245,0,0.0011636851588264108,0
2026-02-09 22:43:58.200,0.0012196567840874195,0,0.0011971733649261296,0
2026-02-09 22:43:58.306,0.0012550272513180971,0,0.0012281638802960515,0
2026-02-09 22:43:58.413,0.0012728081783279777,0,0.0012550341547466815,0
2026-02-09 22:43:58.520,0.0013721163850277662,0,0.0012763386475853622,0
2026-02-09 22:43:58.626,0.0013720419956371188,0,0.0012898809858597816,0
2026-02-09 22:43:58.733,0.0013675165828317404,0,0.0012919797329232097,0
2026-02-09 22:43:58.840,0.001333254505880177,0,0.001282285340130329,0
2026-02-09 22:43:58.946,0.0012897656997665763,0,0.0012636659201234579,0
2026-02-09 22:43:59.053,0.0012500506127253175,0,0.0012381170759908854,0
2026-02-09 22:43:59.160,0.0011875593336299062,0,0.00119856164092198,0
2026-02-09 22:43:59.266,0.0011227128561586142,0,0.0011555548931937664,0
2026-02-09 22:43:59.373,0.0010688330512493849,0,0.0011096040485426783,0
2026-02-09 22:43:59.480,0.0010173197370022535,0,0.0010649165837094189,0
2026-02-09 22:43:59.586,0.0009765620343387127,0,0.0010224634315818548,0
2026-02-09 22:43:59.693,0.0009419745183549821,0,0.0009812393109314144,0
2026-02-09 22:43:59.800,0.0009080081363208592,0,0.0009441764093935489,0
2026-02-09 22:43:59.906,0.0008863798575475812,0,0.0009118466929066926,0
2026-02-09 22:44:00.013,0.0008652341784909368,0,0.0008836301101837307,0
2026-02-09 22:44:00.120,0.0008378094062209129,0,0.0008603841008152813,0
2026-02-09 22:44:00.226,0.0008169303182512522,0,0.0008397632394917309,0
2026-02-09 22:44:00.333,0.0007994156912900507,0,0.0008224618504755199,0
2026-02-09 22:44:00.440,0.0007866672240197659,0,0.0008076110854744912,0
2026-02-09 22:44:00.546,0.000784859643317759,0,0.0007941499294247478,0
2026-02-09 22:44:00.653,0.0007703534211032093,0,0.0007820228522177786,0
2026-02-09 22:44:00.760,0.0007689606281928718,0,0.0007715990941505879,0
2026-02-09 22:44:00.866,0.0007595004863105714,0,0.0007631262764334678,0
2026-02-09 22:44:00.973,0.0007517682970501482,0,0.0007566461979877203,0
2026-02-09 22:44:01.080,0.0007439634064212441,0,0.0007520995801314712,0
2026-02-09 22:44:01.186,0.0007335718255490065,0,0.0007489149225875735,0
2026-02-09 22:44:01.293,0.0007322021410800517,0,0.0007493310258723795,0
2026-02-09 22:44:01.400,0.0007346149068325758,0,0.0007513600576203316,0
2026-02-09 22:44:01.506,0.0007412010454572737,0,0.0007559050340205431,0
2026-02-09 22:44:01.613,0.0007530130678787827,0,0.0007632462948095053,0
2026-02-09 22:44:01.720,0.0007745144539512694,0,0.0007739938679151237,0
2026-02-09 22:44:01.826,0.0007892509456723928,0,0.0007875546638388186,0
2026-02-09 22:44:01.933,0.000804950250312686,0,0.0008020316308829933,0
2026-02-09 22:44:02.040,0.0008251809049397707,0,0.0008167708816472441,0
2026-02-09 22:44:02.146,0.0008514391374774277,0,0.0008313179074320942,0
2026-02-09 22:44:02.253,0.0008691797847859561,0,0.0008420890313573182,0
2026-02-09 22:44:02.360,0.0008769718115217984,0,0.0008484637539368123,0
2026-02-09 22:44:02.466,0.0008820074144750834,0,0.000851459160912782,0
2026-02-09 22:44:02.573,0.0008866713033057749,0,0.0008536797133274377,0
2026-02-09 22:44:02.680,0.0008607243071310222,0,0.0008547309902496636,0
2026-02-09 22:44:02.786,0.0008382616797462106,0,0.0008534591412171722,0
2026-02-09 22:44:02.893,0.0008192050154320896,0,0.0008515166467987001,0
2026-02-09 22:44:03.000,0.0008271557744592428,0,0.0008500936848577112,0
2026-02-09 22:44:03.106,0.0008356936741620302,0,0.0008485794649459421,0
2026-02-09 22:44:03.213,0.0008387206471525133,0,0.0008459868899080902,0
2026-02-09 22:44:03.320,0.0008497548406012356,0,0.000845432054484263,0
2026-02-09 22:44:03.426,0.0008627421921119094,0,0.0008445938292425126,0
2026-02-09 22:44:03.533,0.000866865215357393,0,0.0008440195291768759,0
2026-02-09 22:44:03.640,0.0008607455529272556,0,0.0008439096040092408,0
2026-02-09 22:44:03.746,0.0008551759528927505,0,0.0008447130909189582,0
2026-02-09 22:44:03.853,0.0008298794273287058,0,0.0008464158861897885,0
2026-02-09 22:44:03.960,0.0008134620147757232,0,0.0008493587898556143,0
2026-02-09 22:44:04.066,0.000826056522782892,0,0.0008545340562704951,0
2026-02-09 22:44:04.173,0.0008437285432592034,0,0.0008645577472634614,0
2026-02-09 22:44:04.280,0.0008557485998608172,0,0.0008832324761897326,0
2026-02-09 22:44:04.386,0.0008791838772594929,0,0.0009056563198100775,0
2026-02-09 22:44:04.493,0.0009144948562607169,0,0.0009329535940196365,0
2026-02-09 22:44:04.600,0.000967102125287056,0,0.0009622588404454291,0
2026-02-09 22:44:04.706,0.0010474928421899676,0,0.0009915426780935377,0
2026-02-09 22:44:04.813,0.0010794143890962005,0,0.0010220895463135093,0
2026-02-09 22:44:04.920,0.0011028521694242954,0,0.0010562814306467772,0
2026-02-09 22:44:05.026,0.001106514479033649,0,0.001091372745577246,0
2026-02-09 22:44:05.133,0.001118894899263978,0,0.0011264594271779061,0
2026-02-09 22:44:05.240,0.00114919722545892,0,0.0011611164198257029,0
2026-02-09 22:44:05.346,0.0011976674431934953,0,0.0011968722566962243,0
2026-02-09 22:44:05.453,0.0012300970265641809,0,0.001239034894388169,0
2026-02-09 22:44:05.560,0.0012653616722673178,0,0.0012898986926302314,0
2026-02-09 22:44:05.666,0.0013136720517650247,0,0.0013473284547217191,0
2026-02-09 22:44:05.773,0.0014050512108951807,0,0.001385906175710261,0
2026-02-09 22:44:05.880,0.0015010407660156488,0,0.00140694382134825,0
2026-02-09 22:44:05.986,0.0016114901518449187,0,0.0014184517087414861,0
2026-02-09 22:44:06.093,0.0016808120999485254,0,0.00142958719516173,0
2026-02-09 22:44:06.200,0.0015046721091493964,0,0.001435146783478558,0
2026-02-09 22:44:06.306,0.0013595736818388104,0,0.001429728721268475,0
2026-02-09 22:44:06.413,0.0013127463171258569,0,0.0014067503274418415,0
2026-02-09 22:44:06.520,0.0013414518907666206,0,0.001375074707902968,0
2026-02-09 22:44:06.626,0.001320957555435598,0,0.0013306053238920867,0
2026-02-09 22:44:06.733,0.0012594914296641946,0,0.0012796906754374503,0
2026-02-09 22:44:06.840,0.0011752672726288438,0,0.0012472075992263853,0
2026-02-09 22:44:06.946,0.0011842845706269145,0,0.0012278974056243897,0
2026-02-09 22:44:07.053,0.0011667963117361069,0,0.0012079743319191039,0
2026-02-09 22:44:07.160,0.001171665615402162,0,0.0011818413040600717,0
2026-02-09 22:44:07.266,0.0011798413470387459,0,0.0011560689192265273,0
2026-02-09 22:44:07.373,0.0011664717458188534,0,0.0011370491236448288,0
2026-02-09 22:44:07.480,0.001113515580072999,0,0.0011251498246565462,0
2026-02-09 22:44:07.586,0.001080121612176299,0,0.0011124219745397568,0
2026-02-09 22:44:07.693,0.001063233707100153,0,0.001106639765202999,0
2026-02-09 22:44:07.800,0.0010692934738472104,0,0.0011112050153315068,0
2026-02-09 22:44:07.906,0.001056274282746017,0,0.0011279391357675195,0
2026-02-09 22:44:08.013,0.001057006069459021,0,0.0011578744277358055,0
2026-02-09 22:44:08.120,0.0011089742183685303,0,0.0011986147612333298,0
2026-02-09 22:44:08.226,0.0012173181166872382,0,0.0012444368796423078,0
2026-02-09 22:44:08.333,0.0013471825513988733,0,0.0012862212723121047,0
2026-02-09 22:44:08.440,0.0014658246655017138,0,0.0013190976344048977,0
2026-02-09 22:44:08.546,0.0015209189150482416,0,0.0013437932706438006,0
2026-02-09 22:44:08.653,0.001538342796266079,0,0.0013618199853226542,0
2026-02-09 22:44:08.760,0.0014810776337981224,0,0.0013706444879062474,0
2026-02-09 22:44:08.866,0.0013980570947751403,0,0.0013665176695212722,0
2026-02-09 22:44:08.973,0.001303230645135045,0,0.0013491539750248194,0
2026-02-09 22:44:09.080,0.0012372732162475586,0,0.0013223842368461191,0
2026-02-09 22:44:09.186,0.0011972192442044616,0,0.0012938270694576204,0
2026-02-09 22:44:09.293,0.0011760499328374863,0,0.001270745089277625,0
2026-02-09 22:44:09.400,0.0011735456064343452,0,0.0012606806703843176,0
2026-02-09 22:44:09.506,0.0011981272837147117,0,0.001258858188521117,0
2026-02-09 22:44:09.613,0.0012353472411632538,0,0.0012722314801067113,0
2026-02-09 22:44:09.720,0.001307522994466126,0,0.0012979330960661173,0
2026-02-09 22:44:09.826,0.001380433444865048,0,0.001324012759141624,0
2026-02-09 22:44:09.933,0.0013798322761431336,0,0.0013452479266561567,0
2026-02-09 22:44:10.040,0.0014369635609909892,0,0.0013629727647639811,0
2026-02-09 22:44:10.146,0.0014942893758416176,0,0.0013794736238196491,0
2026-02-09 22:44:10.253,0.0014580158749595284,0,0.0013917882461100817,0
2026-02-09 22:44:10.360,0.0013884016079828143,0,0.0013952850364148616,0
2026-02-09 22:44:10.466,0.0013507939875125885,0,0.001395438495092094,0
2026-02-09 22:44:10.573,0.0013631358742713928,0,0.0014095830032601953,0
2026-02-09 22:44:10.680,0.0013584934640675783,0,0.0014431312796659768,0
2026-02-09 22:44:10.786,0.001342490897513926,0,0.001505528122652322,0
2026-02-09 22:44:10.893,0.0013819680316373706,0,0.0016324733151122928,0
2026-02-09 22:44:11.000,0.0015212773578241467,0,0.0018502701888792217,0
2026-02-09 22:44:11.106,0.0017724463250488043,0,0.002154222026001662,0
2026-02-09 22:44:11.213,0.0021182578057050705,0,0.002476637007202953,0
2026-02-09 22:44:11.320,0.0027274677995592356,0,0.0027652054675854744,0
2026-02-09 22:44:11.426,0.0035663703456521034,0,0.0029827700927853584,0
2026-02-09 22:44:11.533,0.004390312358736992,0,0.0031438295845873654,0
2026-02-09 22:44:11.640,0.004587285686284304,0,0.003266731486655772,0
2026-02-09 22:44:11.746,0.00424417806789279,0,0.0033394525293260814,0
2026-02-09 22:44:11.853,0.003518137149512768,0,0.0033666061703115703,0
2026-02-09 22:44:11.960,0.00299256294965744,0,0.003323513106442988,0
2026-02-09 22:44:12.066,0.00275029637850821,0,0.003185762977227569,0
2026-02-09 22:44:12.173,0.0024996567517518997,0,0.0029518566792830826,0
2026-02-09 22:44:12.280,0.0023897942155599594,0,0.0026714578969404103,0
2026-02-09 22:44:12.386,0.002296537160873413,0,0.0024131829501129686,0
2026-02-09 22:44:12.493,0.0021888690534979105,0,0.002223933185450733,0
2026-02-09 22:44:12.600,0.0020512493792921305,0,0.002084973605815321,0
2026-02-09 22:44:12.706,0.0017832978628575802,0,0.001959547970909625,0
2026-02-09 22:44:12.813,0.0016614285996183753,0,0.0018495261203497649,0
2026-02-09 22:44:12.920,0.001625639502890408,0,0.0017378181219100952,0
2026-02-09 22:44:13.026,0.0016029671533033252,0,0.0016235607559792697,0
2026-02-09 22:44:13.133,0.001496040029451251,0,0.0015090800123289227,0
2026-02-09 22:44:13.240,0.001399438246153295,0,0.0013997515256050975,0
2026-02-09 22:44:13.346,0.0012727142311632633,0,0.001312049728585407,0
2026-02-09 22:44:13.453,0.0011539635015651584,0,0.0012349237687885762,0
2026-02-09 22:44:13.560,0.0010440616169944406,0,0.0011618770251516253,0
2026-02-09 22:44:13.666,0.0009579645120538771,0,0.001091856195125729,0
2026-02-09 22:44:13.773,0.0009062798926606774,0,0.0010340449633076787,0
2026-02-09 22:44:13.880,0.0008901690016500652,0,0.0009882038692012429,0
2026-02-09 22:44:13.986,0.0008951720665208995,0,0.0009588047512806952,0
2026-02-09 22:44:14.093,0.0009027588530443609,0,0.000943509757053107,0
2026-02-09 22:44:14.200,0.0009179277112707496,0,0.0009412240469828248,0
2026-02-09 22:44:14.306,0.0009410273050889373,0,0.0009490423311945051,0
2026-02-09 22:44:14.413,0.000978723051957786,0,0.00096402641502209,0
2026-02-09 22:44:14.520,0.0010010135592892766,0,0.000981015060096979,0
2026-02-09 22:44:14.626,0.0010212045162916183,0,0.0009966395504307003,0
2026-02-09 22:44:14.733,0.00103614735417068,0,0.0010111107025295497,0
2026-02-09 22:44:14.840,0.0010561207309365273,0,0.0010249184910207988,0
2026-02-09 22:44:14.946,0.0010600554523989558,0,0.0010379873565398157,0
2026-02-09 22:44:15.053,0.00105141696985811,0,0.0010508384671993553,0
2026-02-09 22:44:15.160,0.001047470374032855,0,0.0010638993815518915,0
2026-02-09 22:44:15.266,0.0010560055961832404,0,0.001078094681724906,0
2026-02-09 22:44:15.373,0.001071715960279107,0,0.0010964782210066914,0
2026-02-09 22:44:15.480,0.001107234158553183,0,0.001120886707212776,0
2026-02-09 22:44:15.586,0.0011316227028146386,0,0.0011543878819793463,0
2026-02-09 22:44:15.693,0.0011631575180217624,0,0.0011940699303522706,0
2026-02-09 22:44:15.800,0.001219982746988535,0,0.0012383786379359663,0
2026-02-09 22:44:15.906,0.0013002055929973722,0,0.0012876685708761216,0
2026-02-09 22:44:16.013,0.0013950672000646591,0,0.0013402196229435504,0
2026-02-09 22:44:16.120,0.0014482374535873532,0,0.0013823704328387975,0
2026-02-09 22:44:16.226,0.0014905574498698115,0,0.0014168968657031656,0
2026-02-09 22:44:16.333,0.001548904925584793,0,0.0014453586074523628,0
2026-02-09 22:44:16.440,0.0015972264809533954,0,0.0014676254941150546,0
2026-02-09 22:44:16.546,0.0015287422575056553,0,0.0014822163037024438,0
2026-02-09 22:44:16.653,0.0014768870314583182,0,0.0014896927867084741,0
2026-02-09 22:44:16.760,0.0014477749355137348,0,0.0014946442912332713,0
2026-02-09 22:44:16.866,0.0014426516136154532,0,0.0014950361452065407,0
2026-02-09 22:44:16.973,0.0014461136888712645,0,0.0014885999262332916,0
2026-02-09 22:44:17.080,0.0014698320301249623,0,0.0014696786762215196,0
2026-02-09 22:44:17.186,0.0014977524988353252,0,0.001455516484566033,0
2026-02-09 22:44:17.293,0.0014944759896025062,0,0.0014419794897548854,0
2026-02-09 22:44:17.400,0.0014845427358523011,0,0.0014219655189663173,0
2026-02-09 22:44:17.506,0.0014080139808356762,0,0.0013933356502093374,0
2026-02-09 22:44:17.613,0.001387120340950787,0,0.001356937875971198,0
2026-02-09 22:44:17.720,0.0013415170833468437,0,0.0013115016976371408,0
2026-02-09 22:44:17.826,0.0012476352276280522,0,0.001258949941257015,0
2026-02-09 22:44:17.933,0.0011563529260456562,0,0.0012037506035994737,0
2026-02-09 22:44:18.040,0.0010821359464898705,0,0.0011455666681285948,0
2026-02-09 22:44:18.146,0.001015470246784389,0,0.0010906775074545293,0
2026-02-09 22:44:18.253,0.0009722349350340664,0,0.001035669760312885,0
2026-02-09 22:44:18.360,0.0009424826130270958,0,0.0009838745871093124,0
2026-02-09 22:44:18.466,0.0009027033811435103,0,0.0009405365970451384,0
2026-02-09 22:44:18.573,0.0008591223740950227,0,0.0009052657696884125,0
2026-02-09 22:44:18.680,0.0008370428695343435,0,0.0008769051113631576,0
2026-02-09 22:44:18.786,0.0008235653513111174,0,0.0008564013813156634,0
2026-02-09 22:44:18.893,0.0008142553269863129,0,0.0008423096791375428,0
2026-02-09 22:44:19.000,0.0008036446524783969,0,0.0008329102769494056,0
2026-02-09 22:44:19.106,0.0007985293632373214,0,0.0008284886716865003,0
2026-02-09 22:44:19.213,0.0008104329463094473,0,0.000829118728870526,0
2026-02-09 22:44:19.320,0.0008313179132528603,0,0.0008299819251988083,0
2026-02-09 22:44:19.426,0.0008484885911457241,0,0.0008305116149131209,0
2026-02-09 22:44:19.533,0.0008584873285144567,0,0.0008308725955430418,0
2026-02-09 22:44:19.640,0.0008654229459352791,0,0.00083156130858697,0
2026-02-09 22:44:19.746,0.000845674832817167,0,0.0008323422342073172,0
2026-02-09 22:44:19.853,0.0008288622484542429,0,0.0008328902942594141,0
2026-02-09 22:44:19.960,0.0008178651332855225,0,0.0008330857788678258,0
2026-02-09 22:44:20.066,0.0008105317829176784,0,0.0008337776525877416,0
2026-02-09 22:44:20.173,0.000806338619440794,0,0.0008353827695827931,0
2026-02-09 22:44:20.280,0.0008159135468304157,0,0.0008381779713090509,0
2026-02-09 22:44:20.386,0.0008332727593369782,0,0.0008461767516564578,0
2026-02-09 22:44:20.493,0.0008554073283448815,0,0.0008593577134888619,0
2026-02-09 22:44:20.600,0.0008745384984649718,0,0.0008770290820393712,0
2026-02-09 22:44:20.706,0.0008933749631978571,0,0.0009001676400657744,0
2026-02-09 22:44:20.813,0.0009256626362912357,0,0.0009287753666285426,0
2026-02-09 22:44:20.920,0.0009606718667782843,0,0.000956589198904112,0
2026-02-09 22:44:21.026,0.0009945788187906146,0,0.000981457461602986,0
2026-02-09 22:44:21.133,0.0010419173631817102,0,0.00100236136931926,0
2026-02-09 22:44:21.240,0.0010924158850684762,0,0.0010205698723439126,0
2026-02-09 22:44:21.346,0.0010940518695861101,0,0.0010370106436312198,0
2026-02-09 22:44:21.453,0.001081955386325717,0,0.0010525421996135265,0
2026-02-09 22:44:21.560,0.0010644464055076241,0,0.001068990130443126,0
2026-02-09 22:44:21.666,0.0010566235287114978,0,0.0010899926768615843,0
2026-02-09 22:44:21.773,0.0010577826760709286,0,0.001117019704543054,0
2026-02-09 22:44:21.880,0.0010809781961143017,0,0.0011528584640473128,0
2026-02-09 22:44:21.986,0.0011251511750742793,0,0.0012153414776548744,0
2026-02-09 22:44:22.093,0.0012046042829751968,0,0.0012933107907883822,0
2026-02-09 22:44:22.200,0.0013121876399964094,0,0.001376013469416648,0
2026-02-09 22:44:22.306,0.0014508034801110625,0,0.0014700865373015403,0
2026-02-09 22:44:22.413,0.001718882005661726,0,0.0015823575668036938,0
2026-02-09 22:44:22.520,0.0018616485176607966,0,0.001721802121028304,0
2026-02-09 22:44:22.626,0.0018914731917902827,0,0.0018968435586430132,0
2026-02-09 22:44:22.733,0.00199735420756042,0,0.0021195401321165265,0
2026-02-09 22:44:22.840,0.0021804929710924625,0,0.0023485029698349534,0
2026-02-09 22:44:22.946,0.002475423738360405,0,0.0025642165215685963,0
2026-02-09 22:44:23.053,0.0028755655512213707,0,0.002738592983223498,0
2026-02-09 22:44:23.160,0.003431570017710328,0,0.0028777534957043827,0
2026-02-09 22:44:23.266,0.0036018160171806812,0,0.0030234277714043857,0
2026-02-09 22:44:23.373,0.0036079389974474907,0,0.0031805702485144137,0
2026-02-09 22:44:23.480,0.003462646622210741,0,0.003368831006810069,0
2026-02-09 22:44:23.586,0.0032532536424696445,0,0.003588972520083189,0
2026-02-09 22:44:23.693,0.003348215948790312,0,0.003867205558344722,0
2026-02-09 22:44:23.800,0.0035687789786607027,0,0.0041715692495927215,0
2026-02-09 22:44:23.906,0.004063100554049015,0,0.004417541925795377,0
2026-02-09 22:44:24.013,0.004676838871091604,0,0.004532206407748163,0
2026-02-09 22:44:24.120,0.0056578959338366985,0,0.004532899498008192,0
2026-02-09 22:44:24.226,0.006475206930190325,0,0.00448853091802448,0
2026-02-09 22:44:24.333,0.00606154277920723,0,0.004393538855947554,0
2026-02-09 22:44:24.440,0.004754583816975355,0,0.004238587711006403,0
2026-02-09 22:44:24.546,0.0034695775248110294,0,0.004009417968336493,0
2026-02-09 22:44:24.653,0.002809567842632532,0,0.0037042020936496555,0
2026-02-09 22:44:24.760,0.0023982953280210495,0,0.0032878263620659707,0
2026-02-09 22:44:24.866,0.0020192675292491913,0,0.0027748361579142513,0
2026-02-09 22:44:24.973,0.0017714031273499131,0,0.002296271303202957,0
2026-02-09 22:44:25.080,0.0016246801242232323,0,0.0019470948027446866,0
2026-02-09 22:44:25.186,0.0014941386179998517,0,0.0017264721100218594,0
2026-02-09 22:44:25.293,0.0013453048886731267,0,0.0015696292161010207,0
2026-02-09 22:44:25.400,0.0012758942320942879,0,0.0014522808138281106,0
2026-02-09 22:44:25.506,0.001262818812392652,0,0.0013706945115700363,0
2026-02-09 22:44:25.613,0.0012633505975827575,0,0.0013078673044219613,0
2026-02-09 22:44:25.720,0.0012411389034241438,0,0.0012538324110209942,0
2026-02-09 22:44:25.826,0.0012248113052919507,0,0.0012071099248714746,0
2026-02-09 22:44:25.933,0.0012034045066684484,0,0.0011693094624206425,0
2026-02-09 22:44:26.040,0.001143131055869162,0,0.0011345247039571404,0
2026-02-09 22:44:26.146,0.001084331190213561,0,0.0010993765899911523,0
2026-02-09 22:44:26.253,0.0010269137565046549,0,0.001063814270310104,0
2026-02-09 22:44:26.360,0.0009673002641648054,0,0.0010305199306458236,0
2026-02-09 22:44:26.466,0.0009280466474592686,0,0.0009997619898058474,0
2026-02-09 22:44:26.573,0.0009113376727327704,0,0.0009727573196869344,0
2026-02-09 22:44:26.680,0.0009077274007722735,0,0.0009527872607577592,0
2026-02-09 22:44:26.786,0.0009081955067813396,0,0.00093798260204494,0
2026-02-09 22:44:26.893,0.00091723189689219,0,0.000927153293741867,0
2026-02-09 22:44:27.000,0.0009333578054793179,0,0.0009201738750562072,0
2026-02-09 22:44:27.106,0.0009434304665774107,0,0.0009145381220150739,0
2026-02-09 22:44:27.213,0.0009362846030853689,0,0.000906929059419781,0
2026-02-09 22:44:27.320,0.0009186206734739244,0,0.0008969413524027914,0
2026-02-09 22:44:27.426,0.0008975060773082078,0,0.0008853869687300176,0
2026-02-09 22:44:27.533,0.0008716891170479357,0,0.0008714965253602714,0
2026-02-09 22:44:27.640,0.0008352470467798412,0,0.000857046281453222,0
2026-02-09 22:44:27.746,0.0008078503306023777,0,0.0008417002973146737,0
2026-02-09 22:44:27.853,0.0007926516700536013,0,0.0008269894868135452,0
2026-02-09 22:44:27.960,0.0007783274631947279,0,0.0008137306722346693,0
2026-02-09 22:44:28.066,0.0007888553664088249,0,0.0008023100264836103,0
2026-02-09 22:44:28.173,0.000789970625191927,0,0.0007935110246762633,0
2026-02-09 22:44:28.280,0.0007891764980740845,0,0.00078846380347386,0
2026-02-09 22:44:28.386,0.0007860325276851654,0,0.0007863329024985433,0
2026-02-09 22:44:28.493,0.0007832996197976172,0,0.000786105653969571,0
2026-02-09 22:44:28.600,0.0007836990989744663,0,0.0007879140612203628,0
2026-02-09 22:44:28.706,0.0007847748347558081,0,0.0007894385722465813,0
2026-02-09 22:44:28.813,0.00078654132084921,0,0.0007910643122158945,0
2026-02-09 22:44:28.920,0.0007903791847638786,0,0.0007919227180536836,0
2026-02-09 22:44:29.026,0.0007964115357026458,0,0.00079214729485102,0
2026-02-09 22:44:29.133,0.0008041004766710103,0,0.0007917104405350984,0
2026-02-09 22:44:29.240,0.0008062280248850584,0,0.000790513854008168,0
2026-02-09 22:44:29.346,0.0007977605564519763,0,0.0007892367721069604,0
2026-02-09 22:44:29.453,0.0007882782956585288,0,0.0007877700845710933,0
2026-02-09 22:44:29.560,0.0007789310766384006,0,0.000785766844637692,0
2026-02-09 22:44:29.666,0.000771733233705163,0,0.0007831978960894048,0
2026-02-09 22:44:29.773,0.0007720040157437325,0,0.0007788095215801149,0
2026-02-09 22:44:29.880,0.0007718744454905391,0,0.0007760592561680824,0
2026-02-09 22:44:29.986,0.0007703467854298651,0,0.0007755439903121442,0
2026-02-09 22:44:30.093,0.0007707220502197742,0,0.000777164992177859,0
2026-02-09 22:44:30.200,0.0007602167315781116,0,0.0007807981164660305,0
2026-02-09 22:44:30.306,0.0007787253707647324,0,0.0007862669765017927,0
2026-02-09 22:44:30.413,0.0007926078978925943,0,0.0007927064027171582,0
2026-02-09 22:44:30.520,0.0008044883143156767,0,0.0008000718953553587,0
2026-02-09 22:44:30.626,0.0008152623195201159,0,0.0008086760703008622,0
2026-02-09 22:44:30.733,0.0008264218340627849,0,0.000817480415571481,0
2026-02-09 22:44:30.840,0.0008363982778973877,0,0.0008265222830232232,0
2026-02-09 22:44:30.946,0.0008455293718725443,0,0.000831295660464093,0
2026-02-09 22:44:31.053,0.0008563885348848999,0,0.0008346832357347012,0
2026-02-09 22:44:31.160,0.0008587655029259622,0,0.0008375222620088607,0
2026-02-09 22:44:31.266,0.0008506354060955346,0,0.0008402938372455537,0
2026-02-09 22:44:31.373,0.0008264591451734304,0,0.0008431125548668206,0
2026-02-09 22:44:31.480,0.000826483650598675,0,0.0008462549129035323,0
2026-02-09 22:44:31.586,0.0008328785770572722,0,0.0008500279334839433,0
2026-02-09 22:44:31.693,0.0008429780718870461,0,0.000855404743924737,0
2026-02-09 22:44:31.800,0.0008546090102754533,0,0.0008656291582155972,0
2026-02-09 22:44:31.906,0.0008678218582645059,0,0.0008837912348099053,0
2026-02-09 22:44:32.013,0.0008832595776766539,0,0.0009032009867951274,0
2026-02-09 22:44:32.120,0.0009101566392928362,0,0.0009230738098267466,0
2026-02-09 22:44:32.226,0.0009610096458345652,0,0.0009431250626221299,0
2026-02-09 22:44:32.333,0.0010322561720386147,0,0.0009634809277486057,0
2026-02-09 22:44:32.440,0.0010205566650256515,0,0.0009834421682171524,0
2026-02-09 22:44:32.546,0.001025211880914867,0,0.0010037567117251456,0
2026-02-09 22:44:32.653,0.0010333911050111055,0,0.001030378055293113,0
2026-02-09 22:44:32.760,0.001046536723151803,0,0.0010615104343742131,0
2026-02-09 22:44:32.866,0.0010542214149609208,0,0.0010975787066854537,0
2026-02-09 22:44:32.973,0.001070967293344438,0,0.0011489808443002404,0
2026-02-09 22:44:33.080,0.001149473013356328,0,0.0012446903390809893,0
2026-02-09 22:44:33.186,0.0012214804301038384,0,0.0013882302795536817,0
2026-02-09 22:44:33.293,0.0013216923689469695,0,0.001576526870485395,0
2026-02-09 22:44:33.400,0.001546277548186481,0,0.0018167093046940863,0
2026-02-09 22:44:33.506,0.0019776516128331423,0,0.002082260907627642,0
2026-02-09 22:44:33.613,0.0024606112856417894,0,0.0023912365897558628,0
2026-02-09 22:44:33.720,0.0029163570143282413,0,0.002748503035400063,0
2026-02-09 22:44:33.826,0.0034483610652387142,0,0.0030397215858101847,0
2026-02-09 22:44:33.933,0.0037097374442964792,0,0.0031994902179576456,0
2026-02-09 22:44:34.040,0.004160724114626646,0,0.00320972113404423,0
2026-02-09 22:44:34.146,0.0047221374697983265,0,0.0031502061639912425,0
2026-02-09 22:44:34.253,0.004133665934205055,0,0.003020284534431994,0
2026-02-09 22:44:34.360,0.0029193786904215813,0,0.002834566368255764,0
2026-02-09 22:44:34.466,0.0016485867090523243,0,0.002588476415257901,0
2026-02-09 22:44:34.573,0.001382501912303269,0,0.0023101985920220614,0
2026-02-09 22:44:34.680,0.0011613949900493026,0,0.0019829654833301903,0
2026-02-09 22:44:34.786,0.0010591753525659442,0,0.00159629299887456,0
2026-02-09 22:44:34.893,0.0009874615352600813,0,0.0012675241101533174,0
2026-02-09 22:44:35.000,0.0009269592119380832,0,0.001060313021298498,0
2026-02-09 22:44:35.106,0.0008883930277079344,0,0.0009804144443478434,0
2026-02-09 22:44:35.213,0.0008554126252420247,0,0.0009258458914700896,0
2026-02-09 22:44:35.320,0.0008459770469926298,0,0.0008929097442887723,0
2026-02-09 22:44:35.426,0.0008472678018733859,0,0.0008700365026015789,0
2026-02-09 22:44:35.533,0.0008496009395457804,0,0.0008546657161787152,0
2026-02-09 22:44:35.640,0.0008368163835257292,0,0.000846240937244147,0
2026-02-09 22:44:35.746,0.0008320335182361305,0,0.000843638664809987,0
2026-02-09 22:44:35.853,0.0008304429356940091,0,0.0008470797969494015,0
2026-02-09 22:44:35.960,0.0008337536710314453,0,0.0008542812080122531,0
2026-02-09 22:44:36.066,0.0008427114225924015,0,0.0008643507782835514,0
2026-02-09 22:44:36.173,0.0008623703033663332,0,0.0008767838415224105,0
2026-02-09 22:44:36.280,0.0008898239466361701,0,0.0008923581161070615,0
2026-02-09 22:44:36.386,0.0009179911576211452,0,0.0009097448317334055,0
2026-02-09 22:44:36.493,0.0009479635045863688,0,0.0009257357625756413,0
2026-02-09 22:44:36.600,0.0009739315719343722,0,0.0009394230379257351,0
2026-02-09 22:44:36.706,0.0009925591293722391,0,0.0009494265599641949,0
2026-02-09 22:44:36.813,0.0010059006744995713,0,0.0009547400870360434,0
2026-02-09 22:44:36.920,0.000990352244116366,0,0.0009548597154207528,0
2026-02-09 22:44:37.026,0.0009706264245323837,0,0.0009500153188128025,0
2026-02-09 22:44:37.133,0.0009427466429769993,0,0.0009400297945830971,0
2026-02-09 22:44:37.240,0.0009155055740848184,0,0.0009263606392778456,0
2026-02-09 22:44:37.346,0.0008910202304832637,0,0.0009097855363506824,0
2026-02-09 22:44:37.453,0.000869547191541642,0,0.000890854257158935,0
2026-02-09 22:44:37.560,0.0008481082622893155,0,0.0008727189269848168,0
2026-02-09 22:44:37.666,0.0008372400188818574,0,0.0008562455244828015,0
2026-02-09 22:44:37.773,0.0008268081001006067,0,0.0008430518500972539,0
2026-02-09 22:44:37.880,0.0008165878825820982,0,0.0008334746584296226,0
2026-02-09 22:44:37.986,0.0008089989423751831,0,0.000827908725477755,0
2026-02-09 22:44:38.093,0.0008058923995122313,0,0.0008256946690380573,0
2026-02-09 22:44:38.200,0.0008108098991215229,0,0.0008252416737377644,0
2026-02-09 22:44:38.306,0.0008197336574085057,0,0.0008252106315921992,0
2026-02-09 22:44:38.413,0.0008353609009645879,0,0.0008260323142167181,0
2026-02-09 22:44:38.520,0.0008474066271446645,0,0.0008281113230623304,0
2026-02-09 22:44:38.626,0.0008435783092863858,0,0.0008328111609444023,0
2026-02-09 22:44:38.733,0.0008369295974262059,0,0.0008452279667835683,0
2026-02-09 22:44:38.840,0.0008350249263457954,0,0.0008682199695613235,0
2026-02-09 22:44:38.946,0.0008373779710382223,0,0.0008973794290795922,0
2026-02-09 22:44:39.053,0.0008559973211959004,0,0.0009270024776924402,0
2026-02-09 22:44:39.160,0.0009300604579038918,0,0.0009536900790408254,0
2026-02-09 22:44:39.266,0.0010407299268990755,0,0.0009777782310266049,0
2026-02-09 22:44:39.373,0.0011113282525911927,0,0.000992250896524638,0
2026-02-09 22:44:39.480,0.0011315913870930672,0,0.001001739560160786,0
2026-02-09 22:44:39.586,0.0011142826406285167,0,0.0010073168727103622,0
2026-02-09 22:44:39.693,0.0010844598291441798,0,0.0010081848013214767,0
2026-02-09 22:44:39.800,0.0009816562524065375,0,0.000999698630766943,0
2026-02-09 22:44:39.906,0.0009299115627072752,0,0.0009778779465705156,0
2026-02-09 22:44:40.013,0.000893151096533984,0,0.0009471672761719674,0
2026-02-09 22:44:40.120,0.0008646766073070467,0,0.0009123457770328969,0
2026-02-09 22:44:40.226,0.0008451987523585558,0,0.0008777412120252847,0
2026-02-09 22:44:40.333,0.0008225230849348009,0,0.0008456138428300619,0
2026-02-09 22:44:40.440,0.0008042215486057103,0,0.000823888456216082,0
2026-02-09 22:44:40.546,0.0007833763957023621,0,0.0008076607016846537,0
2026-02-09 22:44:40.653,0.0007682369905523956,0,0.0007955794280860573,0
2026-02-09 22:44:40.760,0.0007631861371919513,0,0.000786954042268917,0
2026-02-09 22:44:40.866,0.0007644023862667382,0,0.0007809445902239531,0
2026-02-09 22:44:40.973,0.000767634017392993,0,0.0007780095853377134,0
2026-02-09 22:44:41.080,0.0007723383605480194,0,0.0007779116043820977,0
2026-02-09 22:44:41.186,0.0007784227491356432,0,0.0007807972433511168,0
2026-02-09 22:44:41.293,0.0007851042319089174,0,0.0007863908133003861,0
2026-02-09 22:44:41.400,0.0007931730360724032,0,0.0007938657887279988,0
2026-02-09 22:44:41.506,0.0008032417390495539,0,0.000800974975572899,0
2026-02-09 22:44:41.613,0.0008122327853925526,0,0.0008071034506428986,0
2026-02-09 22:44:41.720,0.0008241726900450885,0,0.0008119683712720871,0
2026-02-09 22:44:41.826,0.0008379358914680779,0,0.0008153576112817973,0
2026-02-09 22:44:41.933,0.0008354942547157407,0,0.0008172317990101874,0
2026-02-09 22:44:42.040,0.0008289187680929899,0,0.0008176549046766013,0
2026-02-09 22:44:42.146,0.0008209875668399036,0,0.0008174276270437985,0
2026-02-09 22:44:42.253,0.0008123151492327452,0,0.0008199181349482388,0
2026-02-09 22:44:42.360,0.0008038461091928184,0,0.000830995658179745,0
2026-02-09 22:44:42.466,0.0007974040927365422,0,0.0008577884756959975,0
2026-02-09 22:44:42.573,0.0008009689627215266,0,0.000938594143372029,0
2026-02-09 22:44:42.680,0.0008371378644369543,0,0.0011001332313753664,0
2026-02-09 22:44:42.786,0.000934947922360152,0,0.0013610450725536794,0
2026-02-09 22:44:42.893,0.0011058640666306019,0,0.0017444848956074566,0
2026-02-09 22:44:43.000,0.0016435509314760566,0,0.002227799664251506,0
2026-02-09 22:44:43.106,0.0024443096481263638,0,0.002836238138843328,0
2026-02-09 22:44:43.213,0.0034301059786230326,0,0.003256734902970493,0
2026-02-09 22:44:43.320,0.004646713379770517,0,0.0036723925557453187,0
2026-02-09 22:44:43.426,0.005636993795633316,0,0.0041163263958878815,0
2026-02-09 22:44:43.533,0.0068817888386547565,0,0.004534546204376965,0
2026-02-09 22:44:43.640,0.005005936603993177,0,0.004881982435472309,0
2026-02-09 22:44:43.746,0.004993714392185211,0,0.005112962308339774,0
2026-02-09 22:44:43.853,0.005374286323785782,0,0.005195804545655847,0
2026-02-09 22:44:43.960,0.005288062151521444,0,0.005109979747794568,0
2026-02-09 22:44:44.066,0.005117913242429495,0,0.004885168792679906,0
2026-02-09 22:44:44.173,0.004754108376801014,0,0.004459052486345172,0
2026-02-09 22:44:44.280,0.0042585283517837524,0,0.00413728638086468,0
2026-02-09 22:44:44.386,0.0037884654011577368,0,0.0037637855508364736,0
2026-02-09 22:44:44.493,0.0033888842444866896,0,0.003335196548141539,0
2026-02-09 22:44:44.600,0.002620625775307417,0,0.002910113672260195,0
2026-02-09 22:44:44.706,0.0017882755491882563,0,0.002492872404400259,0
2026-02-09 22:44:44.813,0.00125870609190315,0,0.0021046798210591078,0
2026-02-09 22:44:44.920,0.0010883962968364358,0,0.0017619169142562897,0
2026-02-09 22:44:45.026,0.0010372333927080035,0,0.0014633631217293441,0
2026-02-09 22:44:45.133,0.0009455005638301373,0,0.0012027463468257337,0
2026-02-09 22:44:45.240,0.0008721825433894992,0,0.0010179303819313646,0
2026-02-09 22:44:45.346,0.0008308992837555707,0,0.0009157750522717833,0
2026-02-09 22:44:45.453,0.0008029274758882821,0,0.0008662320673465729,0
2026-02-09 22:44:45.560,0.0007827164954505861,0,0.0008336441707797349,0
2026-02-09 22:44:45.666,0.0007724661263637245,0,0.0008063231245614589,0
2026-02-09 22:44:45.773,0.0007667222525924444,0,0.000788622978143394,0
2026-02-09 22:44:45.880,0.0007632762426510453,0,0.000778705015545711,0
2026-02-09 22:44:45.986,0.0007625173311680555,0,0.0007733636186458171,0
2026-02-09 22:44:46.093,0.0007640229305252433,0,0.0007711587648373097,0
2026-02-09 22:44:46.200,0.0007684990996494889,0,0.0007708074990659952,0
2026-02-09 22:44:46.306,0.0007730029174126685,0,0.0007699209731072187,0
2026-02-09 22:44:46.413,0.0007774853147566319,0,0.0007683589821681381,0
2026-02-09 22:44:46.520,0.0007808789378032088,0,0.0007660448143724352,0
2026-02-09 22:44:46.626,0.0007792038377374411,0,0.0007630611828062684,0
2026-02-09 22:44:46.733,0.0007636008667759597,0,0.0007592528301756829,0
2026-02-09 22:44:46.840,0.0007511023432016373,0,0.000755054026376456,0
2026-02-09 22:44:46.946,0.0007401345646940172,0,0.000750481738941744,0
2026-02-09 22:44:47.053,0.0007326810155063868,0,0.0007456135004758835,0
2026-02-09 22:44:47.160,0.000725939404219389,0,0.000740729330573231,0
2026-02-09 22:44:47.266,0.0007265110616572201,0,0.0007366820296738297,0
2026-02-09 22:44:47.373,0.0007272800430655479,0,0.0007356612069997937,0
2026-02-09 22:44:47.480,0.000728802930098027,0,0.0007376228109933436,0
2026-02-09 22:44:47.586,0.0007320372387766838,0,0.0007426624069921672,0
2026-02-09 22:44:47.693,0.000738730828743428,0,0.0007503765751607716,0
2026-02-09 22:44:47.800,0.0007533926400355995,0,0.0007592101115733385,0
2026-02-09 22:44:47.906,0.0007707183831371367,0,0.0007672900101169944,0
2026-02-09 22:44:48.013,0.0007905305246822536,0,0.0007746131101157516,0
2026-02-09 22:44:48.120,0.0008098226971924305,0,0.0007810310053173453,0
2026-02-09 22:44:48.226,0.000814274768345058,0,0.0007863045844715089,0
2026-02-09 22:44:48.333,0.0008073100470937788,0,0.0007905512524303049,0
2026-02-09 22:44:48.440,0.0008005110430531204,0,0.0007936144538689405,0
2026-02-09 22:44:48.546,0.0007929818821139634,0,0.0007951655599754304,0
2026-02-09 22:44:48.653,0.0007847730303183198,0,0.0007948971586301922,0
2026-02-09 22:44:48.760,0.0007811975083313882,0,0.0007926733407657594,0
2026-02-09 22:44:48.866,0.0007840246544219553,0,0.0007902237004600466,0
2026-02-09 22:44:48.973,0.0007862294442020357,0,0.0007884638616815209,0
2026-02-09 22:44:49.080,0.0007878465112298727,0,0.0007875745825003833,0
2026-02-09 22:44:49.186,0.0007875845185481012,0,0.0007875665673054755,0
2026-02-09 22:44:49.293,0.0007897783652879298,0,0.0007882661884650588,0
2026-02-09 22:44:49.400,0.0007897116593085229,0,0.0007886309816967696,0
2026-02-09 22:44:49.506,0.0007916182512417436,0,0.0007875465671531856,0
2026-02-09 22:44:49.613,0.0007929017301648855,0,0.000785134022589773,0
2026-02-09 22:44:49.720,0.0007917692419141531,0,0.0007815018529072404,0
2026-02-09 22:44:49.826,0.0007848454406484962,0,0.0007769171381369234,0
2026-02-09 22:44:49.933,0.0007731805089861155,0,0.0007718963490333409,0
2026-02-09 22:44:50.040,0.000762103998567909,0,0.0007667689176741987,0
2026-02-09 22:44:50.146,0.0007515248144045472,0,0.0007614362228196114,0
2026-02-09 22:44:50.253,0.0007417373708449304,0,0.0007561935752164572,0
2026-02-09 22:44:50.360,0.0007395704742521048,0,0.0007514725031796843,0
2026-02-09 22:44:50.466,0.0007384373457171023,0,0.0007485676265787333,0
2026-02-09 22:44:50.573,0.0007382913026958704,0,0.0007480148051399738,0
2026-02-09 22:44:50.680,0.0007404752541333437,0,0.0007499841041862965,0
2026-02-09 22:44:50.786,0.0007445585215464234,0,0.0007547744084149599,0
2026-02-09 22:44:50.893,0.0007557966746389866,0,0.0007624717836733907,0
2026-02-09 22:44:51.000,0.0007676522945985198,0,0.0007711941376328469,0
2026-02-09 22:44:51.106,0.000781796989031136,0,0.0007803668093401938,0
2026-02-09 22:44:51.213,0.0007994278566911817,0,0.0007893294212408363,0
2026-02-09 22:44:51.320,0.0008187111234292388,0,0.0007977222150657326,0
2026-02-09 22:44:51.426,0.0008267940138466656,0,0.0008054126927163451,0
2026-02-09 22:44:51.533,0.0008301640627905726,0,0.0008120884653180837,0
2026-02-09 22:44:51.640,0.0008279174217022955,0,0.0008177331532351672,0
2026-02-09 22:44:51.746,0.0008244031923823059,0,0.0008222412026952953,0
2026-02-09 22:44:51.853,0.0008214632980525494,0,0.0008256574277766049,0
2026-02-09 22:44:51.960,0.0008225544006563723,0,0.0008283309172838927,0
2026-02-09 22:44:52.066,0.0008240991737693548,0,0.0008319558692164719,0
2026-02-09 22:44:52.173,0.0008268774836324155,0,0.0008362090215086937,0
2026-02-09 22:44:52.280,0.0008335901075042784,0,0.0008413318661041558,0
2026-02-09 22:44:52.386,0.0008454460185021162,0,0.0008468469663057476,0
2026-02-09 22:44:52.493,0.0008630435331724584,0,0.0008522863325197249,0
2026-02-09 22:44:52.600,0.0008726955857127905,0,0.0008555104432161897,0
2026-02-09 22:44:52.706,0.0008791458676569164,0,0.0008562627714127302,0
2026-02-09 22:44:52.813,0.0008795541943982244,0,0.0008543744217604399,0
2026-02-09 22:44:52.920,0.0008758569601923227,0,0.0008495797170326114,0
2026-02-09 22:44:53.026,0.0008547955076210201,0,0.0008415314601734281,0
2026-02-09 22:44:53.133,0.0008316224557347596,0,0.0008305457420647144,0
2026-02-09 22:44:53.240,0.0008079939871095121,0,0.0008180604490917176,0
2026-02-09 22:44:53.346,0.0007856430602259934,0,0.0008047127921599895,0
2026-02-09 22:44:53.453,0.0007649634499102831,0,0.0007911643537227064,0
2026-02-09 22:44:53.560,0.0007531863520853221,0,0.0007780028274282814,0
2026-02-09 22:44:53.666,0.0007478426559828222,0,0.0007674822758417576,0
2026-02-09 22:44:53.773,0.0007456692983396351,0,0.0007597292598802597,0
2026-02-09 22:44:53.880,0.000744069810025394,0,0.0007547138840891421,0
2026-02-09 22:44:53.986,0.0007442416972480714,0,0.0007522617757786066,0
2026-02-09 22:44:54.093,0.0007495899917557836,0,0.000752097787335515,0
2026-02-09 22:44:54.200,0.0007540922961197793,0,0.0007525141118094325,0
2026-02-09 22:44:54.306,0.0007578402291983366,0,0.0007527539506554604,0
2026-02-09 22:44:54.413,0.0007611219771206379,0,0.0007525007764343173,0
2026-02-09 22:44:54.520,0.000763323565479368,0,0.000751671235775575,0
2026-02-09 22:44:54.626,0.000757349596824497,0,0.0007501279120333493,0
2026-02-09 22:44:54.733,0.0007502410444431007,0,0.0007478336279746145,0
2026-02-09 22:44:54.840,0.0007431375561282039,0,0.0007450707256793976,0
2026-02-09 22:44:54.946,0.0007357744034379721,0,0.0007420825189910829,0
2026-02-09 22:44:55.053,0.0007288084598258138,0,0.0007390163780655711,0
2026-02-09 22:44:55.160,0.0007266471511684358,0,0.0007360187300946563,0
2026-02-09 22:44:55.266,0.0007264632731676102,0,0.0007342922501266003,0
2026-02-09 22:44:55.373,0.0007279581623151898,0,0.0007339221425354481,0
2026-02-09 22:44:55.480,0.0007304605678655207,0,0.0007352001906838268,0
2026-02-09 22:44:55.586,0.0007333470857702196,0,0.0007384807162452489,0
2026-02-09 22:44:55.693,0.0007400847971439362,0,0.000744146219221875,0
2026-02-09 22:44:55.800,0.0007465399685315788,0,0.0007499911414925009,0
2026-02-09 22:44:55.906,0.0007559180376119912,0,0.0007558061741292476,0
2026-02-09 22:44:56.013,0.0007685796590521932,0,0.0007618199451826513,0
2026-02-09 22:44:56.120,0.0007854634895920753,0,0.0007684824580792337,0
2026-02-09 22:44:56.226,0.0007850963738746941,0,0.0007752238016109914,0
2026-02-09 22:44:56.333,0.0007846135995350778,0,0.0007819649938028306,0
2026-02-09 22:44:56.440,0.000788095872849226,0,0.0007880395103711634,0
2026-02-09 22:44:56.546,0.0007970856968313456,0,0.0007931413012556732,0
2026-02-09 22:44:56.653,0.0008007605210877955,0,0.0007980755646713078,0
2026-02-09 22:44:56.760,0.0008074967190623283,0,0.0008024054928682745,0
2026-02-09 22:44:56.866,0.0008072851342149079,0,0.0008081184234470129,0
2026-02-09 22:44:56.973,0.000806935946457088,0,0.0008149854955263435,0
2026-02-09 22:44:57.080,0.0008179222932085395,0,0.000823072565253824,0
2026-02-09 22:44:57.186,0.0008287627715617418,0,0.0008318599488120526,0
2026-02-09 22:44:57.293,0.0008422256796620786,0,0.0008413706382270902,0
2026-02-09 22:44:57.400,0.0008532843203283846,0,0.0008488288847729563,0
2026-02-09 22:44:57.506,0.0008689665701240301,0,0.0008549274178221821,0
2026-02-09 22:44:57.613,0.0008849595324136317,0,0.0008588073425926269,0
2026-02-09 22:44:57.720,0.0008958674152381718,0,0.0008585655770730228,0
2026-02-09 22:44:57.826,0.0008820791845209897,0,0.0008540064562112093,0
2026-02-09 22:44:57.933,0.000868270464707166,0,0.0008470988366752862,0
2026-02-09 22:44:58.040,0.0008457351941615343,0,0.0008388611895497888,0
2026-02-09 22:44:58.146,0.0008155046380124986,0,0.0008289080229587853,0
2026-02-09 22:44:58.253,0.0007831715629436076,0,0.0008171573223080486,0
2026-02-09 22:44:58.360,0.0007731494843028486,0,0.0008043951587751508,0
2026-02-09 22:44:58.466,0.00077090784907341,0,0.0007936060428619385,0
2026-02-09 22:44:58.573,0.0007694349042139947,0,0.000784849259071052,0
2026-02-09 22:44:58.680,0.0007674525259062648,0,0.0007790756819304079,0
2026-02-09 22:44:58.786,0.0007682457799091935,0,0.0007768766896333546,0
2026-02-09 22:44:58.893,0.0007741880253888667,0,0.0007782682543620468,0
2026-02-09 22:44:59.000,0.0007807026267983019,0,0.0007793083495926112,0
2026-02-09 22:44:59.106,0.0007879994227550924,0,0.0007791391224600374,0
2026-02-09 22:44:59.213,0.0007935147150419652,0,0.000777965853922069,0
2026-02-09 22:44:59.320,0.0007970872102305293,0,0.0007760574109852314,0
2026-02-09 22:44:59.426,0.0007835504366084933,0,0.0007732706959359348,0
2026-02-09 22:44:59.533,0.0007692155777476728,0,0.0007695909938775003,0
2026-02-09 22:44:59.640,0.0007577022188343108,0,0.0007650547893717885,0
2026-02-09 22:44:59.746,0.000748368096537888,0,0.0007596261508297175,0
2026-02-09 22:44:59.853,0.0007403786294162273,0,0.0007535726006608456,0
2026-02-09 22:44:59.960,0.0007373910048045218,0,0.0007471232558600605,0
2026-02-09 22:45:00.066,0.000735340581741184,0,0.0007424222596455366,0
2026-02-09 22:45:00.173,0.0007337130373343825,0,0.0007395447348244489,0
2026-02-09 22:45:00.280,0.0007329792133532465,0,0.0007380778901278972,0
2026-02-09 22:45:00.386,0.0007325937622226775,0,0.0007376915658824146,0
2026-02-09 22:45:00.493,0.0007365404744632542,0,0.0007379073591437191,0
2026-02-09 22:45:00.600,0.0007404403295367956,0,0.0007377909088972956,0
2026-02-09 22:45:00.706,0.0007430337718687952,0,0.0007372619118541479,0
2026-02-09 22:45:00.813,0.0007445048540830612,0,0.0007362172415014357,0
2026-02-09 22:45:00.920,0.0007425365620292723,0,0.0007345868041738867,0
2026-02-09 22:45:01.026,0.000736226502340287,0,0.0007323596277274191,0
2026-02-09 22:45:01.133,0.0007300506113097072,0,0.0007296144496649504,0
2026-02-09 22:45:01.240,0.0007232663338072598,0,0.0007264608051627874,0
2026-02-09 22:45:01.346,0.0007166748400777578,0,0.0007230375544168055,0
2026-02-09 22:45:01.453,0.0007103219977580011,0,0.0007195311889518052,0
2026-02-09 22:45:01.560,0.0007090886938385665,0,0.0007166724128182978,0
2026-02-09 22:45:01.666,0.0007089038845151663,0,0.0007149817771278322,0
2026-02-09 22:45:01.773,0.0007088012644089758,0,0.000714480847818777,0
2026-02-09 22:45:01.880,0.0007094411994330585,0,0.0007152737467549741,0
2026-02-09 22:45:01.986,0.0007139488006941974,0,0.0007172174286097288,0
2026-02-09 22:45:02.093,0.0007193201454356313,0,0.0007202263339422643,0
2026-02-09 22:45:02.200,0.0007250413182191551,0,0.0007233261247165501,0
2026-02-09 22:45:02.306,0.0007311953231692314,0,0.0007264228886924684,0
2026-02-09 22:45:02.413,0.0007361116586253047,0,0.0007295973424334079,0
2026-02-09 22:45:02.520,0.0007404110510833561,0,0.0007328177627641708,0
2026-02-09 22:45:02.626,0.0007400866015814245,0,0.0007360735035035759,0
2026-02-09 22:45:02.733,0.0007398715242743492,0,0.0007393074280116707,0
2026-02-09 22:45:02.840,0.0007405458018183708,0,0.0007424077368341387,0
2026-02-09 22:45:02.946,0.0007416454027406871,0,0.0007453657803125679,0
2026-02-09 22:45:03.053,0.000746506208088249,0,0.0007484535919502378,0
2026-02-09 22:45:03.160,0.0007516593905165792,0,0.0007517467485740781,0
2026-02-09 22:45:03.266,0.0007560444064438343,0,0.000755791092524305,0
2026-02-09 22:45:03.373,0.0007607757579535246,0,0.0007605874619912356,0
2026-02-09 22:45:03.480,0.0007669897750020027,0,0.0007661343901418149,0
2026-02-09 22:45:03.586,0.0007733426173217595,0,0.0007721686153672636,0
2026-02-09 22:45:03.693,0.0007805300410836935,0,0.0007771540607791394,0
2026-02-09 22:45:03.800,0.0007878352189436555,0,0.0007809501141309739,0
2026-02-09 22:45:03.906,0.0007960150833241642,0,0.0007835767115466297,0
2026-02-09 22:45:04.013,0.0008019876549951732,0,0.000784902845043689,0
2026-02-09 22:45:04.120,0.0007963606622070074,0,0.0007848480483517051,0
2026-02-09 22:45:04.226,0.0007896199240349233,0,0.0007834381482098252,0
2026-02-09 22:45:04.333,0.0007823103806003928,0,0.0007806766778230667,0
2026-02-09 22:45:04.440,0.000774037092924118,0,0.0007765968679450452,0
2026-02-09 22:45:04.546,0.0007664418080821633,0,0.0007711575017310679,0
2026-02-09 22:45:04.653,0.0007592436159029603,0,0.0007646965677849948,0
2026-02-09 22:45:04.760,0.000752915337216109,0,0.0007591279980260878,0
2026-02-09 22:45:04.866,0.0007470371201634407,0,0.0007548569003120065,0
2026-02-09 22:45:04.973,0.0007416214211843908,0,0.0007522710249759257,0
2026-02-09 22:45:05.080,0.0007373783155344427,0,0.0007514189695939421,0
2026-02-09 22:45:05.186,0.0007406749646179378,0,0.0007516358280554413,0
2026-02-09 22:45:05.293,0.0007469089468941092,0,0.0007520780200138688,0
2026-02-09 22:45:05.400,0.0007564516272395849,0,0.0007524306420236826,0
2026-02-09 22:45:05.506,0.0007655165391042829,0,0.0007525803637690842,0
2026-02-09 22:45:05.613,0.0007686103926971555,0,0.0007522328931372612,0
2026-02-09 22:45:05.720,0.0007636655354872346,0,0.0007519275764934719,0
2026-02-09 22:45:05.826,0.0007564415573142469,0,0.0007511625764891506,0
2026-02-09 22:45:05.933,0.0007485343376174569,0,0.0007497404818423093,0
2026-02-09 22:45:06.040,0.0007381467148661613,0,0.0007473704754374921,0
2026-02-09 22:45:06.146,0.0007343251490965486,0,0.000744088739156723,0
2026-02-09 22:45:06.253,0.0007330249645747244,0,0.0007406255695968867,0
2026-02-09 22:45:06.360,0.0007326880004256964,0,0.0007381695613730699,0
2026-02-09 22:45:06.466,0.0007327515631914139,0,0.0007370056235231459,0
2026-02-09 22:45:06.573,0.0007326991762965918,0,0.000737130269408226,0
2026-02-09 22:45:06.680,0.0007339786970987916,0,0.0007386733603198081,0
2026-02-09 22:45:06.786,0.0007391054532490671,0,0.0007408619741909206,0
2026-02-09 22:45:06.893,0.0007448021788150072,0,0.0007424436626024544,0
2026-02-09 22:45:07.000,0.0007497807964682579,0,0.0007431308913510293,0
2026-02-09 22:45:07.106,0.0007535776239819825,0,0.0007427404460031539,0
2026-02-09 22:45:07.213,0.0007562112878076732,0,0.0007412386825308203,0
2026-02-09 22:45:07.320,0.0007488418486900628,0,0.0007386844023130834,0
2026-02-09 22:45:07.426,0.0007395602879114449,0,0.0007355163746979087,0
2026-02-09 22:45:07.533,0.0007288471097126603,0,0.0007318508520256728,0
2026-02-09 22:45:07.640,0.0007176815415732563,0,0.0007278019562363625,0
2026-02-09 22:45:07.746,0.000708435894921422,0,0.0007235472381580621,0
2026-02-09 22:45:07.853,0.0007074251770973206,0,0.0007193511002697051,0
2026-02-09 22:45:07.960,0.0007081469520926476,0,0.0007165312417782843,0
2026-02-09 22:45:08.066,0.0007092918385751545,0,0.0007152119185775518,0
2026-02-09 22:45:08.173,0.0007110304431989789,0,0.000715511292219162,0
2026-02-09 22:45:08.280,0.0007142499089241028,0,0.0007175324368290603,0
2026-02-09 22:45:08.386,0.0007206432637758553,0,0.0007209337316453456,0
2026-02-09 22:45:08.493,0.0007263670559041202,0,0.0007240504724904895,0
2026-02-09 22:45:08.600,0.0007318408461287618,0,0.0007266790722496808,0
2026-02-09 22:45:08.706,0.0007378929876722395,0,0.0007288402237463742,0
2026-02-09 22:45:08.813,0.0007424488430842757,0,0.0007302986807189882,0
2026-02-09 22:45:08.920,0.0007385925855487585,0,0.000730847119120881,0
2026-02-09 22:45:09.026,0.0007344329496845603,0,0.0007305705512408167,0
2026-02-09 22:45:09.133,0.0007309033535420895,0,0.0007296549272723496,0
2026-02-09 22:45:09.240,0.0007256150129251182,0,0.0007282937120180577,0
2026-02-09 22:45:09.346,0.0007197342929430306,0,0.0007265286170877516,0
2026-02-09 22:45:09.453,0.0007178775849752128,0,0.0007244436827022582,0
2026-02-09 22:45:09.560,0.000717210816219449,0,0.0007230498013086617,0
2026-02-09 22:45:09.666,0.0007182286935858428,0,0.0007223867811262608,0
2026-02-09 22:45:09.773,0.0007202420383691788,0,0.0007225732144434005,0
2026-02-09 22:45:09.880,0.0007215994992293417,0,0.0007237223908305168,0
2026-02-09 22:45:09.986,0.0007246537716127932,0,0.0007257257530000061,0
2026-02-09 22:45:10.093,0.0007278027478605509,0,0.000727377226576209,0
2026-02-09 22:45:10.200,0.0007327676867134869,0,0.0007285081723239273,0
2026-02-09 22:45:10.306,0.0007371067767962813,0,0.0007289924367796629,0
2026-02-09 22:45:10.413,0.0007397679146379232,0,0.0007287363871000708,0
2026-02-09 22:45:10.520,0.0007343923207372427,0,0.0007279118115548044,0
2026-02-09 22:45:10.626,0.0007285202736966312,0,0.0007266579777933657,0
2026-02-09 22:45:10.733,0.0007230713381431997,0,0.0007250300899613648,0
2026-02-09 22:45:10.840,0.0007176815415732563,0,0.0007229512557387352,0
2026-02-09 22:45:10.946,0.000713353743776679,0,0.0007206502836197614,0
2026-02-09 22:45:11.053,0.0007121154339984059,0,0.0007183361914940179,0
2026-02-09 22:45:11.160,0.0007115238695405424,0,0.000716932350769639,0
2026-02-09 22:45:11.266,0.0007119793444871902,0,0.0007165001065004617,0
2026-02-09 22:45:11.373,0.000714097055606544,0,0.0007170365657657385,0
2026-02-09 22:45:11.480,0.000716626993380487,0,0.0007184736663475632,0
2026-02-09 22:45:11.586,0.0007203539134934545,0,0.000720379309495911,0
2026-02-09 22:45:11.693,0.000724197831004858,0,0.0007221364125143736,0
2026-02-09 22:45:11.800,0.0007284359307959676,0,0.000723631534492597,0
2026-02-09 22:45:11.906,0.000732052547391504,0,0.0007246939581818879,0
2026-02-09 22:45:12.013,0.0007324101752601564,0,0.0007252139039337635,0
2026-02-09 22:45:12.120,0.0007296864641830325,0,0.0007251513074152171,0
2026-02-09 22:45:12.226,0.0007264750893227756,0,0.0007246480614412576,0
2026-02-09 22:45:12.333,0.0007226035813800991,0,0.0007237673446070403,0
2026-02-09 22:45:12.440,0.0007192965131253004,0,0.000722510414198041,0
2026-02-09 22:45:12.546,0.0007160010281950235,0,0.0007209782081190497,0
2026-02-09 22:45:12.653,0.0007153214537538588,0,0.0007194914622232317,0
2026-02-09 22:45:12.760,0.0007153906626626849,0,0.000718540430534631,0
2026-02-09 22:45:12.866,0.0007158666267059743,0,0.0007182180474046618,0
2026-02-09 22:45:12.973,0.0007167304866015911,0,0.0007186425908003002,0
2026-02-09 22:45:13.080,0.0007175427163019776,0,0.0007198344974312931,0
2026-02-09 22:45:13.186,0.0007201761472970247,0,0.0007214202545583248,0
2026-02-09 22:45:13.293,0.0007232512580230832,0,0.0007227722206152975,0
2026-02-09 22:45:13.400,0.0007268490153364837,0,0.0007236801611725241,0
2026-02-09 22:45:13.506,0.0007312155794352293,0,0.0007240180741064251,0
2026-02-09 22:45:13.613,0.0007318585994653404,0,0.0007236722973175347,0
2026-02-09 22:45:13.720,0.0007288411143235862,0,0.0007229817507322878,0
2026-02-09 22:45:13.826,0.0007244700682349503,0,0.0007218867191113532,0
2026-02-09 22:45:13.933,0.0007192457560449839,0,0.000720425636973232,0
2026-02-09 22:45:14.040,0.0007132727187126875,0,0.0007187846465967595,0
2026-02-09 22:45:14.146,0.0007106372504495084,0,0.0007169468037318439,0
2026-02-09 22:45:14.253,0.0007092258310876787,0,0.0007156941865105182,0
2026-02-09 22:45:14.360,0.0007086404366418719,0,0.0007156805077102035,0
2026-02-09 22:45:14.466,0.000710439111571759,0,0.0007167286006733775,0
2026-02-09 22:45:14.573,0.000712837150786072,0,0.0007193510711658746,0
2026-02-09 22:45:14.680,0.000719332427252084,0,0.0007240790117066353,0
2026-02-09 22:45:14.786,0.0007287043263204396,0,0.0007298317330423742,0
2026-02-09 22:45:14.893,0.0007349509978666902,0,0.000736248935572803,0
2026-02-09 22:45:15.000,0.0007454704609699547,0,0.0007431687321513891,0
2026-02-09 22:45:15.106,0.000760552124120295,0,0.0007503316330257804,0
2026-02-09 22:45:15.213,0.0007681644638068974,0,0.0007578449265565723,0
2026-02-09 22:45:15.320,0.0007733978563919663,0,0.0007650126586668194,0
2026-02-09 22:45:15.426,0.0007778384024277329,0,0.0007715230458416045,0
2026-02-09 22:45:15.533,0.000782068120315671,0,0.0007781530031934381,0
2026-02-09 22:45:15.640,0.000787970086093992,0,0.0007853147923015058,0
2026-02-09 22:45:15.746,0.0007910097483545542,0,0.0007929638668429106,0
2026-02-09 22:45:15.853,0.000793808198068291,0,0.0008046261733397842,0
2026-02-09 22:45:15.960,0.000801250571385026,0,0.0008183723199181259,0
2026-02-09 22:45:16.066,0.0008170883520506322,0,0.0008345894049853087,0
2026-02-09 22:45:16.173,0.0008370428695343435,0,0.0008499686431605369,0
2026-02-09 22:45:16.280,0.0008847875287756324,0,0.0008638052153401077,0
2026-02-09 22:45:16.386,0.0009108593221753836,0,0.0008738662174437195,0
2026-02-09 22:45:16.493,0.0009400092530995607,0,0.0008799703209660947,0
2026-02-09 22:45:16.600,0.0009358605020679533,0,0.0008848873258102685,0
2026-02-09 22:45:16.706,0.0009263358078896999,0,0.0008873401326127351,0
2026-02-09 22:45:16.813,0.0008916197693906724,0,0.0008870787627529353,0
2026-02-09 22:45:16.920,0.0008548492332920432,0,0.0008828964433632791,0
2026-02-09 22:45:17.026,0.0008504206198267639,0,0.0008761735574807971,0
2026-02-09 22:45:17.133,0.0008416164200752974,0,0.0008664683846291155,0
2026-02-09 22:45:17.240,0.000834429170936346,0,0.0008573340193834156,0
2026-02-09 22:45:17.346,0.0008429643348790705,0,0.0008502617187332362,0
2026-02-09 22:45:17.453,0.0008436304633505642,0,0.0008488798514008522,0
2026-02-09 22:45:17.560,0.0008429575245827436,0,0.0008530556224286556,0
2026-02-09 22:45:17.666,0.0008445168496109545,0,0.0008591006277129054,0
2026-02-09 22:45:17.773,0.0008556128013879061,0,0.0008662567241117358,0
2026-02-09 22:45:17.880,0.0008778010960668325,0,0.0008750171517021954,0
2026-02-09 22:45:17.986,0.0008966069435700774,0,0.0008812295331154018,0
2026-02-09 22:45:18.093,0.0009108706726692617,0,0.0008855999622028321,0
2026-02-09 22:45:18.200,0.0009131773840636015,0,0.0008882409078069031,0
2026-02-09 22:45:18.306,0.0009220334468409419,0,0.0008904705406166613,0
2026-02-09 22:45:18.413,0.0009050881490111351,0,0.0008919602201785892,0
2026-02-09 22:45:18.520,0.0008873347542248666,0,0.0008927380666136741,0
2026-02-09 22:45:18.626,0.0008693669806234539,0,0.0008945630223024636,0
2026-02-09 22:45:18.733,0.0008668131777085364,0,0.0008986904111225158,0
2026-02-09 22:45:18.840,0.0008705095970071852,0,0.0009050426946487278,0
2026-02-09 22:45:18.946,0.0008855795604176819,0,0.0009112835687119514,0
2026-02-09 22:45:19.053,0.0009148565004579723,0,0.0009180273453239351,0
2026-02-09 22:45:19.160,0.0009521445608697832,0,0.0009280792670324445,0
2026-02-09 22:45:19.266,0.0009767002193257213,0,0.0009435177489649504,0
2026-02-09 22:45:19.373,0.000984442187473178,0,0.0009616518043912947,0
2026-02-09 22:45:19.480,0.0009725259151309729,0,0.0009778512932825834,0
2026-02-09 22:45:19.586,0.0009878539713099599,0,0.0009880048804916442,0
2026-02-09 22:45:19.693,0.0010237517999485135,0,0.0009915478993207216,0
2026-02-09 22:45:19.800,0.0010481537319719791,0,0.0009883592836558818,0
2026-02-09 22:45:19.906,0.0010325044859200716,0,0.0009806115354876964,0
2026-02-09 22:45:20.013,0.0009871154325082898,0,0.0009698292356915772,0
2026-02-09 22:45:20.120,0.0009502866887487471,0,0.0009591691312380135,0
2026-02-09 22:45:20.226,0.0009202584042213857,0,0.0009467699041124433,0
2026-02-09 22:45:20.333,0.0008992227376438677,0,0.0009310382301919162,0
2026-02-09 22:45:20.440,0.0008766191895119846,0,0.0009128654550295323,0
2026-02-09 22:45:20.546,0.000865924870595336,0,0.000896550016477704,0
2026-02-09 22:45:20.653,0.0008638617000542581,0,0.0008854285930283368,0
2026-02-09 22:45:20.760,0.0008664350607432425,0,0.0008787312719505281,0
2026-02-09 22:45:20.866,0.00086642598034814,0,0.0008771879482083022,0
2026-02-09 22:45:20.973,0.000869350100401789,0,0.0008798949304036797,0
2026-02-09 22:45:21.080,0.000875901198014617,0,0.0008863858645781874,0
2026-02-09 22:45:21.186,0.0008833134779706597,0,0.0008917452825699002,0
2026-02-09 22:45:21.293,0.0009048251667991281,0,0.0008947332215029746,0
2026-02-09 22:45:21.400,0.0009262925595976412,0,0.000895090273115784,0
2026-02-09 22:45:21.506,0.0009415285312570632,0,0.000893810746492818,0
2026-02-09 22:45:21.613,0.0009195190505124629,0,0.0008908914227504283,0
2026-02-09 22:45:21.720,0.0008937410893850029,0,0.0008874016522895545,0
2026-02-09 22:45:21.826,0.0008700055768713355,0,0.0008832828490994871,0
2026-02-09 22:45:21.933,0.0008536307141184807,0,0.0008769091102294624,0
2026-02-09 22:45:22.040,0.0008401568629778922,0,0.0008684231783263385,0
2026-02-09 22:45:22.146,0.0008410034934058785,0,0.000858533475548029,0
2026-02-09 22:45:22.253,0.0008421254460699856,0,0.0008519951719790697,0
2026-02-09 22:45:22.360,0.0008410877780988812,0,0.000849121023202315,0
2026-02-09 22:45:22.466,0.0008414332405664027,0,0.0008499360468704253,0
2026-02-09 22:45:22.573,0.0008426315034739673,0,0.0008536379842553288,0
2026-02-09 22:45:22.680,0.0008541360148228705,0,0.0008600363915320485,0
2026-02-09 22:45:22.786,0.0008649996016174555,0,0.0008647527545690536,0
2026-02-09 22:45:22.893,0.0008781558135524392,0,0.0008676182653289289,0
2026-02-09 22:45:23.000,0.000890650087967515,0,0.0008680173603352159,0
2026-02-09 22:45:23.106,0.0009041409357450902,0,0.0008658323669806123,0
2026-02-09 22:45:23.213,0.0008881671237759292,0,0.0008612739969976246,0
2026-02-09 22:45:23.320,0.0008707805536687374,0,0.0008546766592189669,0
2026-02-09 22:45:23.426,0.0008450787281617522,0,0.0008466124185360968,0
2026-02-09 22:45:23.533,0.0008195833070203662,0,0.0008369966177269817,0
2026-02-09 22:45:23.640,0.0007970478036440909,0,0.0008261770766694098,0
2026-02-09 22:45:23.746,0.0007881626370362937,0,0.0008142321952618658,0
2026-02-09 22:45:23.853,0.000784357194788754,0,0.0008045283670071512,0
2026-02-09 22:45:23.960,0.0007819978054612875,0,0.0007972479565069079,0
2026-02-09 22:45:24.066,0.0007824546773917973,0,0.0007930824300274253,0
2026-02-09 22:45:24.173,0.0007846921216696501,0,0.0007918179966509342,0
2026-02-09 22:45:24.280,0.0007911288412287831,0,0.0007925497833639383,0
2026-02-09 22:45:24.386,0.0007979764486663043,0,0.0007929368934128433,0
2026-02-09 22:45:24.493,0.0008034234633669257,0,0.0007925136189442128,0
2026-02-09 22:45:24.600,0.0008069389732554555,0,0.0007909754756838083,0
2026-02-09 22:45:24.706,0.000804365670774132,0,0.0007881185796577483,0
2026-02-09 22:45:24.813,0.0007920337375253439,0,0.0007837287965230643,0
2026-02-09 22:45:24.920,0.0007801244501024485,0,0.0007784825225826353,0
2026-02-09 22:45:25.026,0.0007666163728572428,0,0.0007725579605903476,0
2026-02-09 22:45:25.133,0.0007538857171311975,0,0.0007663521741051227,0
2026-02-09 22:45:25.240,0.0007407942903228104,0,0.0007601668185088784,0
2026-02-09 22:45:25.346,0.0007386661018244922,0,0.0007551275542937219,0
2026-02-09 22:45:25.453,0.000738730828743428,0,0.0007520688872318715,0
2026-02-09 22:45:25.560,0.0007413655985146761,0,0.0007509152172133326,0
2026-02-09 22:45:25.666,0.0007450854172930121,0,0.0007518609927501529,0
2026-02-09 22:45:25.773,0.0007539730286225677,0,0.0007547492219600827,0
2026-02-09 22:45:25.880,0.0007614470669068396,0,0.0007596022158395499,0
2026-02-09 22:45:25.986,0.0007685877499170601,0,0.0007645231147762388,0
2026-02-09 22:45:26.093,0.0007760741282254457,0,0.00076738892433544,0
2026-02-09 22:45:26.200,0.0007827680092304945,0,0.0007706418400630355,0
2026-02-09 22:45:26.306,0.0007893242291174829,0,0.0007742927576016102,0
2026-02-09 22:45:26.413,0.0007878750911913812,0,0.0007776793790981174,0
