timestamp,prob_fft,pred_fft,prob_smoothed,pred_final_smoothed
2026-02-09 22:31:32.600,0.10963334888219833,0,0.1832977995276451,0
2026-02-09 22:31:32.706,0.2001015543937683,0,0.20594414447744688,0
2026-02-09 22:31:32.813,0.1585320383310318,0,0.21065129446131842,0
2026-02-09 22:31:32.920,0.2418753057718277,0,0.24620875995606184,0
2026-02-09 22:31:33.026,0.20634675025939941,0,0.25529219624069,0
2026-02-09 22:31:33.133,0.3191758692264557,0,0.24973973557353019,0
2026-02-09 22:31:33.240,0.23889419436454773,0,0.2582093089818954,0
2026-02-09 22:31:33.346,0.49511101841926575,0,0.25058683902025225,0
2026-02-09 22:31:33.453,0.32795968651771545,0,0.2588528677821159,0
2026-02-09 22:31:33.560,0.1997675895690918,0,0.2611765950918198,0
2026-02-09 22:31:33.666,0.19432908296585083,0,0.3062393099069595,0
2026-02-09 22:31:33.773,0.12387685477733612,0,0.3644657671451569,0
2026-02-09 22:31:33.880,0.24119232594966888,0,0.4361245661973953,0
2026-02-09 22:31:33.986,0.26511257886886597,0,0.48167808055877687,0
2026-02-09 22:31:34.093,0.6569738984107971,1,0.5464948564767838,1
2026-02-09 22:31:34.200,0.901440441608429,1,0.6255640774965286,1
2026-02-09 22:31:34.306,0.9554821848869324,1,0.7057596772909165,1
2026-02-09 22:31:34.413,0.950646162033081,1,0.793144379556179,1
2026-02-09 22:31:34.520,0.9761274456977844,1,0.8689640164375305,1
2026-02-09 22:31:34.626,0.9904597997665405,1,0.9423750579357147,1
2026-02-09 22:31:34.733,0.996285080909729,1,0.976621013879776,1
2026-02-09 22:31:34.840,0.9977238774299622,1,0.986366206407547,1
2026-02-09 22:31:34.946,0.9993886947631836,1,0.9897432386875152,1
2026-02-09 22:31:35.053,0.999222993850708,1,0.9854465365409851,1
2026-02-09 22:31:35.160,0.9994334578514099,1,0.9490074396133423,1
2026-02-09 22:31:35.266,0.9988923668861389,1,0.9030079483985901,1
2026-02-09 22:31:35.373,0.989252507686615,1,0.8275587365031243,1
2026-02-09 22:31:35.480,0.9076791405677795,1,0.7460792064666748,1
2026-02-09 22:31:35.586,0.6117364764213562,1,0.660632161796093,1
2026-02-09 22:31:35.693,0.5304648876190186,1,0.5714346155524254,1
2026-02-09 22:31:35.800,0.2417929619550705,0,0.47933100908994675,0
2026-02-09 22:31:35.906,0.18292857706546783,0,0.38734224662184713,0
2026-02-09 22:31:36.013,0.14491824805736542,0,0.2971501246094704,0
2026-02-09 22:31:36.120,0.10724753141403198,0,0.22550326883792876,0
2026-02-09 22:31:36.226,0.07839739322662354,0,0.17239571660757064,0
2026-02-09 22:31:36.333,0.07900474220514297,0,0.12096865121275187,0
2026-02-09 22:31:36.440,0.08733128756284714,0,0.09739305591210723,0
2026-02-09 22:31:36.546,0.1912105828523636,0,0.07927762997569517,0
2026-02-09 22:31:36.653,0.08066095411777496,0,0.06488228584639728,0
2026-02-09 22:31:36.760,0.016194233670830727,0,0.05423723687999882,0
2026-02-09 22:31:36.866,0.006037008948624134,0,0.04648028640658595,0
2026-02-09 22:31:36.973,0.0017743177013471723,0,0.03869871096103452,0
2026-02-09 22:31:37.080,0.0009648067643865943,0,0.030329429724952207,0
2026-02-09 22:31:37.186,0.0007970417500473559,0,0.01162938256165944,0
2026-02-09 22:31:37.293,0.0008278884924948215,0,0.004781246971106157,0
2026-02-09 22:31:37.400,0.0011889877496287227,0,0.0038930917566176505,0
2026-02-09 22:31:37.506,0.003638475202023983,0,0.004638742416864261,0
2026-02-09 22:31:37.613,0.00421011121943593,0,0.006284467532532289,0
2026-02-09 22:31:37.720,0.012179598212242126,0,0.016229729627957566,0
2026-02-09 22:31:37.826,0.0073126815259456635,0,0.021245629142504184,0
2026-02-09 22:31:37.933,0.01349351555109024,0,0.027248263673391192,0
2026-02-09 22:31:38.040,0.018231568858027458,0,0.03165983161889017,0
2026-02-09 22:31:38.146,0.10041742771863937,0,0.03403622233308852,0
2026-02-09 22:31:38.253,0.050956036895513535,0,0.03735866975039244,0
2026-02-09 22:31:38.360,0.0608542338013649,0,0.04095845241099596,0
2026-02-09 22:31:38.466,0.045304667204618454,0,0.04286312852054834,0
2026-02-09 22:31:38.573,0.027402382344007492,0,0.04321912545710802,0
2026-02-09 22:31:38.680,0.03743458539247513,0,0.04320012722164392,0
2026-02-09 22:31:38.786,0.04817742481827736,0,0.03421055302023888,0
2026-02-09 22:31:38.893,0.026359442621469498,0,0.03016997827216983,0
2026-02-09 22:31:39.000,0.01705348491668701,0,0.02531333239749074,0
2026-02-09 22:31:39.106,0.018041586503386497,0,0.021717786230146884,0
2026-02-09 22:31:39.213,0.01052168570458889,0,0.019884710758924486,0
2026-02-09 22:31:39.320,0.010550289414823055,0,0.019544842466712,0
2026-02-09 22:31:39.426,0.012287775054574013,0,0.016641548089683055,0
2026-02-09 22:31:39.533,0.009349205531179905,0,0.01744877826422453,0
2026-02-09 22:31:39.640,0.009071627631783485,0,0.022231578640639783,0
2026-02-09 22:31:39.746,0.034035902470350266,0,0.02821778431534767,0
2026-02-09 22:31:39.853,0.019144481047987938,0,0.03568072412163019,0
2026-02-09 22:31:39.960,0.03443174436688423,0,0.03863983629271388,0
2026-02-09 22:31:40.066,0.06488148868083954,0,0.03998404694721103,0
2026-02-09 22:31:40.173,0.0779036432504654,0,0.04046202590689063,0
2026-02-09 22:31:40.280,0.08515108376741409,0,0.043078936729580165,0
2026-02-09 22:31:40.386,0.04014141112565994,0,0.045706525538116695,0
2026-02-09 22:31:40.493,0.02572988159954548,0,0.059053548704832794,0
2026-02-09 22:31:40.600,0.01412899512797594,0,0.07098184293136,0
2026-02-09 22:31:40.706,0.03524073585867882,0,0.1040253690443933,0
2026-02-09 22:31:40.813,0.06031179055571556,0,0.1718313611112535,0
2026-02-09 22:31:40.920,0.15261471271514893,0,0.2543213038705289,0
2026-02-09 22:31:41.026,0.15371468663215637,0,0.3386306426487863,0
2026-02-09 22:31:41.133,0.3953167498111725,0,0.42719440208747983,0
2026-02-09 22:31:41.240,0.7559635639190674,1,0.49911213740706445,0
2026-02-09 22:31:41.346,0.9100505113601685,1,0.5486263807862997,1
2026-02-09 22:31:41.453,0.8832347989082336,1,0.5794741779565811,1
2026-02-09 22:31:41.560,0.9113674759864807,1,0.5867882788181304,1
2026-02-09 22:31:41.666,0.733306348323822,1,0.574649216979742,1
2026-02-09 22:31:41.773,0.5303831696510315,1,0.5363789971917867,1
2026-02-09 22:31:41.880,0.36878976225852966,0,0.461165007785894,0
2026-02-09 22:31:41.986,0.2257557213306427,0,0.3704802407417446,0
2026-02-09 22:31:42.093,0.03232406824827194,0,0.28263859255239365,0
2026-02-09 22:31:42.200,0.012614551931619644,0,0.19241967536509036,0
2026-02-09 22:31:42.306,0.003823669860139489,0,0.1197625613771379,0
2026-02-09 22:31:42.413,0.003202840918675065,0,0.0677738843485713,0
2026-02-09 22:31:42.520,0.004818317014724016,0,0.03135692593641579,0
2026-02-09 22:31:42.626,0.009178304113447666,0,0.010528945410624147,0
2026-02-09 22:31:42.733,0.006735208444297314,0,0.009710354031994939,0
2026-02-09 22:31:42.840,0.010496399365365505,0,0.01018969235010445,0
2026-02-09 22:31:42.946,0.004620178136974573,0,0.011772967712022363,0
2026-02-09 22:31:43.053,0.01747591607272625,0,0.01266919756308198,0
2026-02-09 22:31:43.160,0.024138154461979866,0,0.013323062239214778,0
2026-02-09 22:31:43.266,0.017407935112714767,0,0.013124354975298047,0
2026-02-09 22:31:43.373,0.01965642347931862,0,0.013482572743669152,0
2026-02-09 22:31:43.480,0.012165139429271221,0,0.013139187591150403,0
2026-02-09 22:31:43.586,0.011356963776051998,0,0.013094021612778306,0
2026-02-09 22:31:43.693,0.007191231474280357,0,0.012166426191106439,0
2026-02-09 22:31:43.800,0.010317386128008366,0,0.010551344463601708,0
2026-02-09 22:31:43.906,0.007062547840178013,0,0.010344679607078433,0
2026-02-09 22:31:44.013,0.004168518353253603,0,0.017471790639683606,0
2026-02-09 22:31:44.120,0.008199961856007576,0,0.019535571010783313,0
2026-02-09 22:31:44.226,0.007987337186932564,0,0.020848861848935484,0
2026-02-09 22:31:44.333,0.015341286547482014,0,0.025875357119366525,0
2026-02-09 22:31:44.440,0.09092753380537033,0,0.028619432682171465,0
2026-02-09 22:31:44.546,0.032802943140268326,0,0.03220125338993966,0
2026-02-09 22:31:44.653,0.0244898721575737,0,0.03464604625478387,0
2026-02-09 22:31:44.760,0.057456184178590775,0,0.03582891458645463,0
2026-02-09 22:31:44.866,0.03775814175605774,0,0.0374419872649014,0
2026-02-09 22:31:44.973,0.04288075491786003,0,0.039249929040670394,0
2026-02-09 22:31:45.080,0.028616447001695633,0,0.034130657091736794,0
2026-02-09 22:31:45.186,0.020028645172715187,0,0.03471588268876076,0
2026-02-09 22:31:45.293,0.02411806397140026,0,0.03860968798398971,0
2026-02-09 22:31:45.400,0.03342070430517197,0,0.04062591753900051,0
2026-02-09 22:31:45.506,0.03973481431603432,0,0.048970145359635356,0
2026-02-09 22:31:45.613,0.038655199110507965,0,0.0884363554418087,0
2026-02-09 22:31:45.720,0.06342792510986328,0,0.10093453712761402,0
2026-02-09 22:31:45.826,0.07761847972869873,0,0.10684612412005663,0
2026-02-09 22:31:45.933,0.12120041996240616,0,0.11436441354453564,0
2026-02-09 22:31:46.040,0.4375428557395935,0,0.11541928984224796,0
2026-02-09 22:31:46.146,0.15359826385974884,0,0.11732166819274426,0
2026-02-09 22:31:46.253,0.07914451509714127,0,0.1238011870533228,0
2026-02-09 22:31:46.360,0.09930095821619034,0,0.1230914380401373,0
2026-02-09 22:31:46.466,0.04396946728229523,0,0.12043376602232456,0
2026-02-09 22:31:46.573,0.05875859782099724,0,0.1134493712335825,0
2026-02-09 22:31:46.680,0.10345038771629333,0,0.07523230537772178,0
2026-02-09 22:31:46.786,0.05633043497800827,0,0.06369969993829727,0
2026-02-09 22:31:46.893,0.05104175955057144,0,0.062222426384687425,0
2026-02-09 22:31:47.000,0.051356472074985504,0,0.05577751472592354,0
2026-02-09 22:31:47.106,0.055372197180986404,0,0.05402640476822853,0
2026-02-09 22:31:47.213,0.03827220946550369,0,0.05253668129444122,0
2026-02-09 22:31:47.320,0.06437177956104279,0,0.04332079645246267,0
2026-02-09 22:31:47.426,0.03485184162855148,0,0.03824283075518906,0
2026-02-09 22:31:47.533,0.026458367705345154,0,0.033738462580367924,0
2026-02-09 22:31:47.640,0.04386136308312416,0,0.0287490286747925,0
2026-02-09 22:31:47.746,0.011291539296507835,0,0.0234857156756334,0
2026-02-09 22:31:47.853,0.00555077800527215,0,0.020017151010688395,0
2026-02-09 22:31:47.960,0.005998077802360058,0,0.013937504345085472,0
2026-02-09 22:31:48.066,0.0014621330192312598,0,0.010868688288610429,0
2026-02-09 22:31:48.173,0.0027390671893954277,0,0.008548328757751734,0
2026-02-09 22:31:48.280,0.003586562816053629,0,0.004544026532676071,0
2026-02-09 22:31:48.386,0.0035753129050135612,0,0.0035496978554874657,0
2026-02-09 22:31:48.493,0.00416368106380105,0,0.0030832789081614463,0
2026-02-09 22:31:48.600,0.0032547723967581987,0,0.0025535972497891636,0
2026-02-09 22:31:48.706,0.0038183408323675394,0,0.0025104551401454954,0
2026-02-09 22:31:48.813,0.0013482525246217847,0,0.0027680229221004994,0
2026-02-09 22:31:48.920,0.000886588532011956,0,0.0025731822883244605,0
2026-02-09 22:31:49.026,0.000701261218637228,0,0.0023440036631654946,0
2026-02-09 22:31:49.133,0.0010307119227945805,0,0.0021779066359158606,0
2026-02-09 22:31:49.240,0.005314745008945465,0,0.0019755235931370406,0
2026-02-09 22:31:49.346,0.00163815647829324,0,0.002387366519542411,0
2026-02-09 22:31:49.453,0.0012835266534239054,0,0.0038181006617378443,0
2026-02-09 22:31:49.560,0.0025027107913047075,0,0.005514558078721166,0
2026-02-09 22:31:49.666,0.0012309419689700007,0,0.006440117955207825,0
2026-02-09 22:31:49.773,0.007936770096421242,0,0.00838965135626495,0
2026-02-09 22:31:49.880,0.01565559394657612,0,0.009722784673795105,0
2026-02-09 22:31:49.986,0.01785116270184517,0,0.00977015596581623,0
2026-02-09 22:31:50.093,0.009956859983503819,0,0.00991047736024484,0
2026-02-09 22:31:50.200,0.020526045933365822,0,0.01011290397727862,0
2026-02-09 22:31:50.306,0.018646078184247017,0,0.010594248282723128,0
2026-02-09 22:31:50.413,0.0021118693985044956,0,0.013145645405165851,0
2026-02-09 22:31:50.520,0.0026867405977100134,0,0.011781805194914341,0
2026-02-09 22:31:50.626,0.004526976961642504,0,0.010306156403385103,0
2026-02-09 22:31:50.733,0.006044385023415089,0,0.01015867672394961,0
2026-02-09 22:31:50.840,0.033450741320848465,0,0.008624100615270436,0
2026-02-09 22:31:50.946,0.002017191844061017,0,0.008912534569390118,0
2026-02-09 22:31:51.053,0.003094674786552787,0,0.01147852826397866,0
2026-02-09 22:31:51.160,0.008482063189148903,0,0.015159536618739367,0
2026-02-09 22:31:51.266,0.005180284846574068,0,0.019160985248163342,0
2026-02-09 22:31:51.373,0.02153041772544384,0,0.022978180600330234,0
2026-02-09 22:31:51.480,0.027771806344389915,0,0.02149364775978029,0
2026-02-09 22:31:51.586,0.03949682414531708,0,0.022905458719469605,0
2026-02-09 22:31:51.693,0.04454146325588226,0,0.029523581312969328,0
2026-02-09 22:31:51.800,0.044216338545084,0,0.03011319418437779,0
2026-02-09 22:31:51.906,0.018605412915349007,0,0.03306032679975033,0
2026-02-09 22:31:52.013,0.01613530144095421,0,0.05551117341965437,0
2026-02-09 22:31:52.120,0.06927590072154999,0,0.05905427113175392,0
2026-02-09 22:31:52.226,0.014378191903233528,0,0.06604390293359756,0
2026-02-09 22:31:52.333,0.034651611000299454,0,0.0664919849485159,0
2026-02-09 22:31:52.440,0.24603888392448425,0,0.06776496060192586,0
2026-02-09 22:31:52.546,0.06320278346538544,0,0.07474536541849375,0
2026-02-09 22:31:52.653,0.10939314216375351,0,0.081385831348598,0
2026-02-09 22:31:52.760,0.049022283405065536,0,0.08068433124572039,0
2026-02-09 22:31:52.866,0.05694609507918358,0,0.08749297112226487,0
2026-02-09 22:31:52.973,0.08840946108102798,0,0.09758645109832287,0
2026-02-09 22:31:53.080,0.08253996074199677,0,0.08143279664218425,0
2026-02-09 22:31:53.186,0.06226089969277382,0,0.0856487911194563,0
2026-02-09 22:31:53.293,0.08246459066867828,0,0.0907328862696886,0
2026-02-09 22:31:53.400,0.13558641076087952,0,0.09576041102409363,0
2026-02-09 22:31:53.506,0.08450233936309814,0,0.12875050939619542,0
2026-02-09 22:31:53.613,0.10536272823810577,0,0.15228628180921078,0
2026-02-09 22:31:53.720,0.16023409366607666,0,0.17231162898242475,0
2026-02-09 22:31:53.826,0.09929753094911575,0,0.20615835562348367,0
2026-02-09 22:31:53.933,0.3868470788002014,0,0.22060121223330498,0
2026-02-09 22:31:54.040,0.32376718521118164,0,0.23508974239230157,0
2026-02-09 22:31:54.146,0.28279343247413635,0,0.24907561764121056,0
2026-02-09 22:31:54.253,0.40072816610336304,0,0.2579702205955982,0
2026-02-09 22:31:54.360,0.22689315676689148,0,0.2611095689237118,0
2026-02-09 22:31:54.466,0.28047171235084534,0,0.2862460270524025,0
2026-02-09 22:31:54.573,0.2243610918521881,0,0.273237507045269,0
2026-02-09 22:31:54.680,0.19430875778198242,0,0.26715823262929916,0
2026-02-09 22:31:54.786,0.19162757694721222,0,0.28389764577150345,0
2026-02-09 22:31:54.893,0.35066211223602295,0,0.2900631591677666,0
2026-02-09 22:31:55.000,0.2567618787288666,0,0.324002231657505,0
2026-02-09 22:31:55.106,0.26297444105148315,0,0.3779463216662407,0
2026-02-09 22:31:55.213,0.4501875638961792,0,0.4272976413369179,0
2026-02-09 22:31:55.320,0.46238330006599426,0,0.46950470358133317,0
2026-02-09 22:31:55.426,0.5662838816642761,1,0.5171668291091919,1
2026-02-09 22:31:55.533,0.8199126124382019,1,0.5488249778747558,1
2026-02-09 22:31:55.640,0.71787428855896,1,0.5954924017190933,1
2026-02-09 22:31:55.746,0.6163793802261353,1,0.616985622048378,1
2026-02-09 22:31:55.853,0.6682488322257996,1,0.6112178295850754,1
2026-02-09 22:31:55.960,0.6672435998916626,1,0.5921610295772552,1
2026-02-09 22:31:56.066,0.7234361171722412,1,0.5580551385879516,1
2026-02-09 22:31:56.173,0.47790664434432983,0,0.4914124831557274,0
2026-02-09 22:31:56.280,0.3925096392631531,0,0.4355214908719063,0
2026-02-09 22:31:56.386,0.27181529998779297,0,0.3957034096121788,0
2026-02-09 22:31:56.493,0.22522497177124023,0,0.34797108471393584,0
2026-02-09 22:31:56.600,0.15348605811595917,0,0.3015902191400528,0
2026-02-09 22:31:56.706,0.1589643657207489,0,0.27391254901885986,0
2026-02-09 22:31:56.813,0.21819856762886047,0,0.23556172847747803,0
2026-02-09 22:31:56.920,0.19092558324337006,0,0.199611971154809,0
2026-02-09 22:31:57.026,0.20343494415283203,0,0.17498972471803426,0
2026-02-09 22:31:57.133,0.4466594159603119,0,0.15348792485892773,0
2026-02-09 22:31:57.240,0.09439843893051147,0,0.13952831802889704,0
2026-02-09 22:31:57.346,0.033012066036462784,0,0.12475651577115059,0
2026-02-09 22:31:57.453,0.025592835620045662,0,0.10404940946027637,0
2026-02-09 22:31:57.560,0.010206973180174828,0,0.08564466936513782,0
2026-02-09 22:31:57.666,0.01388998981565237,0,0.06581303966231644,0
2026-02-09 22:31:57.773,0.01124634314328432,0,0.021750137256458402,0
2026-02-09 22:31:57.880,0.011127504520118237,0,0.01296955654397607,0
2026-02-09 22:31:57.986,0.006878182291984558,0,0.011346395406872035,0
2026-02-09 22:31:58.093,0.005118647124618292,0,0.010849176440387964,0
2026-02-09 22:31:58.200,0.006030391901731491,0,0.012690462823957204,0
2026-02-09 22:31:58.306,0.006592631805688143,0,0.01843980923295021,0
2026-02-09 22:31:58.413,0.01678045466542244,0,0.018557017762213947,0
2026-02-09 22:31:58.520,0.020620645955204964,0,0.017845863476395607,0
2026-02-09 22:31:58.626,0.028619837015867233,0,0.017729120422154666,0
2026-02-09 22:31:58.733,0.07138345390558243,0,0.01748158021364361,0
2026-02-09 22:31:58.840,0.012418428435921669,0,0.017197530437260865,0
2026-02-09 22:31:58.946,0.004015961661934853,0,0.01690484583377838,0
2026-02-09 22:31:59.053,0.005710751749575138,0,0.01569161769002676,0
2026-02-09 22:31:59.160,0.0026432450395077467,0,0.014350651018321513,0
2026-02-09 22:31:59.266,0.003189894137904048,0,0.012868027947843075,0
2026-02-09 22:31:59.373,0.0036657857708632946,0,0.006858870014548301,0
2026-02-09 22:31:59.480,0.004648173227906227,0,0.005976492096669972,0
2026-02-09 22:31:59.586,0.007210979238152504,0,0.0062231713673099875,0
2026-02-09 22:31:59.693,0.01379360631108284,0,0.006199335283599794,0
2026-02-09 22:31:59.800,0.011291874572634697,0,0.006706469831988216,0
2026-02-09 22:31:59.906,0.0035946492571383715,0,0.010299936379306018,0
2026-02-09 22:32:00.013,0.006482754368335009,0,0.010484669380821288,0
2026-02-09 22:32:00.120,0.005472390912473202,0,0.010744948755018413,0
2026-02-09 22:32:00.226,0.007714590523391962,0,0.011087325843982398,0
2026-02-09 22:32:00.333,0.03912455961108208,0,0.010496437805704773,0
2026-02-09 22:32:00.440,0.005513115786015987,0,0.012765271659009158,0
2026-02-09 22:32:00.546,0.0072509669698774815,0,0.015926598710939287,0
2026-02-09 22:32:00.653,0.010634750127792358,0,0.017674954887479544,0
2026-02-09 22:32:00.760,0.00788472592830658,0,0.019199096225202085,0
2026-02-09 22:32:00.866,0.03398021310567856,0,0.019288516929373146,0
2026-02-09 22:32:00.973,0.03520791977643967,0,0.016373989218845964,0
2026-02-09 22:32:01.080,0.023966316133737564,0,0.016496594808995724,0
2026-02-09 22:32:01.186,0.0207138042896986,0,0.0173367319162935,0
2026-02-09 22:32:01.293,0.008608797565102577,0,0.0193941758479923,0
2026-02-09 22:32:01.400,0.00997928250581026,0,0.022900050273165107,0
2026-02-09 22:32:01.506,0.00673917168751359,0,0.03561569615267217,0
2026-02-09 22:32:01.613,0.015652338042855263,0,0.03450263268314302,0
2026-02-09 22:32:01.720,0.03120918944478035,0,0.033909277012571695,0
2026-02-09 22:32:01.826,0.04294347018003464,0,0.032977043418213725,0
2026-02-09 22:32:01.933,0.1611366719007492,0,0.03286316567100585,0
2026-02-09 22:32:02.040,0.024077285081148148,0,0.03330425056628883,0
2026-02-09 22:32:02.146,0.018032759428024292,0,0.033639058284461495,0
2026-02-09 22:32:02.253,0.011391468346118927,0,0.03280256800353527,0
2026-02-09 22:32:02.360,0.007470020093023777,0,0.03027696837671101,0
2026-02-09 22:32:02.466,0.014390131458640099,0,0.027732520038262008,0
2026-02-09 22:32:02.573,0.010087248869240284,0,0.01573651977814734,0
2026-02-09 22:32:02.680,0.007287435233592987,0,0.015458663227036595,0
2026-02-09 22:32:02.786,0.005953193176537752,0,0.016963606374338268,0
2026-02-09 22:32:02.893,0.017498986795544624,0,0.020883689867332578,0
2026-02-09 22:32:03.000,0.04117666929960251,0,0.03356124828569591,0
2026-02-09 22:32:03.106,0.021298719570040703,0,0.0791362480726093,0
2026-02-09 22:32:03.213,0.03308219090104103,0,0.0885688413400203,0
2026-02-09 22:32:03.320,0.05059230327606201,0,0.08922858037985862,0
2026-02-09 22:32:03.426,0.1342456042766571,0,0.08938530110754073,0
2026-02-09 22:32:03.533,0.47014012932777405,0,0.08785007332917302,0
2026-02-09 22:32:03.640,0.10441318154335022,0,0.08546710365917534,0
2026-02-09 22:32:03.746,0.013884825631976128,0,0.08439348058309407,0
2026-02-09 22:32:03.853,0.007520400453358889,0,0.08159544060472398,0
2026-02-09 22:32:03.960,0.0021467090118676424,0,0.07719247352797538,0
2026-02-09 22:32:04.066,0.017346972599625587,0,0.06536200300324709,0
2026-02-09 22:32:04.173,0.010562488809227943,0,0.01870321938768029,0
2026-02-09 22:32:04.280,0.005101791117340326,0,0.008572789351455867,0
2026-02-09 22:32:04.386,0.006562632508575916,0,0.007905991445295513,0
2026-02-09 22:32:04.493,0.015940899029374123,0,0.007466218876652419,0
2026-02-09 22:32:04.600,0.003552293172106147,0,0.008229300985112787,0
2026-02-09 22:32:04.706,0.0031088811811059713,0,0.00697365440428257,0
2026-02-09 22:32:04.813,0.0072168465703725815,0,0.006001963501330465,0
2026-02-09 22:32:04.920,0.0031226747669279575,0,0.006194621219765395,0
2026-02-09 22:32:05.026,0.00977753009647131,0,0.00599288068478927,0
2026-02-09 22:32:05.133,0.004790506791323423,0,0.00511080821743235,0
2026-02-09 22:32:05.240,0.0008455797797068954,0,0.007447573507670313,0
2026-02-09 22:32:05.346,0.007028368301689625,0,0.009229259740095586,0
2026-02-09 22:32:05.453,0.004545227158814669,0,0.010655603173654526,0
2026-02-09 22:32:05.560,0.00712017435580492,0,0.012088216783013195,0
2026-02-09 22:32:05.666,0.02691994607448578,0,0.01162892224965617,0
2026-02-09 22:32:05.773,0.020925743505358696,0,0.011534429981838911,0
2026-02-09 22:32:05.880,0.02148028090596199,0,0.012085566995665431,0
2026-02-09 22:32:05.986,0.01744881086051464,0,0.011706258030608296,0
2026-02-09 22:32:06.093,0.005184584762901068,0,0.011488703661598265,0
2026-02-09 22:32:06.200,0.003845584113150835,0,0.013721229252405464,0
2026-02-09 22:32:06.306,0.006356949917972088,0,0.012633082387037576,0
2026-02-09 22:32:06.413,0.0032352786511182785,0,0.011861948040314018,0
2026-02-09 22:32:06.520,0.0023696834687143564,0,0.011293714609928429,0
2026-02-09 22:32:06.626,0.029445430263876915,0,0.01019981752615422,0
2026-02-09 22:32:06.733,0.016038477420806885,0,0.010349408932961523,0
2026-02-09 22:32:06.840,0.01321440003812313,0,0.010803179698996246,0
2026-02-09 22:32:06.946,0.015797946602106094,0,0.010659585590474308,0
2026-02-09 22:32:07.053,0.006509840022772551,0,0.010817426186986268,0
2026-02-09 22:32:07.160,0.006680498830974102,0,0.011512696649879217,0
2026-02-09 22:32:07.266,0.008383291773498058,0,0.009863920602947473,0
2026-02-09 22:32:07.373,0.004921008832752705,0,0.00938869658857584,0
2026-02-09 22:32:07.480,0.004813684616237879,0,0.009677320346236229,0
2026-02-09 22:32:07.586,0.009322388097643852,0,0.010125215351581573,0
2026-02-09 22:32:07.693,0.012957669794559479,0,0.013643593015149235,0
2026-02-09 22:32:07.800,0.01128623727709055,0,0.029025008669123054,0
2026-02-09 22:32:07.906,0.01610063761472702,0,0.031607786053791644,0
2026-02-09 22:32:08.013,0.02027689665555954,0,0.03309651012532413,0
2026-02-09 22:32:08.120,0.04169361665844917,0,0.03639764757826924,0
2026-02-09 22:32:08.226,0.16049465537071228,0,0.03691441444680095,0
2026-02-09 22:32:08.333,0.034211065620183945,0,0.03807172616943717,0
2026-02-09 22:32:08.440,0.019808249548077583,0,0.03984546381980181,0
2026-02-09 22:32:08.546,0.03782505914568901,0,0.04122958220541477,0
2026-02-09 22:32:08.653,0.014490056782960892,0,0.04153425246477127,0
2026-02-09 22:32:08.760,0.024530787020921707,0,0.040486517176032064,0
2026-02-09 22:32:08.866,0.029023613780736923,0,0.027689066901803016,0
2026-02-09 22:32:08.973,0.029941821470856667,0,0.028689436987042426,0
2026-02-09 22:32:09.080,0.023323599249124527,0,0.034760300256311896,0
2026-02-09 22:32:09.186,0.03121626377105713,0,0.045572531037032606,0
2026-02-09 22:32:09.293,0.03252015262842178,0,0.06297445986419917,0
2026-02-09 22:32:09.400,0.04421476647257805,0,0.09913782086223363,0
2026-02-09 22:32:09.506,0.08051688224077225,0,0.13606161121279,0
2026-02-09 22:32:09.613,0.14594736695289612,0,0.16486931145191192,0
2026-02-09 22:32:09.720,0.18850934505462646,0,0.1923862721771002,0
2026-02-09 22:32:09.826,0.3861643970012665,0,0.2174420740455389,0
2026-02-09 22:32:09.933,0.39826151728630066,0,0.2573351044207811,0
2026-02-09 22:32:10.040,0.3180188238620758,0,0.285571176558733,0
2026-02-09 22:32:10.146,0.2984932065010071,0,0.289156161993742,0
2026-02-09 22:32:10.253,0.28177428245544434,0,0.2862338922917843,0
2026-02-09 22:32:10.360,0.4314504563808441,0,0.28047009333968165,0
2026-02-09 22:32:10.466,0.32657548785209656,0,0.25166780352592466,0
2026-02-09 22:32:10.573,0.11636673659086227,0,0.21861049607396127,0
2026-02-09 22:32:10.680,0.11672466993331909,0,0.20139170214533805,0
2026-02-09 22:32:10.786,0.13087135553359985,0,0.18253666833043097,0
2026-02-09 22:32:10.893,0.09814149886369705,0,0.1691894330084324,0
2026-02-09 22:32:11.000,0.06768844276666641,0,0.17141091004014014,0
2026-02-09 22:32:11.106,0.1458308845758438,0,0.1525878645479679,0
2026-02-09 22:32:11.213,0.10994286835193634,0,0.14642879962921143,0
2026-02-09 22:32:11.320,0.14830192923545837,0,0.13750286176800727,0
2026-02-09 22:32:11.426,0.45366522669792175,0,0.12542249029502273,0
2026-02-09 22:32:11.533,0.13834503293037415,0,0.11732376674190163,0
2026-02-09 22:32:11.640,0.054776087403297424,0,0.112357132229954,0
2026-02-09 22:32:11.746,0.02746529132127762,0,0.09871232332661747,0
2026-02-09 22:32:11.853,0.01006764080375433,0,0.08823160040192306,0
2026-02-09 22:32:11.960,0.017154263332486153,0,0.07384713748469948,0
2026-02-09 22:32:12.066,0.018022097647190094,0,0.028801053180359304,0
2026-02-09 22:32:12.173,0.009382795542478561,0,0.015166199672967196,0
2026-02-09 22:32:12.280,0.005135639104992151,0,0.010272778291255235,0
2026-02-09 22:32:12.386,0.004457300063222647,0,0.008130221394822001,0
2026-02-09 22:32:12.493,0.0032043836545199156,0,0.007645033812150359,0
2026-02-09 22:32:12.600,0.001996497856453061,0,0.00848033963702619,0
2026-02-09 22:32:12.706,0.005841873586177826,0,0.0070261113112792374,0
2026-02-09 22:32:12.813,0.006039722356945276,0,0.006466811313293875,0
2026-02-09 22:32:12.920,0.005215764977037907,0,0.006455121585167945,0
2026-02-09 22:32:13.026,0.02550732158124447,0,0.006371234334073961,0
2026-02-09 22:32:13.133,0.003479814389720559,0,0.0069529288448393345,0
2026-02-09 22:32:13.240,0.0037897955626249313,0,0.008532857499085366,0
2026-02-09 22:32:13.346,0.005018741823732853,0,0.010607191151939333,0
2026-02-09 22:32:13.453,0.00361842755228281,0,0.01437569346744567,0
2026-02-09 22:32:13.560,0.009021328762173653,0,0.017944504343904554,0
2026-02-09 22:32:13.666,0.017795784398913383,0,0.018815073580481113,0
2026-02-09 22:32:13.773,0.026585210114717484,0,0.019485309533774853,0
2026-02-09 22:32:13.880,0.04372474551200867,0,0.02099732756614685,0
2026-02-09 22:32:13.986,0.04090387374162674,0,0.022362394724041224,0
2026-02-09 22:32:14.093,0.03421301394701004,0,0.023916367441415787,0
2026-02-09 22:32:14.200,0.010182173922657967,0,0.04240541663020849,0
2026-02-09 22:32:14.306,0.01890997588634491,0,0.04413238577544689,0
2026-02-09 22:32:14.413,0.018669413402676582,0,0.04656546711921692,0
2026-02-09 22:32:14.520,0.019158154726028442,0,0.047401577979326245,0
2026-02-09 22:32:14.626,0.1939118206501007,0,0.04503579158335924,0
2026-02-09 22:32:14.733,0.03506547585129738,0,0.044796906597912314,0
2026-02-09 22:32:14.840,0.050916023552417755,0,0.04604131374508143,0
2026-02-09 22:32:14.946,0.05208585411310196,0,0.045760488137602806,0
2026-02-09 22:32:15.053,0.017246009781956673,0,0.044991784170269965,0
2026-02-09 22:32:15.160,0.03182416409254074,0,0.043946153949946165,0
2026-02-09 22:32:15.266,0.022626245394349098,0,0.025172752561047673,0
2026-02-09 22:32:15.373,0.016101719811558723,0,0.02189710605889559,0
2026-02-09 22:32:15.480,0.010982373729348183,0,0.017533569037914275,0
2026-02-09 22:32:15.586,0.008701852522790432,0,0.013489192351698875,0
2026-02-09 22:32:15.693,0.006177806761115789,0,0.014951331727206706,0
2026-02-09 22:32:15.800,0.0023090108297765255,0,0.030209589563310147,0
2026-02-09 22:32:15.906,0.007280653342604637,0,0.030167194083333015,0
2026-02-09 22:32:16.013,0.011642087250947952,0,0.03042073156684637,0
2026-02-09 22:32:16.120,0.03186740353703499,0,0.030970059521496295,0
2026-02-09 22:32:16.226,0.18440674245357513,0,0.03062923508696258,0
2026-02-09 22:32:16.333,0.02220229059457779,0,0.030905550718307494,0
2026-02-09 22:32:16.440,0.018637094646692276,0,0.03143091504462063,0
2026-02-09 22:32:16.546,0.016475653275847435,0,0.031015702593140303,0
2026-02-09 22:32:16.653,0.0052936081774532795,0,0.030206149746663868,0
2026-02-09 22:32:16.760,0.008940963074564934,0,0.027388742775656283,0
2026-02-09 22:32:16.866,0.007562654092907906,0,0.009433035063557327,0
2026-02-09 22:32:16.973,0.0031285288278013468,0,0.007450322830118239,0
2026-02-09 22:32:17.080,0.0035465587861835957,0,0.006226828345097602,0
2026-02-09 22:32:17.186,0.003693333826959133,0,0.006059013516642153,0
2026-02-09 22:32:17.293,0.004849665332585573,0,0.007812086469493806,0
2026-02-09 22:32:17.400,0.0023751682601869106,0,0.013180750771425664,0
2026-02-09 22:32:17.506,0.006402149796485901,0,0.013707298017106951,0
2026-02-09 22:32:17.613,0.014797504991292953,0,0.016088411724194885,0
2026-02-09 22:32:17.720,0.02282433770596981,0,0.017601865623146296,0
2026-02-09 22:32:17.826,0.06262760609388351,0,0.023300560750067235,0
2026-02-09 22:32:17.933,0.012828126549720764,0,0.05162496282719076,0
2026-02-09 22:32:18.040,0.026939665898680687,0,0.08504790253937244,0
2026-02-09 22:32:18.146,0.018681097775697708,0,0.10574444569647312,0
2026-02-09 22:32:18.253,0.06068028509616852,0,0.13143809512257576,0
2026-02-09 22:32:18.360,0.2880936861038208,0,0.1487116502597928,0
2026-02-09 22:32:18.466,0.3366045653820038,0,0.15026742238551377,0
2026-02-09 22:32:18.573,0.21336758136749268,0,0.15006330562755466,0
2026-02-09 22:32:18.680,0.27173399925231934,0,0.14829100985080004,0
2026-02-09 22:32:18.786,0.19555988907814026,0,0.14693746003322303,0
2026-02-09 22:32:18.893,0.07818532735109329,0,0.14204506599344313,0
2026-02-09 22:32:19.000,0.01078695897012949,0,0.11463022683747112,0
2026-02-09 22:32:19.106,0.00921670813113451,0,0.08120925691910089,0
2026-02-09 22:32:19.213,0.005145599599927664,0,0.06004256049636751,0
2026-02-09 22:32:19.320,0.011756344698369503,0,0.03297578159254044,0
2026-02-09 22:32:19.426,0.013945294544100761,0,0.01385027237702161,0
2026-02-09 22:32:19.533,0.0023948661983013153,0,0.006343509955331683,0
2026-02-09 22:32:19.640,0.0017006171401590109,0,0.005803446331992745,0
2026-02-09 22:32:19.746,0.001066210214048624,0,0.006736668897792697,0
2026-02-09 22:32:19.853,0.004304796922951937,0,0.00794888213276863,0
2026-02-09 22:32:19.960,0.0031177031341940165,0,0.00828368803486228,0
2026-02-09 22:32:20.066,0.005386322736740112,0,0.007367861550301313,0
2026-02-09 22:32:20.173,0.018548933789134026,0,0.007638079579919577,0
2026-02-09 22:32:20.280,0.017267731949687004,0,0.009085553442128002,0
2026-02-09 22:32:20.386,0.015104403719305992,0,0.00977597718592733,0
2026-02-09 22:32:20.493,0.0047870296984910965,0,0.010402877093292772,0
2026-02-09 22:32:20.600,0.005097046494483948,0,0.010574331087991596,0
2026-02-09 22:32:20.706,0.01617535576224327,0,0.01065528430044651,0
2026-02-09 22:32:20.813,0.007970447652041912,0,0.010321067180484533,0
2026-02-09 22:32:20.920,0.01057379599660635,0,0.010409089643508196,0
2026-02-09 22:32:21.026,0.0048322430811822414,0,0.014879377093166113,0
2026-02-09 22:32:21.133,0.006195854861289263,0,0.022746547032147645,0
2026-02-09 22:32:21.240,0.015206762589514256,0,0.029628164786845445,0
2026-02-09 22:32:21.346,0.01814795657992363,0,0.03832258218899369,0
2026-02-09 22:32:21.453,0.05980727821588516,0,0.048740762285888195,0
2026-02-09 22:32:21.560,0.08345872908830643,0,0.05887765949591994,0
2026-02-09 22:32:21.666,0.07391322404146194,0,0.06958306594751776,0
2026-02-09 22:32:21.773,0.10311952978372574,0,0.0989980404265225,0
2026-02-09 22:32:21.880,0.11215224862098694,0,0.11370950154960155,0
2026-02-09 22:32:21.986,0.11194276809692383,0,0.1338434100151062,0
2026-02-09 22:32:22.093,0.11188630759716034,0,0.20355748161673545,0
2026-02-09 22:32:22.200,0.30034559965133667,0,0.23646117895841598,0
2026-02-09 22:32:22.306,0.16232137382030487,0,0.253587131947279,0
2026-02-09 22:32:22.413,0.2194870412349701,0,0.26064244359731675,0
2026-02-09 22:32:22.520,0.7569479942321777,1,0.2560380086302757,0
2026-02-09 22:32:22.626,0.4124957025051117,0,0.25629903078079225,0
2026-02-09 22:32:22.733,0.24517275393009186,0,0.2556834816932678,0
2026-02-09 22:32:22.840,0.1736726462841034,0,0.23045698069036008,0
2026-02-09 22:32:22.946,0.06610789895057678,0,0.2159205676987767,0
2026-02-09 22:32:23.053,0.11455298960208893,0,0.19490296514704825,0
2026-02-09 22:32:23.160,0.1057308167219162,0,0.12014758931472898,0
2026-02-09 22:32:23.266,0.04808058962225914,0,0.07932690302841365,0
2026-02-09 22:32:23.373,0.016957243904471397,0,0.05586361880414188,0
2026-02-09 22:32:23.480,0.009311015717685223,0,0.03914538864046335,0
2026-02-09 22:32:23.586,0.009394235908985138,0,0.03337166104465723,0
2026-02-09 22:32:23.693,0.004288839641958475,0,0.030197316594421864,0
2026-02-09 22:32:23.800,0.010539911687374115,0,0.02389326933771372,0
2026-02-09 22:32:23.906,0.006490344647318125,0,0.021728362329304217,0
2026-02-09 22:32:24.013,0.008370622992515564,0,0.0222488833591342,0
2026-02-09 22:32:24.120,0.08280954509973526,0,0.022476788517087697,0
2026-02-09 22:32:24.226,0.04269034415483475,0,0.023664720822125673,0
2026-02-09 22:32:24.333,0.02643151953816414,0,0.02596388799138367,0
2026-02-09 22:32:24.440,0.022162454202771187,0,0.027343757124617694,0
2026-02-09 22:32:24.546,0.01159006729722023,0,0.02945431936532259,0
2026-02-09 22:32:24.653,0.02127355895936489,0,0.03608351964503527,0
2026-02-09 22:32:24.760,0.02728051133453846,0,0.033332989923655985,0
2026-02-09 22:32:24.866,0.024338603019714355,0,0.03585944231599569,0
2026-02-09 22:32:24.973,0.027595967054367065,0,0.04891979414969683,0
2026-02-09 22:32:25.080,0.07466262578964233,0,0.06652326136827469,0
2026-02-09 22:32:25.186,0.05530424788594246,0,0.08531081043183804,0
2026-02-09 22:32:25.293,0.06795486807823181,0,0.13745224978774787,0
2026-02-09 22:32:25.400,0.15703503787517548,0,0.14415169097483158,0
2026-02-09 22:32:25.506,0.1981971263885498,0,0.14828546531498432,0
2026-02-09 22:32:25.613,0.1994655579328537,0,0.14964947924017907,0
2026-02-09 22:32:25.720,0.5426879525184631,1,0.1443780893459916,0
2026-02-09 22:32:25.826,0.09427492320537567,0,0.13959628194570542,0
2026-02-09 22:32:25.933,0.06567634642124176,0,0.13363043460994958,0
2026-02-09 22:32:26.040,0.04123610630631447,0,0.11868232130073011,0
2026-02-09 22:32:26.146,0.02194872684776783,0,0.09911101115867496,0
2026-02-09 22:32:26.253,0.0074861738830804825,0,0.07956978832371533,0
2026-02-09 22:32:26.360,0.008296394720673561,0,0.02577667604200542,0
2026-02-09 22:32:26.466,0.0075539047829806805,0,0.01667927373200655,0
2026-02-09 22:32:26.573,0.0024840249679982662,0,0.01042916642036289,0
2026-02-09 22:32:26.680,0.004053329583257437,0,0.006567168096080422,0
2026-02-09 22:32:26.786,0.00475682970136404,0,0.004818426351994276,0
2026-02-09 22:32:26.893,0.0033009001053869724,0,0.005615788884460926,0
2026-02-09 22:32:27.000,0.0031752733048051596,0,0.0049437441281043,0
2026-02-09 22:32:27.106,0.0026161230634897947,0,0.004320080170873553,0
2026-02-09 22:32:27.213,0.004461309406906366,0,0.004224041930865496,0
2026-02-09 22:32:27.320,0.015459799207746983,0,0.004030207253526897,0
2026-02-09 22:32:27.426,0.0015759471571072936,0,0.004599139362107962,0
2026-02-09 22:32:27.533,0.001317265210673213,0,0.006220814993139356,0
2026-02-09 22:32:27.640,0.0015236425679177046,0,0.01003471134463325,0
2026-02-09 22:32:27.746,0.002114982809871435,0,0.02514810374705121,0
2026-02-09 22:32:27.853,0.010446150787174702,0,0.03757513066520914,0
2026-02-09 22:32:27.960,0.019517656415700912,0,0.04087385650491342,0
2026-02-09 22:32:28.066,0.04131423681974411,0,0.04210408059880137,0
2026-02-09 22:32:28.173,0.15375004708766937,0,0.04447024671826512,0
2026-02-09 22:32:28.280,0.12873157858848572,0,0.046542885294184086,0
2026-02-09 22:32:28.386,0.048447057604789734,0,0.05134703665971756,0
2026-02-09 22:32:28.493,0.013878188095986843,0,0.07499020053073764,0
2026-02-09 22:32:28.600,0.02497892640531063,0,0.07871378650888801,0
2026-02-09 22:32:28.706,0.02225002832710743,0,0.07710562581196427,0
2026-02-09 22:32:28.813,0.050156496465206146,0,0.06459292015060783,0
2026-02-09 22:32:28.920,0.2468777894973755,0,0.0526024061255157,0
2026-02-09 22:32:29.026,0.05675351619720459,0,0.052198517974466084,0
2026-02-09 22:32:29.133,0.025232629850506783,0,0.0562303189188242,0
2026-02-09 22:32:29.240,0.02862299047410488,0,0.05880680177360773,0
2026-02-09 22:32:29.346,0.008826438337564468,0,0.06049369797110558,0
2026-02-09 22:32:29.453,0.044408176094293594,0,0.05893530435860157,0
2026-02-09 22:32:29.560,0.05419619753956795,0,0.03638335634022951,0
2026-02-09 22:32:29.666,0.05074375495314598,0,0.03192204283550382,0
2026-02-09 22:32:29.773,0.039118990302085876,0,0.031444575358182195,0
2026-02-09 22:32:29.880,0.03457256034016609,0,0.030766401905566454,0
2026-02-09 22:32:29.986,0.0213583093136549,0,0.03319204607978463,0
2026-02-09 22:32:30.093,0.012140381149947643,0,0.062828288692981,0
2026-02-09 22:32:30.200,0.020457955077290535,0,0.06202371912077069,0
2026-02-09 22:32:30.306,0.021841255947947502,0,0.05889719454571605,0
2026-02-09 22:32:30.413,0.033082880079746246,0,0.05671986760571599,0
2026-02-09 22:32:30.520,0.3407706022262573,0,0.05417599696666002,0
2026-02-09 22:32:30.626,0.04615050181746483,0,0.05376153234392404,0
2026-02-09 22:32:30.733,0.019478509202599525,0,0.05561480848118663,0
2026-02-09 22:32:30.840,0.017345720902085304,0,0.05583660332486033,0
2026-02-09 22:32:30.946,0.009133853949606419,0,0.05505030136555433,0
2026-02-09 22:32:31.053,0.017213663086295128,0,0.053380781784653664,0
2026-02-09 22:32:31.160,0.03067314252257347,0,0.021287210658192633,0
2026-02-09 22:32:31.266,0.022675903514027596,0,0.01854737102985382,0
2026-02-09 22:32:31.373,0.013978236354887486,0,0.021241269074380398,0
2026-02-09 22:32:31.480,0.016387684270739555,0,0.027781126275658607,0
2026-02-09 22:32:31.586,0.019834890961647034,0,0.03680648533627391,0
2026-02-09 22:32:31.693,0.01875210553407669,0,0.05369561137631536,0
2026-02-09 22:32:31.800,0.046417489647865295,0,0.05307855019345879,0
2026-02-09 22:32:31.906,0.0827442929148674,0,0.05258260378614068,0
2026-02-09 22:32:32.013,0.09938744455575943,0,0.05311485379934311,0
2026-02-09 22:32:32.120,0.1861049234867096,0,0.05255983779206872,0
2026-02-09 22:32:32.226,0.024502530694007874,0,0.052485326770693064,0
2026-02-09 22:32:32.333,0.017716439440846443,0,0.05193570991978049,0
2026-02-09 22:32:32.440,0.019300736486911774,0,0.04881149474531412,0
2026-02-09 22:32:32.546,0.010837524197995663,0,0.04347121175378561,0
2026-02-09 22:32:32.653,0.019089780747890472,0,0.038273767568171024,0
2026-02-09 22:32:32.760,0.013255937024950981,0,0.022257308661937713,0
2026-02-09 22:32:32.866,0.01517533790320158,0,0.021952684223651885,0
2026-02-09 22:32:32.973,0.02934146299958229,0,0.02626273687928915,0
2026-02-09 22:32:33.080,0.04741300269961357,0,0.028951763175427914,0
2026-02-09 22:32:33.186,0.025940334424376488,0,0.04249502932652831,0
2026-02-09 22:32:33.293,0.021456286311149597,0,0.05614204546436667,0
2026-02-09 22:32:33.400,0.060816965997219086,0,0.06170870522037149,0
2026-02-09 22:32:33.506,0.04619099944829941,0,0.08716334905475379,0
2026-02-09 22:32:33.613,0.14627018570899963,0,0.09035132881253957,0
2026-02-09 22:32:33.720,0.1555599421262741,0,0.09179984126240015,0
2026-02-09 22:32:33.826,0.06892253458499908,0,0.10745410360395909,0
2026-02-09 22:32:33.933,0.26972177624702454,0,0.13249072320759298,0
2026-02-09 22:32:34.040,0.06122126057744026,0,0.15555799566209316,0
2026-02-09 22:32:34.146,0.0618981271982193,0,0.19849331714212895,0
2026-02-09 22:32:34.253,0.18248295783996582,0,0.23260871805250644,0
2026-02-09 22:32:34.360,0.2718224823474884,0,0.23869407065212728,0
2026-02-09 22:32:34.466,0.29148969054222107,0,0.2570875260978937,0
2026-02-09 22:32:34.573,0.4755442142486572,0,0.25221893973648546,0
2026-02-09 22:32:34.680,0.48742419481277466,0,0.25909496992826464,0
2026-02-09 22:32:34.786,0.2164134681224823,0,0.29959230720996854,0
2026-02-09 22:32:34.893,0.2528570890426636,0,0.2872579485177994,0
2026-02-09 22:32:35.000,0.2210359126329422,0,0.26550408117473123,0
2026-02-09 22:32:35.106,0.12998156249523163,0,0.24184566587209702,0
2026-02-09 22:32:35.213,0.4668715000152588,0,0.19690648447722198,0
2026-02-09 22:32:35.320,0.059139370918273926,0,0.15496695768088103,0
2026-02-09 22:32:35.426,0.054283808916807175,0,0.13881742637604474,0
2026-02-09 22:32:35.533,0.05490553751587868,0,0.11966829355806112,0
2026-02-09 22:32:35.640,0.02615240029990673,0,0.10737796407192945,0
2026-02-09 22:32:35.746,0.06802892684936523,0,0.10479683708399534,0
2026-02-09 22:32:35.853,0.05491815507411957,0,0.0659807650372386,0
2026-02-09 22:32:35.960,0.0613657608628273,0,0.06144540729001165,0
2026-02-09 22:32:36.066,0.09813261777162552,0,0.057398210279643536,0
2026-02-09 22:32:36.173,0.1041702926158905,0,0.0526318839751184,0
2026-02-09 22:32:36.280,0.07871077954769135,0,0.0510073353536427,0
2026-02-09 22:32:36.386,0.01378579344600439,0,0.050475561339408156,0
2026-02-09 22:32:36.493,0.013811838813126087,0,0.04613137235864997,0
2026-02-09 22:32:36.600,0.007242274470627308,0,0.041580370720475913,0
2026-02-09 22:32:36.706,0.009906914085149765,0,0.03502055024728179,0
2026-02-09 22:32:36.813,0.0627111867070198,0,0.027713719103485347,0
2026-02-09 22:32:36.920,0.011476265266537666,0,0.025258099008351565,0
2026-02-09 22:32:37.026,0.01585574448108673,0,0.029968295805156232,0
2026-02-09 22:32:37.133,0.032534413039684296,0,0.03975681224837899,0
2026-02-09 22:32:37.240,0.031101981177926064,0,0.04926004968583584,0
2026-02-09 22:32:37.346,0.05415457859635353,0,0.06050700321793556,0
2026-02-09 22:32:37.453,0.060887761414051056,0,0.07306345701217651,0
2026-02-09 22:32:37.560,0.1116970032453537,0,0.08118869941681624,0
2026-02-09 22:32:37.666,0.10227464884519577,0,0.1036581365391612,0
2026-02-09 22:32:37.773,0.122376449406147,0,0.11327609326690435,0
2026-02-09 22:32:37.880,0.18827572464942932,0,0.12072589136660099,0
2026-02-09 22:32:37.986,0.09272868931293488,0,0.17765896618366242,0
2026-02-09 22:32:38.093,0.24055011570453644,0,0.18723499551415443,0
2026-02-09 22:32:38.200,0.12871398031711578,0,0.19144459590315818,0
2026-02-09 22:32:38.306,0.10559996217489243,0,0.20234185010194777,0
2026-02-09 22:32:38.413,0.6234853267669678,1,0.20571408942341804,0
2026-02-09 22:32:38.520,0.15664805471897125,0,0.20820255652070047,0
2026-02-09 22:32:38.626,0.15379300713539124,0,0.22116196230053903,0
2026-02-09 22:32:38.733,0.21124719083309174,0,0.22968534156680107,0
2026-02-09 22:32:38.840,0.1560988426208496,0,0.24521664753556252,0
2026-02-09 22:32:38.946,0.21316039562225342,0,0.2696849063038826,0
2026-02-09 22:32:39.053,0.2223227471113205,0,0.2428096815943718,0
2026-02-09 22:32:39.160,0.325783908367157,0,0.2475026309490204,0
2026-02-09 22:32:39.266,0.2840270400047302,0,0.2638091117143631,0
2026-02-09 22:32:39.373,0.35028254985809326,0,0.2694738402962685,0
2026-02-09 22:32:39.480,0.35473307967185974,0,0.2852772012352943,0
2026-02-09 22:32:39.586,0.20357754826545715,0,0.34297729283571243,0
2026-02-09 22:32:39.693,0.31685781478881836,0,0.36235661506652833,0
2026-02-09 22:32:39.800,0.2678944766521454,0,0.3653422862291336,0
2026-02-09 22:32:39.906,0.3141324520111084,0,0.3619908094406128,0
2026-02-09 22:32:40.013,0.7901613116264343,1,0.34127028584480285,0
2026-02-09 22:32:40.120,0.41611596941947937,0,0.3280868723988533,0
2026-02-09 22:32:40.226,0.35564061999320984,0,0.32324094176292417,0
2026-02-09 22:32:40.333,0.2505122721195221,0,0.3065068140625954,0
2026-02-09 22:32:40.440,0.1430773138999939,0,0.2930765077471733,0
2026-02-09 22:32:40.546,0.2228989452123642,0,0.27423059940338135,0
2026-02-09 22:32:40.653,0.15511824190616608,0,0.2074765756726265,0
2026-02-09 22:32:40.760,0.1495165377855301,0,0.17641792297363282,0
2026-02-09 22:32:40.866,0.1335914134979248,0,0.16282983273267745,0
2026-02-09 22:32:40.973,0.12567336857318878,0,0.1605650007724762,0
2026-02-09 22:32:41.080,0.1226210743188858,0,0.16772299706935884,0
2026-02-09 22:32:41.186,0.10552944242954254,0,0.2163843557238579,0
2026-02-09 22:32:41.293,0.2197597175836563,0,0.22596017718315126,0
2026-02-09 22:32:41.400,0.22786395251750946,0,0.23142278492450713,0
2026-02-09 22:32:41.506,0.2146572768688202,0,0.2362023487687111,0
2026-02-09 22:32:41.613,0.7095125317573547,1,0.23243070393800735,0
2026-02-09 22:32:41.720,0.25087645649909973,0,0.22574157267808914,0
2026-02-09 22:32:41.826,0.20414261519908905,0,0.22102567031979561,0
2026-02-09 22:32:41.933,0.1813870519399643,0,0.20568242147564889,0
2026-02-09 22:32:42.040,0.08795692026615143,0,0.1872404206544161,0
2026-02-09 22:32:42.146,0.055729761719703674,0,0.16863735057413579,0
2026-02-09 22:32:42.253,0.05837041884660721,0,0.10073818806558847,0
2026-02-09 22:32:42.360,0.06632722914218903,0,0.0772689463570714,0
2026-02-09 22:32:42.466,0.0434439443051815,0,0.059586475044488905,0
2026-02-09 22:32:42.573,0.02862657606601715,0,0.04252645457163453,0
2026-02-09 22:32:42.680,0.030520906671881676,0,0.035250475816428664,0
2026-02-09 22:32:42.786,0.016184039413928986,0,0.03313169647008181,0
2026-02-09 22:32:42.893,0.027317902073264122,0,0.02870395453646779,0
2026-02-09 22:32:43.000,0.010786847211420536,0,0.023572363797575234,0
2026-02-09 22:32:43.106,0.015197132714092731,0,0.021602464001625778,0
2026-02-09 22:32:43.213,0.03454196825623512,0,0.019622235093265772,0
2026-02-09 22:32:43.320,0.014092999510467052,0,0.017683279141783713,0
2026-02-09 22:32:43.426,0.015011321753263474,0,0.017365490458905695,0
2026-02-09 22:32:43.533,0.023744946345686913,0,0.015798432007431983,0
2026-02-09 22:32:43.640,0.008824286982417107,0,0.015635810606181622,0
2026-02-09 22:32:43.746,0.0111313471570611,0,0.015022341255098581,0
2026-02-09 22:32:43.853,0.013006152585148811,0,0.012583469040691853,0
2026-02-09 22:32:43.960,0.011647317558526993,0,0.01165071241557598,0
2026-02-09 22:32:44.066,0.009160633198916912,0,0.010803846968337893,0
2026-02-09 22:32:44.173,0.009062439203262329,0,0.008676590654067695,0
2026-02-09 22:32:44.280,0.010153246112167835,0,0.008123935549519956,0
2026-02-09 22:32:44.386,0.004765433259308338,0,0.009737833845429122,0
2026-02-09 22:32:44.493,0.006542667280882597,0,0.009425703412853181,0
2026-02-09 22:32:44.600,0.002472383202984929,0,0.009048937517218292,0
2026-02-09 22:32:44.706,0.0032977359369397163,0,0.009350233036093414,0
2026-02-09 22:32:44.813,0.027270330116152763,0,0.009220336540602147,0
2026-02-09 22:32:44.920,0.0098848482593894,0,0.009518377739004791,0
2026-02-09 22:32:45.026,0.007879658602178097,0,0.010191968246363103,0
2026-02-09 22:32:45.133,0.012173588387668133,0,0.010590415471233428,0
2026-02-09 22:32:45.240,0.007763474248349667,0,0.011315833125263453,0
2026-02-09 22:32:45.346,0.013133658096194267,0,0.012662823870778083,0
2026-02-09 22:32:45.453,0.011501338332891464,0,0.011130085214972496,0
2026-02-09 22:32:45.560,0.010527139529585838,0,0.011447966191917658,0
2026-02-09 22:32:45.666,0.00972655974328518,0,0.0145304711535573,0
2026-02-09 22:32:45.773,0.01676764339208603,0,0.016214306559413673,0
2026-02-09 22:32:45.880,0.011942943558096886,0,0.02345877289772034,0
2026-02-09 22:32:45.986,0.013063658028841019,0,0.03744449038058519,0
2026-02-09 22:32:46.093,0.038704708218574524,0,0.049309766851365566,0
2026-02-09 22:32:46.200,0.029011942446231842,0,0.06911095529794693,0
2026-02-09 22:32:46.306,0.08020813763141632,0,0.08142865840345621,0
2026-02-09 22:32:46.413,0.15299083292484283,0,0.0968679429963231,0
2026-02-09 22:32:46.520,0.1301541030406952,0,0.11939241550862789,0
2026-02-09 22:32:46.626,0.20853902399539948,0,0.13939211145043373,0
2026-02-09 22:32:46.733,0.132903590798378,0,0.1574142672121525,0
2026-02-09 22:32:46.840,0.171160489320755,0,0.17310748100280762,0
2026-02-09 22:32:46.946,0.23718766868114471,0,0.17372543290257453,0
2026-02-09 22:32:47.053,0.21306061744689941,0,0.16474021151661872,0
2026-02-09 22:32:47.160,0.21892626583576202,0,0.1631571412086487,0
2026-02-09 22:32:47.266,0.1859440803527832,0,0.1504148080945015,0
2026-02-09 22:32:47.373,0.08638765662908554,0,0.14540701135993003,0
2026-02-09 22:32:47.480,0.06313861906528473,0,0.14499330148100853,0
2026-02-09 22:32:47.586,0.11432339996099472,0,0.1257368627935648,0
2026-02-09 22:32:47.693,0.08111569285392761,0,0.10758334845304489,0
2026-02-09 22:32:47.800,0.08282562345266342,0,0.08772238604724407,0
2026-02-09 22:32:47.906,0.16702339053153992,0,0.06939480158034712,0
2026-02-09 22:32:48.013,0.04462328180670738,0,0.061463393713347615,0
2026-02-09 22:32:48.120,0.03152547404170036,0,0.05715881593059748,0
2026-02-09 22:32:48.226,0.02031664177775383,0,0.04748075536917895,0
2026-02-09 22:32:48.333,0.002668235683813691,0,0.040124374977312985,0
2026-02-09 22:32:48.440,0.007073577959090471,0,0.03235805968288332,0
2026-02-09 22:32:48.546,0.020092841237783432,0,0.016081125172786415,0
2026-02-09 22:32:48.653,0.017542794346809387,0,0.011753302114084364,0
2026-02-09 22:32:48.760,0.007551888935267925,0,0.008869821950793267,0
2026-02-09 22:32:48.866,0.005162470508366823,0,0.007147702807560563,0
2026-02-09 22:32:48.973,0.004254045430570841,0,0.007323849736712873,0
2026-02-09 22:32:49.080,0.0013450512196868658,0,0.007938309502787889,0
2026-02-09 22:32:49.186,0.0026906724087893963,0,0.0060997981345281005,0
2026-02-09 22:32:49.293,0.003095450345426798,0,0.004437606688588858,0
2026-02-09 22:32:49.400,0.00442970497533679,0,0.0037618458271026613,0
2026-02-09 22:32:49.506,0.013218175619840622,0,0.003300478286109865,0
2026-02-09 22:32:49.613,0.0017077275551855564,0,0.0030358337331563233,0
2026-02-09 22:32:49.720,0.0009208798874169588,0,0.003084544837474823,0
2026-02-09 22:32:49.826,0.0007942803204059601,0,0.0029725551838055255,0
2026-02-09 22:32:49.933,0.000548795098438859,0,0.0028633634792640805,0
2026-02-09 22:32:50.040,0.001607599901035428,0,0.002640408789739013,0
2026-02-09 22:32:50.146,0.0018321622628718615,0,0.0014501175959594549,0
2026-02-09 22:32:50.253,0.0015707758720964193,0,0.00129357816913398,0
2026-02-09 22:32:50.360,0.00200353330001235,0,0.0012463957114960066,0
2026-02-09 22:32:50.466,0.002200158080086112,0,0.0012362082532490603,0
2026-02-09 22:32:50.573,0.0013152636820450425,0,0.0014276682675699703,0
2026-02-09 22:32:50.680,0.00014233328693080693,0,0.005227421973540913,0
2026-02-09 22:32:50.786,0.0004490553110372275,0,0.005910278372175526,0
2026-02-09 22:32:50.893,0.0006924057379364967,0,0.006481954040646087,0
2026-02-09 22:32:51.000,0.0024633952416479588,0,0.007015650816902053,0
2026-02-09 22:32:51.106,0.03960513696074486,0,0.007183018587238621,0
2026-02-09 22:32:51.213,0.008660726249217987,0,0.00849417887366144,0
2026-02-09 22:32:51.320,0.007287532556802034,0,0.009715370179037564,0
2026-02-09 22:32:51.426,0.007340501062572002,0,0.01075987764634192,0
2026-02-09 22:32:51.533,0.0038738357834517956,0,0.011598976375535131,0
2026-02-09 22:32:51.640,0.014426866546273232,0,0.012156987097114325,0
2026-02-09 22:32:51.746,0.012354246340692043,0,0.00912506366148591,0
2026-02-09 22:32:51.853,0.010894129984080791,0,0.0091574982739985,0
2026-02-09 22:32:51.960,0.009083393029868603,0,0.009926019655540585,0
2026-02-09 22:32:52.066,0.0080435024574399,0,0.011895650951191782,0
2026-02-09 22:32:52.173,0.009285902604460716,0,0.015148110315203666,0
2026-02-09 22:32:52.280,0.008985072374343872,0,0.04600259978324175,0
2026-02-09 22:32:52.386,0.0149727463722229,0,0.05095080202445388,0
2026-02-09 22:32:52.493,0.027036814019083977,0,0.05390727855265141,0
2026-02-09 22:32:52.600,0.03639842942357063,0,0.055988350231200454,0
2026-02-09 22:32:52.706,0.32297176122665405,0,0.0558846169617027,0
2026-02-09 22:32:52.813,0.06183626875281334,0,0.055749649694189427,0
2026-02-09 22:32:52.920,0.04045889526605606,0,0.05511987823992968,0
2026-02-09 22:32:53.026,0.029894109815359116,0,0.05404376704245806,0
2026-02-09 22:32:53.133,0.0070061697624623775,0,0.05163952123839408,0
2026-02-09 22:32:53.240,0.007936229929327965,0,0.04835415864363313,0
2026-02-09 22:32:53.346,0.00268735783174634,0,0.01661576093174517,0
2026-02-09 22:32:53.453,0.004211634397506714,0,0.010741996648721396,0
2026-02-09 22:32:53.560,0.0029943559784442186,0,0.0076398025965318085,0
2026-02-09 22:32:53.666,0.003544803475961089,0,0.005482700443826616,0
2026-02-09 22:32:53.773,0.005587784107774496,0,0.005841782805509866,0
2026-02-09 22:32:53.880,0.003098625922575593,0,0.012336890702135861,0
2026-02-09 22:32:53.986,0.009436954744160175,0,0.013462837855331599,0
2026-02-09 22:32:54.093,0.00832308828830719,0,0.013628881494514643,0
2026-02-09 22:32:54.200,0.010596993379294872,0,0.013796663004904985,0
2026-02-09 22:32:54.306,0.07288730889558792,0,0.013600014057010413,0
2026-02-09 22:32:54.413,0.013946829363703728,0,0.013395840325392783,0
2026-02-09 22:32:54.520,0.005872070789337158,0,0.013406687742099166,0
2026-02-09 22:32:54.626,0.0046721710823476315,0,0.012857932318001985,0
2026-02-09 22:32:54.733,0.001578313997015357,0,0.012553520454093813,0
2026-02-09 22:32:54.840,0.003546046791598201,0,0.012155491672456265,0
2026-02-09 22:32:54.946,0.0032071000896394253,0,0.005976028088480234,0
2026-02-09 22:32:55.053,0.003949400503188372,0,0.0056378086097538475,0
2026-02-09 22:32:55.160,0.005278969649225473,0,0.006948382686823606,0
2026-02-09 22:32:55.266,0.006616705562919378,0,0.008689871011301874,0
2026-02-09 22:32:55.373,0.011092673055827618,0,0.011654572165571152,0
2026-02-09 22:32:55.480,0.010564634576439857,0,0.03467538030818105,0
2026-02-09 22:32:55.586,0.018977811560034752,0,0.040133142424747345,0
2026-02-09 22:32:55.693,0.022087054327130318,0,0.04519461123272776,0
2026-02-09 22:32:55.800,0.031225325539708138,0,0.04812117298133671,0
2026-02-09 22:32:55.906,0.23375412821769714,0,0.04871199615299702,0
2026-02-09 22:32:56.013,0.05778472125530243,0,0.04955140547826886,0
2026-02-09 22:32:56.120,0.054564088582992554,0,0.05072175608947873,0
2026-02-09 22:32:56.226,0.03454458713531494,0,0.05058987336233258,0
2026-02-09 22:32:56.333,0.012524937279522419,0,0.04986486891284585,0
2026-02-09 22:32:56.440,0.019486766308546066,0,0.05122883459553122,0
2026-02-09 22:32:56.546,0.02226814068853855,0,0.035295468475669625,0
2026-02-09 22:32:56.653,0.017658984288573265,0,0.03859581341966987,0
2026-02-09 22:32:56.760,0.014837009832262993,0,0.05159794231876731,0
2026-02-09 22:32:56.866,0.04486498236656189,0,0.06495179971680046,0
2026-02-09 22:32:56.973,0.07442046701908112,0,0.08029605392366648,0
2026-02-09 22:32:57.080,0.09078817069530487,0,0.11747043561190366,0
2026-02-09 22:32:57.186,0.18458537757396698,0,0.1278943631798029,0
2026-02-09 22:32:57.293,0.16808316111564636,0,0.13537409361451863,0
2026-02-09 22:32:57.400,0.16596747934818268,0,0.14407336711883545,0
2026-02-09 22:32:57.506,0.39123058319091797,0,0.14333486892282962,0
2026-02-09 22:32:57.613,0.12650741636753082,0,0.13896590415388346,0
2026-02-09 22:32:57.720,0.09245628863573074,0,0.1337821392342448,0
2026-02-09 22:32:57.826,0.10182974487543106,0,0.11969163063913583,0
2026-02-09 22:32:57.933,0.03748000040650368,0,0.10851818453520537,0
2026-02-09 22:32:58.040,0.030730819329619408,0,0.09626231137663126,0
2026-02-09 22:32:58.146,0.03895052149891853,0,0.0602236682549119,0
2026-02-09 22:32:58.253,0.04368029162287712,0,0.04880853984504938,0
2026-02-09 22:32:58.360,0.05634870007634163,0,0.04179140478372574,0
2026-02-09 22:32:58.466,0.043408747762441635,0,0.032141814520582554,0
2026-02-09 22:32:58.573,0.030844151973724365,0,0.02962849517352879,0
2026-02-09 22:32:58.680,0.01235613226890564,0,0.027746091643348337,0
2026-02-09 22:32:58.786,0.022284938022494316,0,0.024146209983155132,0
2026-02-09 22:32:58.893,0.005333842243999243,0,0.020487170806154607,0
2026-02-09 22:32:59.000,0.012346806935966015,0,0.015116382460109889,0
2026-02-09 22:32:59.106,0.011906784027814865,0,0.011170395161025226,0
2026-02-09 22:32:59.213,0.0029517048969864845,0,0.008957181847654283,0
2026-02-09 22:32:59.320,0.007089899852871895,0,0.009279132517986,0
2026-02-09 22:32:59.426,0.002640816615894437,0,0.009078724752180278,0
2026-02-09 22:32:59.533,0.003948874771595001,0,0.010645346646197141,0
2026-02-09 22:32:59.640,0.008712018840014935,0,0.011277839192189276,0
2026-02-09 22:32:59.746,0.015575638972222805,0,0.010954375960864127,0
2026-02-09 22:32:59.853,0.020280860364437103,0,0.012210253835655748,0
2026-02-09 22:32:59.960,0.021000061184167862,0,0.01217034172732383,0
2026-02-09 22:33:00.066,0.018671732395887375,0,0.01379739623516798,0
2026-02-09 22:33:00.173,0.00867215171456337,0,0.032889307104051115,0
2026-02-09 22:33:00.280,0.015510483644902706,0,0.0436164896003902,0
2026-02-09 22:33:00.386,0.006690778769552708,0,0.0482272706925869,0
2026-02-09 22:33:00.493,0.018911361694335938,0,0.053560414165258405,0
2026-02-09 22:33:00.600,0.19486798346042633,0,0.05559695102274418,0
2026-02-09 22:33:00.706,0.11598384380340576,0,0.07126774117350579,0
2026-02-09 22:33:00.813,0.061683449894189835,0,0.10345904119312763,0
2026-02-09 22:33:00.920,0.07361229509115219,0,0.149340367782861,0
2026-02-09 22:33:01.026,0.041365429759025574,0,0.2052291002124548,0
2026-02-09 22:33:01.133,0.17537963390350342,0,0.2527469988912344,0
2026-02-09 22:33:01.240,0.33058515191078186,0,0.2806050520390272,0
2026-02-09 22:33:01.346,0.47432374954223633,0,0.329176877066493,0
2026-02-09 22:33:01.453,0.5655781030654907,1,0.40837741568684577,0
2026-02-09 22:33:01.560,0.49409034848213196,0,0.4845909997820854,0
2026-02-09 22:33:01.666,0.4734485149383545,0,0.5714456558227539,1
2026-02-09 22:33:01.773,0.601702094078064,1,0.6518794775009156,1
2026-02-09 22:33:01.880,0.8536888360977173,1,0.703894630074501,1
2026-02-09 22:33:01.986,0.8357481360435486,1,0.7175381869077683,1
2026-02-09 22:33:02.093,0.9099119901657104,1,0.7178900390863419,1
2026-02-09 22:33:02.200,0.9797178506851196,1,0.6908657163381576,1
2026-02-09 22:33:02.306,0.850736677646637,1,0.6620812624692917,1
2026-02-09 22:33:02.413,0.6107593178749084,1,0.6261159256100655,1
2026-02-09 22:33:02.520,0.5690966248512268,1,0.5579506278038024,1
2026-02-09 22:33:02.626,0.22384712100028992,0,0.48467373922467233,0
2026-02-09 22:33:02.733,0.18560397624969482,0,0.4015637405216694,0
2026-02-09 22:33:02.840,0.2420487254858017,0,0.31255793422460554,0
2026-02-09 22:33:02.946,0.17203585803508759,0,0.23187753185629845,0
2026-02-09 22:33:03.053,0.10297925025224686,0,0.17557218074798583,0
2026-02-09 22:33:03.160,0.07881200313568115,0,0.1209096098318696,0
2026-02-09 22:33:03.266,0.08965978771448135,0,0.10108507014811038,0
2026-02-09 22:33:03.373,0.043932653963565826,0,0.09069159887731075,0
2026-02-09 22:33:03.480,0.04770580679178238,0,0.06841512825340032,0
2026-02-09 22:33:03.586,0.02247091569006443,0,0.05244770450517535,0
2026-02-09 22:33:03.693,0.025601724162697792,0,0.04314868710935116,0
2026-02-09 22:33:03.800,0.08166926354169846,0,0.03575071939267218,0
2026-02-09 22:33:03.906,0.019284019246697426,0,0.027458540303632616,0
2026-02-09 22:33:04.013,0.012361620552837849,0,0.023873940343037248,0
2026-02-09 22:33:04.120,0.009989076294004917,0,0.019971715612336995,0
2026-02-09 22:33:04.226,0.004832325968891382,0,0.018809180380776523,0
2026-02-09 22:33:04.333,0.006737996824085712,0,0.017583555029705166,0
2026-02-09 22:33:04.440,0.008086654357612133,0,0.011339996615424753,0
2026-02-09 22:33:04.546,0.008683559484779835,0,0.011665996396914124,0
2026-02-09 22:33:04.653,0.010845563374459743,0,0.016047547152265907,0
2026-02-09 22:33:04.760,0.013345470651984215,0,0.022777381585910916,0
2026-02-09 22:33:04.866,0.01923367939889431,0,0.03266775328665972,0
2026-02-09 22:33:04.973,0.02254401706159115,0,0.060138956923037765,0
2026-02-09 22:33:05.080,0.05617712810635567,0,0.06715357694774866,0
2026-02-09 22:33:05.186,0.07728742063045502,0,0.07006040969863533,0
2026-02-09 22:33:05.293,0.1037360429763794,0,0.0739763455465436,0
2026-02-09 22:33:05.400,0.2814500331878662,0,0.07402117867022753,0
2026-02-09 22:33:05.506,0.07823285460472107,0,0.07571323290467262,0
2026-02-09 22:33:05.613,0.03775188699364662,0,0.07902330588549375,0
2026-02-09 22:33:05.720,0.05000492185354233,0,0.07992752511054277,0
2026-02-09 22:33:05.826,0.01379380188882351,0,0.0807858856394887,0
2026-02-09 22:33:05.933,0.03615422174334526,0,0.0792892137542367,0
2026-02-09 22:33:06.040,0.055644746869802475,0,0.05889462623745203,0
2026-02-09 22:33:06.146,0.06521932035684586,0,0.05398010816425085,0
2026-02-09 22:33:06.253,0.08587102591991425,0,0.056218347512185574,0
2026-02-09 22:33:06.360,0.0887693241238594,0,0.05581230949610472,0
2026-02-09 22:33:06.466,0.07750415802001953,0,0.05938728377223015,0
2026-02-09 22:33:06.573,0.029087673872709274,0,0.0687774982303381,0
2026-02-09 22:33:06.680,0.06013428047299385,0,0.0653932647779584,0
2026-02-09 22:33:06.786,0.045944541692733765,0,0.05993679696694017,0
2026-02-09 22:33:06.893,0.04954354465007782,0,0.05233500879257917,0
2026-02-09 22:33:07.000,0.13005636632442474,0,0.04447134947404265,0
2026-02-09 22:33:07.106,0.02180241234600544,0,0.04082939205691218,0
2026-02-09 22:33:07.213,0.01065464224666357,0,0.04279885878786445,0
2026-02-09 22:33:07.320,0.00985314417630434,0,0.05314994407817721,0
2026-02-09 22:33:07.426,0.010132730938494205,0,0.07349726809188724,0
2026-02-09 22:33:07.533,0.04108458384871483,0,0.10233853263780475,0
2026-02-09 22:33:07.640,0.0487823411822319,0,0.10586696220561861,0
2026-02-09 22:33:07.746,0.16364513337612152,0,0.1072441984899342,0
2026-02-09 22:33:07.853,0.24941778182983398,0,0.11044013816863299,0
2026-02-09 22:33:07.960,0.33795619010925293,0,0.11407059179618954,0
2026-02-09 22:33:08.066,0.16534066200256348,0,0.11694727316498757,0
2026-02-09 22:33:08.173,0.0355747751891613,0,0.13272238634526728,0
2026-02-09 22:33:08.280,0.04261403903365135,0,0.12971818540245295,0
2026-02-09 22:33:08.386,0.046157680451869965,0,0.11543445717543363,0
2026-02-09 22:33:08.493,0.03889954462647438,0,0.0923382705077529,0
2026-02-09 22:33:08.600,0.19883571565151215,0,0.0596656029112637,0
2026-02-09 22:33:08.706,0.018740331754088402,0,0.04465025756508112,0
2026-02-09 22:33:08.813,0.02080785110592842,0,0.04272045139223337,0
2026-02-09 22:33:08.920,0.01845591515302658,0,0.04076137281954288,0
2026-02-09 22:33:09.026,0.01122951414436102,0,0.039427316188812254,0
2026-02-09 22:33:09.133,0.015187208540737629,0,0.03780305162072182,0
2026-02-09 22:33:09.240,0.016276713460683823,0,0.021135123446583748,0
2026-02-09 22:33:09.346,0.023023253306746483,0,0.020604519825428724,0
2026-02-09 22:33:09.453,0.032817114144563675,0,0.023330444004386663,0
2026-02-09 22:33:09.560,0.022656898945569992,0,0.027156205382198095,0
2026-02-09 22:33:09.666,0.032156433910131454,0,0.034027304500341415,0
2026-02-09 22:33:09.773,0.013434295542538166,0,0.09248804626986384,0
2026-02-09 22:33:09.880,0.04806709289550781,0,0.10766656016930938,0
2026-02-09 22:33:09.986,0.0567135289311409,0,0.11960161039605736,0
2026-02-09 22:33:10.093,0.07994050532579422,0,0.1270525467582047,0
2026-02-09 22:33:10.200,0.5997946262359619,1,0.12699232110753655,0
2026-02-09 22:33:10.306,0.16806185245513916,0,0.1256934675388038,0
2026-02-09 22:33:10.413,0.14237375557422638,0,0.12695942725986242,0
2026-02-09 22:33:10.520,0.10732647776603699,0,0.12533948067575693,0
2026-02-09 22:33:10.626,0.02205464243888855,0,0.12092353040352463,0
2026-02-09 22:33:10.733,0.01916789822280407,0,0.11417110394686461,0
2026-02-09 22:33:10.840,0.026093892753124237,0,0.055463793035596606,0
2026-02-09 22:33:10.946,0.031867627054452896,0,0.03934686593711376,0
2026-02-09 22:33:11.053,0.012554026208817959,0,0.026572945807129145,0
2026-02-09 22:33:11.160,0.012416240759193897,0,0.0166311408393085,0
2026-02-09 22:33:11.266,0.012721517123281956,0,0.015549750067293644,0
2026-02-09 22:33:11.373,0.006892581470310688,0,0.015040772408246994,0
2026-02-09 22:33:11.480,0.014634554274380207,0,0.013035155553370713,0
2026-02-09 22:33:11.586,0.007908428087830544,0,0.011248343996703625,0
2026-02-09 22:33:11.693,0.011240734718739986,0,0.010708954371511935,0
2026-02-09 22:33:11.800,0.01407812163233757,0,0.010561921168118715,0
2026-02-09 22:33:11.906,0.006037724204361439,0,0.011778213270008563,0
2026-02-09 22:33:12.013,0.013999511487782001,0,0.013313507381826638,0
2026-02-09 22:33:12.120,0.0071601299569010735,0,0.013635938428342343,0
2026-02-09 22:33:12.226,0.010945908725261688,0,0.014762657135725022,0
2026-02-09 22:33:12.333,0.024884438142180443,0,0.01447275010868907,0
2026-02-09 22:33:12.440,0.02224552258849144,0,0.013792561599984765,0
2026-02-09 22:33:12.546,0.01785886473953724,0,0.013890755036845804,0
2026-02-09 22:33:12.653,0.019175615161657333,0,0.015132860420271755,0
2026-02-09 22:33:12.760,0.00834166444838047,0,0.015778432553634047,0
2026-02-09 22:33:12.866,0.007276236545294523,0,0.016954251145944,0
2026-02-09 22:33:12.973,0.007019658572971821,0,0.01629956844262779,0
2026-02-09 22:33:13.080,0.02642056532204151,0,0.015573278674855829,0
2026-02-09 22:33:13.186,0.013615851290524006,0,0.015478566521778703,0
2026-02-09 22:33:13.293,0.022704094648361206,0,0.014225598704069854,0
2026-02-09 22:33:13.400,0.018337611109018326,0,0.014132096758112311,0
2026-02-09 22:33:13.506,0.014982624910771847,0,0.01374917421489954,0
2026-02-09 22:33:13.613,0.016911743208765984,0,0.013525418611243368,0
2026-02-09 22:33:13.720,0.006645936984568834,0,0.011230696900747716,0
2026-02-09 22:33:13.826,0.007406644988805056,0,0.010104122688062489,0
2026-02-09 22:33:13.933,0.003447011113166809,0,0.0080567158292979,0
2026-02-09 22:33:14.040,0.004782102536410093,0,0.0064859189558774235,0
2026-02-09 22:33:14.146,0.003473348217085004,0,0.0056263130158185955,0
2026-02-09 22:33:14.253,0.002350109163671732,0,0.004867918882519006,0
2026-02-09 22:33:14.360,0.0022300260607153177,0,0.005878803925588727,0
2026-02-09 22:33:14.466,0.0026296423748135567,0,0.011579751223325729,0
2026-02-09 22:33:14.573,0.006386565510183573,0,0.012556539941579103,0
2026-02-09 22:33:14.680,0.009327801875770092,0,0.013634142698720098,0
2026-02-09 22:33:14.786,0.016754787415266037,0,0.015500382264144718,0
2026-02-09 22:33:14.893,0.06441611796617508,0,0.016925077396444978,0
2026-02-09 22:33:15.000,0.01321489829570055,0,0.023754259431734683,0
2026-02-09 22:33:15.106,0.015558130107820034,0,0.03372753388248384,0
2026-02-09 22:33:15.213,0.022135743871331215,0,0.04081834508106112,0
2026-02-09 22:33:15.320,0.01659706048667431,0,0.04880924448370934,0
2026-02-09 22:33:15.426,0.07052184641361237,0,0.0557042870670557,0
2026-02-09 22:33:15.533,0.10236238688230515,0,0.05936472900211811,0
2026-02-09 22:33:15.640,0.07729467749595642,0,0.06804765304550528,0
2026-02-09 22:33:15.746,0.0892367959022522,0,0.09483384862542152,0
2026-02-09 22:33:15.853,0.0857052132487297,0,0.1216499237343669,0
2026-02-09 22:33:15.960,0.10102053731679916,0,0.16416937112808228,0
2026-02-09 22:33:16.066,0.1000441387295723,0,0.24584633558988572,0
2026-02-09 22:33:16.173,0.2834200859069824,0,0.25302644446492195,0
2026-02-09 22:33:16.280,0.2902964949607849,0,0.26057243123650553,0
2026-02-09 22:33:16.386,0.4417915344238281,0,0.26694847270846367,0
2026-02-09 22:33:16.493,0.8872914910316467,1,0.26824370846152307,0
2026-02-09 22:33:16.600,0.17416347563266754,0,0.2653978705406189,0
2026-02-09 22:33:16.706,0.152754545211792,0,0.26557133719325066,0
2026-02-09 22:33:16.813,0.1529972106218338,0,0.24557697251439095,0
2026-02-09 22:33:16.920,0.09865757077932358,0,0.22207258082926273,0
2026-02-09 22:33:17.026,0.07256215810775757,0,0.1824386715888977,0
2026-02-09 22:33:17.133,0.10177880525588989,0,0.09653778430074453,0
2026-02-09 22:33:17.240,0.08347643911838531,0,0.07953644031658769,0
2026-02-09 22:33:17.346,0.05525257810950279,0,0.06542512606829405,0
2026-02-09 22:33:17.453,0.04545244202017784,0,0.051714754290878774,0
2026-02-09 22:33:17.560,0.028282618150115013,0,0.04470731168985367,0
2026-02-09 22:33:17.666,0.0041500357910990715,0,0.06224032938480377,0
2026-02-09 22:33:17.773,0.01164140272885561,0,0.05422462150454521,0
2026-02-09 22:33:17.880,0.015893492847681046,0,0.0477148212492466,0
2026-02-09 22:33:17.986,0.028583144769072533,0,0.043582279607653616,0
2026-02-09 22:33:18.093,0.2478923350572586,0,0.04001698335632682,0
2026-02-09 22:33:18.200,0.02162172645330429,0,0.03900870839133859,0
2026-02-09 22:33:18.306,0.01837843656539917,0,0.04078659452497959,0
2026-02-09 22:33:18.413,0.013927161693572998,0,0.04151328103616834,0
2026-02-09 22:33:18.520,0.009799479506909847,0,0.043064335081726315,0
2026-02-09 22:33:18.626,0.018199868500232697,0,0.04221078483387828,0
2026-02-09 22:33:18.733,0.021928897127509117,0,0.018617311771959067,0
2026-02-09 22:33:18.840,0.018908267840743065,0,0.016729330155067147,0
2026-02-09 22:33:18.946,0.0314040333032608,0,0.015673331334255636,0
2026-02-09 22:33:19.053,0.020047642290592194,0,0.01477886529173702,0
2026-02-09 22:33:19.160,0.011957604438066483,0,0.014428574941121042,0
2026-02-09 22:33:19.266,0.002741910284385085,0,0.016272967658005656,0
2026-02-09 22:33:19.373,0.007818448357284069,0,0.014675296028144658,0
2026-02-09 22:33:19.480,0.004982501268386841,0,0.01359991126228124,0
2026-02-09 22:33:19.586,0.006296576000750065,0,0.011139330011792481,0
2026-02-09 22:33:19.693,0.03664379566907883,0,0.009477704833261668,0
2026-02-09 22:33:19.800,0.005952180828899145,0,0.008633755752816797,0
2026-02-09 22:33:19.906,0.008154420182108879,0,0.008729092590510846,0
2026-02-09 22:33:20.013,0.006798220798373222,0,0.008175987284630537,0
2026-02-09 22:33:20.120,0.003431390505284071,0,0.00825077430345118,0
2026-02-09 22:33:20.226,0.0035181136336177588,0,0.008031032327562571,0
2026-02-09 22:33:20.333,0.003695278661325574,0,0.00470734944101423,0
2026-02-09 22:33:20.440,0.0022873952984809875,0,0.004309513932093978,0
2026-02-09 22:33:20.546,0.005730371456593275,0,0.004194713430479169,0
2026-02-09 22:33:20.653,0.004099156241863966,0,0.00420418600551784,0
2026-02-09 22:33:20.760,0.0034069668035954237,0,0.004831126611679793,0
2026-02-09 22:33:20.866,0.001973825739696622,0,0.013687591371126472,0
2026-02-09 22:33:20.973,0.007006415165960789,0,0.018609852902591227,0
2026-02-09 22:33:21.080,0.006892946548759937,0,0.023519081063568592,0
2026-02-09 22:33:21.186,0.009700796566903591,0,0.02629525833763182,0
2026-02-09 22:33:21.293,0.09208276122808456,0,0.027808534260839225,0
2026-02-09 22:33:21.400,0.05291789397597313,0,0.030194068723358215,0
2026-02-09 22:33:21.506,0.05137967690825462,0,0.03458957681432366,0
2026-02-09 22:33:21.613,0.03349214419722557,0,0.03892053663730621,0
2026-02-09 22:33:21.720,0.01923191547393799,0,0.04539875416085124,0
2026-02-09 22:33:21.826,0.027262311428785324,0,0.05837846957147121,0
2026-02-09 22:33:21.933,0.04592890664935112,0,0.061385410651564595,0
2026-02-09 22:33:22.040,0.050316013395786285,0,0.06750075444579125,0
2026-02-09 22:33:22.146,0.0716751217842102,0,0.08867952488362789,0
2026-02-09 22:33:22.253,0.13949795067310333,0,0.10463413596153259,0
2026-02-09 22:33:22.360,0.1221521720290184,0,0.1379326105117798,0
2026-02-09 22:33:22.466,0.1140713319182396,0,0.18398024924099446,0
2026-02-09 22:33:22.573,0.2631673812866211,0,0.193882367759943,0
2026-02-09 22:33:22.680,0.19303825497627258,0,0.1989228680729866,0
2026-02-09 22:33:22.786,0.3522166609764099,0,0.19329555258154868,0
2026-02-09 22:33:22.893,0.487738698720932,0,0.18021347420290112,0
2026-02-09 22:33:23.000,0.14495009183883667,0,0.16890967367216944,0
2026-02-09 22:33:23.106,0.10072101652622223,0,0.15881322845816612,0
2026-02-09 22:33:23.213,0.015401966869831085,0,0.1338589576072991,0
2026-02-09 22:33:23.320,0.008677166886627674,0,0.11581986285746097,0
2026-02-09 22:33:23.426,0.009114166721701622,0,0.08193994499742985,0
2026-02-09 22:33:23.533,0.013106879778206348,0,0.033818240044638515,0
2026-02-09 22:33:23.640,0.013624672777950764,0,0.01953072170726955,0
2026-02-09 22:33:23.746,0.012647307477891445,0,0.00958766370313242,0
2026-02-09 22:33:23.853,0.013417482376098633,0,0.008217726217117161,0
2026-02-09 22:33:23.960,0.006521649193018675,0,0.00768413218902424,0
2026-02-09 22:33:24.066,0.0020749084651470184,0,0.007410333503503353,0
2026-02-09 22:33:24.173,0.001290436484850943,0,0.006440509285312146,0
2026-02-09 22:33:24.280,0.001702592009678483,0,0.00541645745979622,0
2026-02-09 22:33:24.386,0.0033412266056984663,0,0.004504278034437448,0
2026-02-09 22:33:24.493,0.006376179866492748,0,0.0037180275307036937,0
2026-02-09 22:33:24.600,0.003408637596294284,0,0.00417824435280636,0
2026-02-09 22:33:24.706,0.003384154522791505,0,0.0049366360646672545,0
2026-02-09 22:33:24.813,0.0035255132243037224,0,0.006173871597275138,0
2026-02-09 22:33:24.920,0.005554977338761091,0,0.008860004623420537,0
2026-02-09 22:33:25.026,0.011123817414045334,0,0.012098920391872525,0
2026-02-09 22:33:25.133,0.00965882558375597,0,0.014395480556413532,0
2026-02-09 22:33:25.240,0.013662791810929775,0,0.018839714187197387,0
2026-02-09 22:33:25.346,0.02856392227113247,0,0.04103580177761614,0
2026-02-09 22:33:25.453,0.03573038429021835,0,0.05474911364726722,0
2026-02-09 22:33:25.560,0.02934178151190281,0,0.08884351253509522,0
2026-02-09 22:33:25.666,0.04785097390413284,0,0.12850746996700763,0
2026-02-09 22:33:25.773,0.22534503042697906,0,0.1669488943181932,0
2026-02-09 22:33:25.880,0.14065863192081451,0,0.23811247944831848,0
2026-02-09 22:33:25.986,0.346498966217041,0,0.2582798579707742,0
2026-02-09 22:33:26.093,0.40776339173316956,0,0.2672606440261006,0
2026-02-09 22:33:26.200,0.3940730690956116,0,0.275386119633913,0
2026-02-09 22:33:26.306,0.7252986431121826,1,0.2751548647880554,0
2026-02-09 22:33:26.413,0.2302377074956894,0,0.2539765461347997,0
2026-02-09 22:33:26.520,0.12553824484348297,0,0.24101659767329692,0
2026-02-09 22:33:26.626,0.11059653759002686,0,0.2071889347396791,0
2026-02-09 22:33:26.733,0.04553842544555664,0,0.16680367873050272,0
2026-02-09 22:33:26.840,0.013561843894422054,0,0.12798799755983054,0
2026-02-09 22:33:26.946,0.01105914730578661,0,0.055803361861035225,0
2026-02-09 22:33:27.053,0.008222336880862713,0,0.033191550290212035,0
2026-02-09 22:33:27.160,0.003910831641405821,0,0.02357923979870975,0
2026-02-09 22:33:27.266,0.00591625738888979,0,0.01378910760395229,0
2026-02-09 22:33:27.373,0.003452286124229431,0,0.011039138166233897,0
2026-02-09 22:33:27.480,0.004119591787457466,0,0.011286354484036564,0
2026-02-09 22:33:27.586,0.02941513992846012,0,0.011330495541915297,0
2026-02-09 22:33:27.693,0.01269521564245224,0,0.0134559475351125,0
2026-02-09 22:33:27.800,0.018038731068372726,0,0.017088443133980037,0
2026-02-09 22:33:27.906,0.01603400707244873,0,0.024170927330851556,0
2026-02-09 22:33:28.013,0.011500557884573936,0,0.0367740985006094,0
2026-02-09 22:33:28.120,0.02947685681283474,0,0.057565645314753056,0
2026-02-09 22:33:28.226,0.04023578763008118,0,0.07676906287670135,0
2026-02-09 22:33:28.333,0.07674109935760498,0,0.09012721106410027,0
2026-02-09 22:33:28.440,0.12948399782180786,0,0.14006473533809186,0
2026-02-09 22:33:28.546,0.21203505992889404,0,0.21270700208842755,0
2026-02-09 22:33:28.653,0.22144931554794312,0,0.29956883694976566,0
2026-02-09 22:33:28.760,0.14627669751644135,0,0.39487850815057757,0
2026-02-09 22:33:28.866,0.5174139738082886,1,0.478629444539547,0
2026-02-09 22:33:28.973,0.7424566745758057,1,0.5487283274531365,1
2026-02-09 22:33:29.080,0.8801189064979553,1,0.6129440471529961,1
2026-02-09 22:33:29.186,0.9825735688209534,1,0.6398429349064827,1
2026-02-09 22:33:29.293,0.8777451515197754,1,0.6606331750750541,1
2026-02-09 22:33:29.400,0.7777299284934998,1,0.7105118811130524,1
2026-02-09 22:33:29.506,0.771641194820404,1,0.7155492603778839,1
2026-02-09 22:33:29.613,0.4810239374637604,0,0.6922800362110137,1
2026-02-09 22:33:29.720,0.42935171723365784,0,0.6483250707387924,1
2026-02-09 22:33:29.826,0.6450637578964233,1,0.597775113582611,1
2026-02-09 22:33:29.933,0.567787766456604,1,0.5579384088516235,1
2026-02-09 22:33:30.040,0.5097644329071045,1,0.525920569896698,1
2026-02-09 22:33:30.146,0.4405692517757416,0,0.5010014116764069,1
2026-02-09 22:33:30.253,0.47707399725914,0,0.4900064468383789,0
2026-02-09 22:33:30.360,0.4793781042098999,0,0.49475165605545046,0
2026-02-09 22:33:30.466,0.4575515389442444,0,0.4610118389129639,0
2026-02-09 22:33:30.573,0.5224496126174927,1,0.4221862331032753,0
2026-02-09 22:33:30.680,0.37107428908348083,0,0.3871332108974457,0
2026-02-09 22:33:30.786,0.47680380940437317,0,0.3496240541338921,0
2026-02-09 22:33:30.893,0.3076655864715576,0,0.307645096257329,0
2026-02-09 22:33:31.000,0.17953170835971832,0,0.2626015432178974,0
2026-02-09 22:33:31.106,0.1592342108488083,0,0.21924560908228158,0
2026-02-09 22:33:31.213,0.06547768414020538,0,0.16963284276425838,0
2026-02-09 22:33:31.320,0.05728441849350929,0,0.13613857217133046,0
2026-02-09 22:33:31.426,0.028942573815584183,0,0.09118373952805996,0
2026-02-09 22:33:31.533,0.023992197588086128,0,0.061462342645972966,0
2026-02-09 22:33:31.640,0.026321949437260628,0,0.0458576207049191,0
2026-02-09 22:33:31.746,0.03613158315420151,0,0.034649231005460024,0
2026-02-09 22:33:31.853,0.027255482971668243,0,0.038028279412537815,0
2026-02-09 22:33:31.960,0.010451617650687695,0,0.06482696840539574,0
2026-02-09 22:33:32.066,0.02348448894917965,0,0.0755372446961701,0
2026-02-09 22:33:32.173,0.04715031385421753,0,0.08802532805129885,0
2026-02-09 22:33:32.280,0.09926816821098328,0,0.09714190000668169,0
2026-02-09 22:33:32.386,0.3252713084220886,0,0.10448130378499627,0
2026-02-09 22:33:32.493,0.13604533672332764,0,0.11330335149541497,0
2026-02-09 22:33:32.600,0.14887303113937378,0,0.12355779018253088,0
2026-02-09 22:33:32.706,0.11748766899108887,0,0.13356725946068765,0
2026-02-09 22:33:32.813,0.10952562093734741,0,0.14104943722486496,0
2026-02-09 22:33:32.920,0.11547596007585526,0,0.1423240825533867,0
2026-02-09 22:33:33.026,0.11299600452184677,0,0.11725843325257301,0
2026-02-09 22:33:33.133,0.12357918173074722,0,0.11282455995678901,0
2026-02-09 22:33:33.240,0.12197209149599075,0,0.12334696128964424,0
2026-02-09 22:33:33.346,0.11201462149620056,0,0.14202915504574776,0
2026-02-09 22:33:33.453,0.07461481541395187,0,0.16868094876408576,0
2026-02-09 22:33:33.560,0.09170660376548767,0,0.23305742144584657,0
2026-02-09 22:33:33.666,0.254097044467926,0,0.2432219333946705,0
2026-02-09 22:33:33.773,0.304309606552124,0,0.24417004287242888,0
2026-02-09 22:33:33.880,0.37604355812072754,0,0.24014238640666008,0
2026-02-09 22:33:33.986,0.7592406868934631,1,0.2331177167594433,0
2026-02-09 22:33:34.093,0.21464112401008606,0,0.23796109929680825,0
2026-02-09 22:33:34.200,0.1330602765083313,0,0.2528729774057865,0
2026-02-09 22:33:34.306,0.08169552683830261,0,0.252339044958353,0
2026-02-09 22:33:34.413,0.04176792502403259,0,0.24386866614222527,0
2026-02-09 22:33:34.520,0.12304864078760147,0,0.2272323749959469,0
2026-02-09 22:33:34.626,0.24082538485527039,0,0.178285001963377,0
2026-02-09 22:33:34.733,0.2487577199935913,0,0.1795066364109516,0
2026-02-09 22:33:34.840,0.21960581839084625,0,0.20109654739499092,0
2026-02-09 22:33:34.946,0.20968064665794373,0,0.21997948363423347,0
2026-02-09 22:33:35.053,0.2697669565677643,0,0.24989233091473578,0
2026-02-09 22:33:35.160,0.22685746848583221,0,0.2777599960565567,0
2026-02-09 22:33:35.266,0.34895938634872437,0,0.2706424817442894,0
2026-02-09 22:33:35.373,0.27052488923072815,0,0.2602620989084244,0
2026-02-09 22:33:35.480,0.3408963978290558,0,0.24446332976222038,0
2026-02-09 22:33:35.586,0.40172529220581055,0,0.22970789894461632,0
2026-02-09 22:33:35.693,0.16965024173259735,0,0.20925440415740013,0
2026-02-09 22:33:35.800,0.1449538916349411,0,0.19156863614916803,0
2026-02-09 22:33:35.906,0.061618126928806305,0,0.15948508251458407,0
2026-02-09 22:33:36.013,0.062126338481903076,0,0.13548089731484653,0
2026-02-09 22:33:36.120,0.06523200869560242,0,0.10334202330559492,0
2026-02-09 22:33:36.226,0.04999978840351105,0,0.06429012045264244,0
2026-02-09 22:33:36.333,0.028123850002884865,0,0.04847721057012677,0
2026-02-09 22:33:36.440,0.03048303723335266,0,0.036277012806385754,0
2026-02-09 22:33:36.546,0.01950765773653984,0,0.03241732371971011,0
2026-02-09 22:33:36.653,0.011206263676285744,0,0.030860854592174292,0
2026-02-09 22:33:36.760,0.011521142907440662,0,0.030433843936771156,0
2026-02-09 22:33:36.866,0.022951913997530937,0,0.029016855265945198,0
2026-02-09 22:33:36.973,0.023021236062049866,0,0.028720006439834835,0
2026-02-09 22:33:37.080,0.046561647206544876,0,0.026502104941755533,0
2026-02-09 22:33:37.186,0.060961902141571045,0,0.025180508475750686,0
2026-02-09 22:33:37.293,0.035829901695251465,0,0.025538577791303398,0
2026-02-09 22:33:37.400,0.025155361741781235,0,0.025874830037355422,0
2026-02-09 22:33:37.506,0.008304022252559662,0,0.026368713565170766,0
2026-02-09 22:33:37.613,0.006291693076491356,0,0.028143139742314815,0
2026-02-09 22:33:37.720,0.014786956831812859,0,0.026921317912638187,0
2026-02-09 22:33:37.826,0.01488366536796093,0,0.02118916348554194,0
2026-02-09 22:33:37.933,0.027890749275684357,0,0.018004518933594227,0
2026-02-09 22:33:38.040,0.04076549783349037,0,0.016531154979020357,0
2026-02-09 22:33:38.146,0.034343428909778595,0,0.01628071665763855,0
2026-02-09 22:33:38.253,0.003640357870608568,0,0.017294511385262012,0
2026-02-09 22:33:38.360,0.003983456175774336,0,0.01772536002099514,0
2026-02-09 22:33:38.466,0.010421722196042538,0,0.016895561804994942,0
2026-02-09 22:33:38.573,0.005799639038741589,0,0.015049433289095759,0
2026-02-09 22:33:38.680,0.016429640352725983,0,0.01141480254009366,0
2026-02-09 22:33:38.786,0.019095443189144135,0,0.008826266694813966,0
2026-02-09 22:33:38.893,0.006585683207958937,0,0.009704496013000607,0
2026-02-09 22:33:39.000,0.009429464116692543,0,0.010847461875528097,0
2026-02-09 22:33:39.106,0.004419190343469381,0,0.012128628231585026,0
2026-02-09 22:33:39.213,0.008458070456981659,0,0.012935455050319433,0
2026-02-09 22:33:39.320,0.012422651052474976,0,0.01200334569439292,0
2026-02-09 22:33:39.426,0.015413114801049232,0,0.010257990681566298,0
2026-02-09 22:33:39.533,0.023233385756611824,0,0.010104587231762708,0
2026-02-09 22:33:39.640,0.013867907226085663,0,0.010669111111201345,0
2026-02-09 22:33:39.746,0.007108546793460846,0,0.018203580263070764,0
2026-02-09 22:33:39.853,0.0016418930608779192,0,0.09196701708715409,0
2026-02-09 22:33:39.960,0.005051648709923029,0,0.13456381920259447,0
2026-02-09 22:33:40.066,0.01507470291107893,0,0.1943214026046917,0
2026-02-09 22:33:40.173,0.07976388186216354,0,0.2321487123845145,0
2026-02-09 22:33:40.280,0.7460924386978149,1,0.24849590684752912,0
2026-02-09 22:33:40.386,0.43839067220687866,0,0.2757335419533774,0
2026-02-09 22:33:40.493,0.6129889488220215,1,0.3074775816407055,0
2026-02-09 22:33:40.600,0.4015064835548401,0,0.33960567964240906,0
2026-02-09 22:33:40.706,0.1773398518562317,0,0.37976744696497916,0
2026-02-09 22:33:40.813,0.27948489785194397,0,0.41426244378089905,0
2026-02-09 22:33:40.920,0.3190822899341583,0,0.37333024442195895,0
2026-02-09 22:33:41.026,0.32633262872695923,0,0.33728470504283903,0
2026-02-09 22:33:41.133,0.4166923761367798,0,0.2900629758834839,0
2026-02-09 22:33:41.240,0.4247138500213623,0,0.26144318878650663,0
2026-02-09 22:33:41.346,0.3367704451084137,0,0.26291959583759306,0
2026-02-09 22:33:41.453,0.07793527841567993,0,0.3051974654197693,0
2026-02-09 22:33:41.560,0.14077165722846985,0,0.29185699969530104,0
2026-02-09 22:33:41.666,0.11530861258506775,0,0.26999862045049666,0
2026-02-09 22:33:41.773,0.19210392236709595,0,0.23843516930937766,0
2026-02-09 22:33:41.880,0.702263593673706,1,0.19948067590594293,0
2026-02-09 22:33:41.986,0.185677632689476,0,0.17182357795536518,0
2026-02-09 22:33:42.093,0.1077488362789154,0,0.17017749026417733,0
2026-02-09 22:33:42.200,0.10105786472558975,0,0.1628506101667881,0
2026-02-09 22:33:42.306,0.03516891598701477,0,0.15628555342555045,0
2026-02-09 22:33:42.413,0.06019946560263634,0,0.14338060170412065,0
2026-02-09 22:33:42.520,0.061474401503801346,0,0.08007000610232354,0
2026-02-09 22:33:42.626,0.06750285625457764,0,0.06623235270380974,0
2026-02-09 22:33:42.733,0.049658045172691345,0,0.06303299218416214,0
2026-02-09 22:33:42.840,0.0630544051527977,0,0.06225570067763329,0
2026-02-09 22:33:42.946,0.06915763765573502,0,0.07000571712851525,0
2026-02-09 22:33:43.053,0.047301098704338074,0,0.09686657153069973,0
2026-02-09 22:33:43.160,0.07575523108243942,0,0.09905092045664787,0
2026-02-09 22:33:43.266,0.09328494966030121,0,0.09816105030477047,0
2026-02-09 22:33:43.373,0.11266908049583435,0,0.10027806498110295,0
2026-02-09 22:33:43.480,0.3288080096244812,0,0.09647231008857489,0
2026-02-09 22:33:43.586,0.08331789076328278,0,0.09184396266937256,0
2026-02-09 22:33:43.693,0.058604154735803604,0,0.08948684968054295,0
2026-02-09 22:33:43.800,0.07082819193601608,0,0.08552171662449837,0
2026-02-09 22:33:43.906,0.024996856227517128,0,0.08064905554056168,0
2026-02-09 22:33:44.013,0.02287416346371174,0,0.07414499931037426,0
2026-02-09 22:33:44.120,0.023729968816041946,0,0.0446266520768404,0
2026-02-09 22:33:44.226,0.03610390052199364,0,0.03874646350741386,0
2026-02-09 22:33:44.333,0.044558338820934296,0,0.03716384395956993,0
2026-02-09 22:33:44.440,0.04762851819396019,0,0.037236680090427396,0
2026-02-09 22:33:44.546,0.03362453728914261,0,0.04200173150748014,0
2026-02-09 22:33:44.653,0.02451600506901741,0,0.0840174701064825,0
2026-02-09 22:33:44.760,0.04277795925736427,0,0.08633265681564808,0
2026-02-09 22:33:44.866,0.07155655324459076,0,0.08480902761220932,0
2026-02-09 22:33:44.973,0.07264737039804459,0,0.08299429658800364,0
2026-02-09 22:33:45.080,0.44303154945373535,0,0.0789282620884478,0
2026-02-09 22:33:45.186,0.04688183590769768,0,0.07710967473685741,0
2026-02-09 22:33:45.293,0.02086760848760605,0,0.07730224654078484,0
2026-02-09 22:33:45.400,0.02641102857887745,0,0.07641121447086334,0
2026-02-09 22:33:45.506,0.006968173198401928,0,0.07372782044112683,0
2026-02-09 22:33:45.613,0.015438663773238659,0,0.07270595543086529,0
2026-02-09 22:33:45.720,0.026441723108291626,0,0.03229976259171963,0
2026-02-09 22:33:45.826,0.03386763855814934,0,0.028955741226673125,0
2026-02-09 22:33:45.933,0.04472261294722557,0,0.03034745864570141,0
2026-02-09 22:33:46.040,0.06242872029542923,0,0.03274854589253664,0
2026-02-09 22:33:46.146,0.03896962106227875,0,0.03892540996894241,0
2026-02-09 22:33:46.253,0.013441622257232666,0,0.06808791644871234,0
2026-02-09 22:33:46.360,0.03478478267788887,0,0.06901058554649353,0
2026-02-09 22:33:46.466,0.05042190104722977,0,0.06728314813226462,0
2026-02-09 22:33:46.573,0.06873681396245956,0,0.06410077456384897,0
2026-02-09 22:33:46.680,0.3070637285709381,0,0.05834706202149391,0
2026-02-09 22:33:46.786,0.03566841408610344,0,0.05566547522321343,0
2026-02-09 22:33:46.893,0.016593264415860176,0,0.05545712988823652,0
2026-02-09 22:33:47.000,0.012898877263069153,0,0.05294622639194131,0
2026-02-09 22:33:47.106,0.004891594871878624,0,0.04918693285435438,0
2026-02-09 22:33:47.213,0.012153753079473972,0,0.04379657311365008,0
2026-02-09 22:33:47.320,0.01135816890746355,0,0.014604979474097491,0
2026-02-09 22:33:47.426,0.009675747714936733,0,0.011579720070585608,0
2026-02-09 22:33:47.533,0.012828965671360493,0,0.010627832449972629,0
2026-02-09 22:33:47.640,0.014833216555416584,0,0.010030912794172763,0
2026-02-09 22:33:47.746,0.015147792175412178,0,0.011035393737256528,0
2026-02-09 22:33:47.853,0.005415820050984621,0,0.024487140495330094,0
2026-02-09 22:33:47.960,0.007074388209730387,0,0.034447815269231796,0
2026-02-09 22:33:48.066,0.006929680705070496,0,0.0440511860884726,0
2026-02-09 22:33:48.173,0.014936404302716255,0,0.05084149353206158,0
2026-02-09 22:33:48.280,0.14667122066020966,0,0.052596001978963615,0
2026-02-09 22:33:48.386,0.11096491664648056,0,0.05975190820172429,0
2026-02-09 22:33:48.493,0.10570945590734482,0,0.06658273679204285,0
2026-02-09 22:33:48.600,0.08073204010725021,0,0.07426571864634753,0
2026-02-09 22:33:48.706,0.03237830102443695,0,0.0805825436487794,0
2026-02-09 22:33:48.813,0.08670685440301895,0,0.08459803648293018,0
2026-02-09 22:33:48.920,0.07372410595417023,0,0.07362458519637585,0
2026-02-09 22:33:49.026,0.0839042067527771,0,0.06486608572304249,0
2026-02-09 22:33:49.133,0.07009793072938919,0,0.05809352844953537,0
2026-02-09 22:33:49.240,0.05509133264422417,0,0.05164780467748642,0
2026-02-09 22:33:49.346,0.03693670779466629,0,0.051263288035988806,0
2026-02-09 22:33:49.453,0.023379921913146973,0,0.045914988964796066,0
2026-02-09 22:33:49.560,0.037983883172273636,0,0.040278155356645584,0
2026-02-09 22:33:49.666,0.01627480238676071,0,0.036700685322284696,0
2026-02-09 22:33:49.773,0.02853313460946083,0,0.03127594385296106,0
2026-02-09 22:33:49.880,0.03322386369109154,0,0.027573182247579098,0
2026-02-09 22:33:49.986,0.017355769872665405,0,0.030895896814763547,0
2026-02-09 22:33:50.093,0.04812950640916824,0,0.035909201763570306,0
2026-02-09 22:33:50.200,0.01585051603615284,0,0.04020338896661997,0
2026-02-09 22:33:50.306,0.01806371659040451,0,0.04465691465884447,0
2026-02-09 22:33:50.413,0.07016385346651077,0,0.04927939083427191,0
2026-02-09 22:33:50.520,0.0735129714012146,0,0.04989367667585611,0
2026-02-09 22:33:50.626,0.08092575520277023,0,0.053189879097044465,0
2026-02-09 22:33:50.733,0.06081005930900574,0,0.06374889630824328,0
2026-02-09 22:33:50.840,0.0747578963637352,0,0.07303090244531632,0
2026-02-09 22:33:50.946,0.039366722106933594,0,0.09318298771977425,0
2026-02-09 22:33:51.053,0.05031779408454895,0,0.10711037069559097,0
2026-02-09 22:33:51.160,0.1537196785211563,0,0.11710163205862045,0
2026-02-09 22:33:51.266,0.10867057740688324,0,0.12458347156643867,0
2026-02-09 22:33:51.373,0.21958456933498383,0,0.12653860971331596,0
2026-02-09 22:33:51.480,0.20943768322467804,0,0.1323959469795227,0
2026-02-09 22:33:51.586,0.1734255850315094,0,0.13849883824586867,0
2026-02-09 22:33:51.693,0.15574415028095245,0,0.14073386564850807,0
2026-02-09 22:33:51.800,0.08036144077777863,0,0.13218096420168876,0
2026-02-09 22:33:51.906,0.1333312690258026,0,0.12724523656070233,0
2026-02-09 22:33:52.013,0.10039563477039337,0,0.11003466919064522,0
2026-02-09 22:33:52.120,0.07266806811094284,0,0.09374707080423832,0
2026-02-09 22:33:52.226,0.06819066405296326,0,0.08891042955219745,0
2026-02-09 22:33:52.333,0.059313300997018814,0,0.09133390076458454,0
2026-02-09 22:33:52.440,0.047478895634412766,0,0.11213740445673466,0
2026-02-09 22:33:52.546,0.046561699360609055,0,0.1589394811540842,0
2026-02-09 22:33:52.653,0.12505917251110077,0,0.16548124589025975,0
2026-02-09 22:33:52.760,0.1799788624048233,0,0.164013297483325,0
2026-02-09 22:33:52.866,0.2883964776992798,0,0.16064258851110935,0
2026-02-09 22:33:52.973,0.6013520359992981,1,0.15569686507806182,0
2026-02-09 22:33:53.080,0.16581328213214874,0,0.15232809418812393,0
2026-02-09 22:33:53.186,0.05798858404159546,0,0.14943749411031604,0
2026-02-09 22:33:53.293,0.03448357433080673,0,0.13805431025102735,0
2026-02-09 22:33:53.400,0.009856066666543484,0,0.12126713879406452,0
2026-02-09 22:33:53.506,0.013791186735033989,0,0.0938781026750803,0
2026-02-09 22:33:53.613,0.01765569858253002,0,0.034528381563723086,0
2026-02-09 22:33:53.720,0.011227333918213844,0,0.01819787621498108,0
2026-02-09 22:33:53.826,0.012107147835195065,0,0.012959276791661978,0
2026-02-09 22:33:53.933,0.014506116509437561,0,0.009885968314483762,0
2026-02-09 22:33:54.040,0.007854824885725975,0,0.009699821891263127,0
2026-02-09 22:33:54.146,0.0025082286447286606,0,0.011309766443446279,0
2026-02-09 22:33:54.253,0.005602589808404446,0,0.009922679397277534,0
2026-02-09 22:33:54.360,0.0037504895590245724,0,0.008969811361748726,0
2026-02-09 22:33:54.466,0.007994602434337139,0,0.00785593872424215,0
2026-02-09 22:33:54.573,0.0298906322568655,0,0.006441826978698373,0
2026-02-09 22:33:54.680,0.003784828120842576,0,0.005713653634302318,0
2026-02-09 22:33:54.786,0.001698653562925756,0,0.005543378094444051,0
2026-02-09 22:33:54.893,0.0009684214601293206,0,0.005106694920687005,0
2026-02-09 22:33:55.000,0.0003649990539997816,0,0.004947709798580035,0
2026-02-09 22:33:55.106,0.0005730914417654276,0,0.004621770459925756,0
2026-02-09 22:33:55.213,0.0008054732461459935,0,0.0024391860177274795,0
2026-02-09 22:33:55.320,0.001235758070833981,0,0.0024136887106578795,0
2026-02-09 22:33:55.426,0.002160638337954879,0,0.002506074454868212,0
2026-02-09 22:33:55.533,0.004735209047794342,0,0.0026457893603947014,0
2026-02-09 22:33:55.640,0.008064787834882736,0,0.0029907689604442567,0
2026-02-09 22:33:55.746,0.0035298550501465797,0,0.004299265326699242,0
2026-02-09 22:33:55.853,0.0026225110050290823,0,0.004350999963935465,0
2026-02-09 22:33:55.960,0.002365570515394211,0,0.004323705396382138,0
2026-02-09 22:33:56.066,0.0038147950544953346,0,0.004238632315536961,0
2026-02-09 22:33:56.173,0.013658055104315281,0,0.003930945956381038,0
2026-02-09 22:33:56.280,0.0013228196185082197,0,0.0047822422173339875,0
2026-02-09 22:33:56.386,0.0009628123953007162,0,0.007190776971401647,0
2026-02-09 22:33:56.493,0.001309907529503107,0,0.015327363467076794,0
2026-02-09 22:33:56.600,0.0016583454562351108,0,0.02685347535298206,0
2026-02-09 22:33:56.706,0.01657775044441223,0,0.040797583298990504,0
2026-02-09 22:33:56.813,0.027615202590823174,0,0.04874822814599611,0
2026-02-09 22:33:56.920,0.08398837596178055,0,0.05199777850066312,0
2026-02-09 22:33:57.026,0.11762668937444687,0,0.05865703182062134,0
2026-02-09 22:33:57.133,0.14325587451457977,0,0.0638382934848778,0
2026-02-09 22:33:57.240,0.09316450357437134,0,0.06940802242606878,0
2026-02-09 22:33:57.346,0.0338183231651783,0,0.10475415494292975,0
2026-02-09 22:33:57.453,0.06755534559488297,0,0.10788955055177211,0
2026-02-09 22:33:57.560,0.05312252417206764,0,0.10399486236274243,0
2026-02-09 22:33:57.666,0.05735563486814499,0,0.09689931459724903,0
2026-02-09 22:33:57.773,0.37003907561302185,0,0.08502098079770803,0
2026-02-09 22:33:57.880,0.0589691586792469,0,0.07842231709510088,0
2026-02-09 22:33:57.986,0.04504149407148361,0,0.07785281836986542,0
2026-02-09 22:33:58.093,0.04667121171951294,0,0.07328493017703294,0
2026-02-09 22:33:58.200,0.024472536519169807,0,0.07190722543746234,0
2026-02-09 22:33:58.306,0.02717786654829979,0,0.06984935756772756,0
2026-02-09 22:33:58.413,0.028123335912823677,0,0.03622051198035479,0
2026-02-09 22:33:58.520,0.021876463666558266,0,0.031979665346443656,0
2026-02-09 22:33:58.626,0.039345476776361465,0,0.030644919909536838,0
2026-02-09 22:33:58.733,0.03677695617079735,0,0.029116240330040455,0
2026-02-09 22:33:58.840,0.03375061973929405,0,0.031800636649131776,0
2026-02-09 22:33:58.946,0.016560692340135574,0,0.07368708290159702,0
2026-02-09 22:33:59.053,0.031694039702415466,0,0.07582345511764288,0
2026-02-09 22:33:59.160,0.0313844159245491,0,0.07560290116816759,0
2026-02-09 22:33:59.266,0.05131649971008301,0,0.07324640732258558,0
2026-02-09 22:33:59.373,0.44604232907295227,0,0.07008872884325683,0
2026-02-09 22:33:59.480,0.04948705807328224,0,0.06735233282670379,0
2026-02-09 22:33:59.586,0.019670924171805382,0,0.06610445464029908,0
2026-02-09 22:33:59.693,0.015780538320541382,0,0.0632858669385314,0
2026-02-09 22:33:59.800,0.005200171377509832,0,0.06047210190445185,0
2026-02-09 22:33:59.906,0.006386659573763609,0,0.055524055066052826,0
2026-02-09 22:34:00.013,0.004081910476088524,0,0.011124193330761045,0
2026-02-09 22:34:00.120,0.003508162684738636,0,0.006268547149375081,0
2026-02-09 22:34:00.226,0.003246765583753586,0,0.0044732491951435804,0
2026-02-09 22:34:00.333,0.0018360313260927796,0,0.0031297253910452126,0
2026-02-09 22:34:00.440,0.00204371172003448,0,0.0029320587171241643,0
2026-02-09 22:34:00.546,0.0009305962594226003,0,0.00539284993428737,0
2026-02-09 22:34:00.653,0.0017179446294903755,0,0.005915651400573552,0
2026-02-09 22:34:00.760,0.002345300279557705,0,0.006298308749683202,0
2026-02-09 22:34:00.866,0.003223504638299346,0,0.006953210500068962,0
2026-02-09 22:34:00.973,0.03099457174539566,0,0.007923554780427366,0
2026-02-09 22:34:01.080,0.009309925138950348,0,0.009016140445601195,0
2026-02-09 22:34:01.186,0.007334736175835133,0,0.011079682107083499,0
2026-02-09 22:34:01.293,0.009795783087611198,0,0.013092227256856858,0
2026-02-09 22:34:01.400,0.011539474129676819,0,0.015927765774540602,0
2026-02-09 22:34:01.506,0.012969568371772766,0,0.020080857258290053,0
2026-02-09 22:34:01.613,0.021566012874245644,0,0.020302388723939656,0
2026-02-09 22:34:01.720,0.02184339612722397,0,0.022525842394679786,0
2026-02-09 22:34:01.826,0.03070068545639515,0,0.0423439459875226,0
2026-02-09 22:34:01.933,0.04475441947579384,0,0.06053718067705631,0
2026-02-09 22:34:02.040,0.03320988640189171,0,0.08231314457952976,0
2026-02-09 22:34:02.146,0.031544461846351624,0,0.1660500455647707,0
2026-02-09 22:34:02.253,0.2055157721042633,0,0.20084736738353967,0
2026-02-09 22:34:02.360,0.1917281299829483,0,0.230119894631207,0
2026-02-09 22:34:02.466,0.22929911315441132,0,0.2507075160741806,0
2026-02-09 22:34:02.573,0.8503385782241821,1,0.2630653377622366,0
2026-02-09 22:34:02.680,0.3695392310619354,0,0.26780098900198934,0
2026-02-09 22:34:02.786,0.3145686686038971,0,0.27052579186856746,0
2026-02-09 22:34:02.893,0.2365768998861313,0,0.25362220481038095,0
2026-02-09 22:34:03.000,0.16833263635635376,0,0.23746982403099537,0
2026-02-09 22:34:03.106,0.0805663987994194,0,0.21841402500867843,0
2026-02-09 22:34:03.213,0.058792490512132645,0,0.1371114958077669,0
2026-02-09 22:34:03.320,0.036479901522397995,0,0.10251089893281459,0
2026-02-09 22:34:03.426,0.030204322189092636,0,0.07457045279443264,0
2026-02-09 22:34:03.533,0.03874112293124199,0,0.053570246882736684,0
2026-02-09 22:34:03.640,0.03731328621506691,0,0.04160292986780405,0
2026-02-09 22:34:03.746,0.023533262312412262,0,0.03805521298199892,0
2026-02-09 22:34:03.853,0.035164207220077515,0,0.03405808713287115,0
2026-02-09 22:34:03.960,0.026574840769171715,0,0.03197419382631779,0
2026-02-09 22:34:04.066,0.048659466207027435,0,0.029825930949300528,0
2026-02-09 22:34:04.173,0.0450892299413681,0,0.02717146519571543,0
2026-02-09 22:34:04.280,0.01882123202085495,0,0.024763603881001472,0
2026-02-09 22:34:04.386,0.015640968456864357,0,0.02317637554369867,0
2026-02-09 22:34:04.493,0.00872169341892004,0,0.020694914879277347,0
2026-02-09 22:34:04.600,0.012196465395390987,0,0.01953031993471086,0
2026-02-09 22:34:04.706,0.01323467306792736,0,0.017259625485166907,0
2026-02-09 22:34:04.813,0.007660978939384222,0,0.014918640395626426,0
2026-02-09 22:34:04.920,0.010349600575864315,0,0.01733189201913774,0
2026-02-09 22:34:05.026,0.014928891323506832,0,0.03142510536126793,0
2026-02-09 22:34:05.133,0.025952521711587906,0,0.05035881293006241,0
2026-02-09 22:34:05.240,0.021679379045963287,0,0.09026927999220788,0
2026-02-09 22:34:05.346,0.042953748255968094,0,0.13097506235353648,0
2026-02-09 22:34:05.453,0.1565731018781662,0,0.1891596747562289,0
2026-02-09 22:34:05.560,0.19805876910686493,0,0.25497358283028004,0
2026-02-09 22:34:05.666,0.4113011360168457,0,0.29648653268814085,0
2026-02-09 22:34:05.773,0.4202924966812134,0,0.3395422365516424,0
2026-02-09 22:34:05.880,0.5895071029663086,1,0.3870990205556154,0
2026-02-09 22:34:05.986,0.6684886813163757,1,0.42662624418735506,0
2026-02-09 22:34:06.093,0.43005838990211487,0,0.4492494985461235,0
2026-02-09 22:34:06.200,0.4565095603466034,0,0.45953522622585297,0
2026-02-09 22:34:06.306,0.49724721908569336,0,0.44933428466320036,0
2026-02-09 22:34:06.413,0.43822598457336426,0,0.42678930163383483,0
2026-02-09 22:34:06.520,0.38280564546585083,0,0.3991872876882553,0
2026-02-09 22:34:06.626,0.30091604590415955,0,0.3596699178218842,0
2026-02-09 22:34:06.733,0.3092917203903198,0,0.33621601313352584,0
2026-02-09 22:34:06.840,0.19484266638755798,0,0.3285939857363701,0
2026-02-09 22:34:06.946,0.3134869635105133,0,0.29147311449050906,0
2026-02-09 22:34:07.053,0.2733149826526642,0,0.2561793141067028,0
2026-02-09 22:34:07.160,0.1955193430185318,0,0.22486422955989838,0
2026-02-09 22:34:07.266,0.3802892863750458,0,0.19849772565066814,0
2026-02-09 22:34:07.373,0.12603850662708282,0,0.1736035455018282,0
2026-02-09 22:34:07.480,0.08528798073530197,0,0.15822047926485538,0
2026-02-09 22:34:07.586,0.06965479999780655,0,0.13033791370689868,0
2026-02-09 22:34:07.693,0.037251006811857224,0,0.1060338655486703,0
2026-02-09 22:34:07.800,0.06034991890192032,0,0.09053957145661115,0
2026-02-09 22:34:07.906,0.041012004017829895,0,0.05514095090329647,0
2026-02-09 22:34:08.013,0.03466130793094635,0,0.044132180698215964,0
2026-02-09 22:34:08.120,0.03027450107038021,0,0.03942656982690096,0
2026-02-09 22:34:08.226,0.040576402097940445,0,0.03543039858341217,0
2026-02-09 22:34:08.333,0.026303080841898918,0,0.04051227755844593,0
2026-02-09 22:34:08.440,0.015950804576277733,0,0.08351942710578442,0
2026-02-09 22:34:08.546,0.03823187202215195,0,0.10868400298058986,0
2026-02-09 22:34:08.653,0.029693087562918663,0,0.12733613662421703,0
2026-02-09 22:34:08.760,0.08806979656219482,0,0.134256143681705,0
2026-02-09 22:34:08.866,0.4904214143753052,0,0.13715041149407625,0
2026-02-09 22:34:08.973,0.2926577627658844,0,0.1430382404476404,0
2026-02-09 22:34:09.080,0.22118264436721802,0,0.15461440961807965,0
2026-02-09 22:34:09.186,0.09947457164525986,0,0.16702229883521796,0
2026-02-09 22:34:09.293,0.06951908022165298,0,0.17270562797784805,0
2026-02-09 22:34:09.400,0.08518137037754059,0,0.17141852527856827,0
2026-02-09 22:34:09.506,0.13171249628067017,0,0.12939933240413665,0
2026-02-09 22:34:09.613,0.16231076419353485,0,0.10482630617916584,0
2026-02-09 22:34:09.720,0.08652637898921967,0,0.09370629973709584,0
2026-02-09 22:34:09.826,0.07519876956939697,0,0.0972175132483244,0
2026-02-09 22:34:09.933,0.07022948563098907,0,0.10807601399719716,0
2026-02-09 22:34:10.040,0.046927500516176224,0,0.14630162455141543,0
2026-02-09 22:34:10.146,0.10998257994651794,0,0.15523249395191668,0
2026-02-09 22:34:10.253,0.13458670675754547,0,0.14932377077639103,0
2026-02-09 22:34:10.360,0.17810408771038055,0,0.1500801730901003,0
2026-02-09 22:34:10.466,0.4674374759197235,0,0.14655087254941462,0
2026-02-09 22:34:10.573,0.22102119028568268,0,0.14468029215931894,0
2026-02-09 22:34:10.680,0.1032235324382782,0,0.1471622597426176,0
2026-02-09 22:34:10.786,0.09409040212631226,0,0.14274574182927607,0
2026-02-09 22:34:10.893,0.039905764162540436,0,0.13326368667185307,0
2026-02-09 22:34:11.000,0.05152368173003197,0,0.11750570870935917,0
2026-02-09 22:34:11.106,0.07174717634916306,0,0.07287761420011521,0
2026-02-09 22:34:11.213,0.06581740081310272,0,0.05274214670062065,0
2026-02-09 22:34:11.320,0.03976615518331528,0,0.048150863498449326,0
2026-02-09 22:34:11.426,0.02052430808544159,0,0.049943090230226514,0
2026-02-09 22:34:11.533,0.02115653082728386,0,0.06378257870674134,0
2026-02-09 22:34:11.640,0.019666515290737152,0,0.09943983890116215,0
2026-02-09 22:34:11.746,0.05731070041656494,0,0.10329017825424672,0
2026-02-09 22:34:11.853,0.11201266944408417,0,0.10431580357253552,0
2026-02-09 22:34:11.960,0.1783006489276886,0,0.11797273941338063,0
2026-02-09 22:34:12.066,0.4080962836742401,0,0.12468262277543544,0
2026-02-09 22:34:12.173,0.1102505698800087,0,0.13396259024739265,0
2026-02-09 22:34:12.280,0.07607365399599075,0,0.14067723900079726,0
2026-02-09 22:34:12.386,0.17633551359176636,0,0.14638023748993872,0
2026-02-09 22:34:12.493,0.08762314170598984,0,0.14583393335342407,0
2026-02-09 22:34:12.600,0.11395620554685593,0,0.13404719792306424,0
2026-02-09 22:34:12.706,0.08681300282478333,0,0.09912477470934392,0
2026-02-09 22:34:12.813,0.11434068530797958,0,0.08941826829686761,0
2026-02-09 22:34:12.920,0.10654962807893753,0,0.08407142581418156,0
2026-02-09 22:34:13.026,0.060433294624090195,0,0.06768962629139423,0
2026-02-09 22:34:13.133,0.058872051537036896,0,0.06343842893838883,0
2026-02-09 22:34:13.240,0.013185505755245686,0,0.08287199661135673,0
2026-02-09 22:34:13.346,0.022605229169130325,0,0.07933204434812069,0
2026-02-09 22:34:13.453,0.012517518363893032,0,0.06938477801159024,0
2026-02-09 22:34:13.560,0.045111168175935745,0,0.05956606147810817,0
2026-02-09 22:34:13.666,0.30829188227653503,0,0.0539858334697783,0
2026-02-09 22:34:13.773,0.05141348019242287,0,0.04917143387719989,0
2026-02-09 22:34:13.880,0.014868021942675114,0,0.050305921211838724,0
2026-02-09 22:34:13.986,0.008362462744116783,0,0.04949747761711478,0
2026-02-09 22:34:14.093,0.0046310145407915115,0,0.05033427942544222,0
2026-02-09 22:34:14.200,0.010728055611252785,0,0.04801187701523304,0
2026-02-09 22:34:14.306,0.024530379101634026,0,0.019012865237891675,0
2026-02-09 22:34:14.413,0.014520793221890926,0,0.0155330378562212,0
2026-02-09 22:34:14.520,0.020885536447167397,0,0.019981908332556485,0
2026-02-09 22:34:14.626,0.021887144073843956,0,0.020161664485931395,0
2026-02-09 22:34:14.733,0.018301764503121376,0,0.022793274745345114,0
2026-02-09 22:34:14.840,0.016615206375718117,0,0.04004810769110918,0
2026-02-09 22:34:14.946,0.059356726706027985,0,0.04217412881553173,0
2026-02-09 22:34:15.053,0.010160024277865887,0,0.05187341766431928,0
2026-02-09 22:34:15.160,0.030947117134928703,0,0.057078495156019926,0
2026-02-09 22:34:15.266,0.18327638506889343,0,0.059185540024191144,0
2026-02-09 22:34:15.373,0.04579059034585953,0,0.06133375270292163,0
2026-02-09 22:34:15.480,0.11151368170976639,0,0.06177304172888398,0
2026-02-09 22:34:15.586,0.07293631136417389,0,0.0570979680866003,0
2026-02-09 22:34:15.693,0.04295759275555611,0,0.057423691172152756,0
2026-02-09 22:34:15.800,0.039783891290426254,0,0.0566781765781343,0
2026-02-09 22:34:15.906,0.021008096635341644,0,0.041226780693978074,0
2026-02-09 22:34:16.013,0.012605990283191204,0,0.045472565572708845,0
2026-02-09 22:34:16.120,0.013417255133390427,0,0.05138368560001254,0
2026-02-09 22:34:16.226,0.02349197119474411,0,0.06366549385711551,0
2026-02-09 22:34:16.333,0.02876242622733116,0,0.10016160672530532,0
2026-02-09 22:34:16.440,0.08824843913316727,0,0.10437855152413249,0
2026-02-09 22:34:16.546,0.17062488198280334,0,0.10562459072098136,0
2026-02-09 22:34:16.653,0.19575439393520355,0,0.11586987636983395,0
2026-02-09 22:34:16.760,0.4079187214374542,0,0.11850671023130417,0
2026-02-09 22:34:16.866,0.08195333927869797,0,0.12285743579268456,0
2026-02-09 22:34:16.973,0.03346848860383034,0,0.13017422147095203,0
2026-02-09 22:34:17.080,0.11505884677171707,0,0.13279722668230534,0
2026-02-09 22:34:17.186,0.03978559374809265,0,0.12288743816316128,0
2026-02-09 22:34:17.293,0.06699922680854797,0,0.11242475174367428,0
2026-02-09 22:34:17.400,0.10193028301000595,0,0.07851435728371144,0
2026-02-09 22:34:17.506,0.11447849124670029,0,0.07363120466470718,0
2026-02-09 22:34:17.613,0.07152699679136276,0,0.07429615519940853,0
2026-02-09 22:34:17.720,0.09112752974033356,0,0.06679887250065804,0
2026-02-09 22:34:17.826,0.06881477683782578,0,0.06722087301313877,0
2026-02-09 22:34:17.933,0.03312181308865547,0,0.0843410212546587,0
2026-02-09 22:34:18.040,0.04011799395084381,0,0.07791024297475815,0
2026-02-09 22:34:18.146,0.04008601978421211,0,0.06794283483177424,0
2026-02-09 22:34:18.253,0.04400559887290001,0,0.062391368485987184,0
2026-02-09 22:34:18.360,0.23820070922374725,0,0.05408638343214989,0
2026-02-09 22:34:18.466,0.03762250021100044,0,0.04948969557881355,0
2026-02-09 22:34:18.573,0.014804409816861153,0,0.04960633404552937,0
2026-02-09 22:34:18.680,0.01601233333349228,0,0.04780228938907385,0
2026-02-09 22:34:18.786,0.008077679201960564,0,0.0471328878775239,0
2026-02-09 22:34:18.893,0.022847898304462433,0,0.0455232584849,0
2026-02-09 22:34:19.000,0.0342881977558136,0,0.023468186147511005,0
2026-02-09 22:34:19.106,0.022077547386288643,0,0.021408680640161038,0
2026-02-09 22:34:19.213,0.033392004668712616,0,0.02197296842932701,0
2026-02-09 22:34:19.320,0.027909304946660995,0,0.021388544421643018,0
2026-02-09 22:34:19.426,0.01764998584985733,0,0.021434170845896005,0
2026-02-09 22:34:19.533,0.017027445137500763,0,0.024277949798852207,0
2026-02-09 22:34:19.640,0.02044728770852089,0,0.022204798925668002,0
2026-02-09 22:34:19.746,0.010168093256652355,0,0.020739424880594014,0
2026-02-09 22:34:19.853,0.008533943444490433,0,0.01776327225379646,0
2026-02-09 22:34:19.960,0.05128568783402443,0,0.015134779154323041,0
2026-02-09 22:34:20.066,0.013556689023971558,0,0.013564658095128834,0
2026-02-09 22:34:20.173,0.007423806935548782,0,0.012118188058957457,0
2026-02-09 22:34:20.280,0.003630478400737047,0,0.01025863280519843,0
2026-02-09 22:34:20.386,0.0016243739519268274,0,0.009408729115966708,0
2026-02-09 22:34:20.493,0.0019487752579152584,0,0.008713100280147046,0
2026-02-09 22:34:20.600,0.002562744775786996,0,0.004147557204123587,0
2026-02-09 22:34:20.706,0.001851735170930624,0,0.0030200060573406518,0
2026-02-09 22:34:20.813,0.0016690563643351197,0,0.0027450429857708513,0
2026-02-09 22:34:20.920,0.0015776550862938166,0,0.0028075000853277745,0
2026-02-09 22:34:21.026,0.005630257073789835,0,0.0034730611718259753,0
2026-02-09 22:34:21.133,0.002281177556142211,0,0.006184260256122798,0
2026-02-09 22:34:21.240,0.004674176219850779,0,0.00639125854941085,0
2026-02-09 22:34:21.346,0.004255049396306276,0,0.00660872581647709,0
2026-02-09 22:34:21.453,0.008279984816908836,0,0.007126678060740232,0
2026-02-09 22:34:21.560,0.029060766100883484,0,0.007642105896957218,0
2026-02-09 22:34:21.666,0.004632727708667517,0,0.008303505345247686,0
2026-02-09 22:34:21.773,0.004026407841593027,0,0.008926236256957053,0
2026-02-09 22:34:21.880,0.006848578806966543,0,0.009211240010336042,0
2026-02-09 22:34:21.986,0.006731933448463678,0,0.01005477262660861,0
2026-02-09 22:34:22.093,0.012244251556694508,0,0.00990835502743721,0
2026-02-09 22:34:22.200,0.008508486673235893,0,0.007611532602459193,0
2026-02-09 22:34:22.306,0.007524213753640652,0,0.007575850421562791,0
2026-02-09 22:34:22.413,0.012690375559031963,0,0.008139317482709884,0
2026-02-09 22:34:22.520,0.006815808825194836,0,0.00880267540924251,0
2026-02-09 22:34:22.626,0.006092541851103306,0,0.011278822366148234,0
2026-02-09 22:34:22.733,0.004275905899703503,0,0.02710888795554638,0
2026-02-09 22:34:22.840,0.009661078453063965,0,0.02999748568981886,0
2026-02-09 22:34:22.946,0.013482158072292805,0,0.03304587369784713,0
2026-02-09 22:34:23.053,0.031493403017520905,0,0.035947355628013614,0
2026-02-09 22:34:23.160,0.17054490745067596,0,0.039060553256422284,0
2026-02-09 22:34:23.266,0.03739446401596069,0,0.04559739753603935,0
2026-02-09 22:34:23.373,0.03800809383392334,0,0.052148609329015015,0
2026-02-09 22:34:23.480,0.04170519486069679,0,0.058760221023112534,0
2026-02-09 22:34:23.586,0.03794778510928154,0,0.06398718059062958,0
2026-02-09 22:34:23.693,0.07146098464727402,0,0.06784692034125328,0
2026-02-09 22:34:23.800,0.06978802382946014,0,0.05632359907031059,0
2026-02-09 22:34:23.906,0.07577719539403915,0,0.05615466646850109,0
2026-02-09 22:34:24.013,0.06575175374746323,0,0.06250178776681423,0
2026-02-09 22:34:24.120,0.07009080052375793,0,0.06727923378348351,0
2026-02-09 22:34:24.226,0.055311694741249084,0,0.0731037300080061,0
2026-02-09 22:34:24.333,0.03570513799786568,0,0.09645590968430043,0
2026-02-09 22:34:24.440,0.10147930681705475,0,0.09543341174721717,0
2026-02-09 22:34:24.546,0.08947965502738953,0,0.09084254540503026,0
2026-02-09 22:34:24.653,0.09619274735450745,0,0.08599630799144506,0
2026-02-09 22:34:24.760,0.3049827814102173,0,0.07956573506817222,0
2026-02-09 22:34:24.866,0.0595630444586277,0,0.07479367759078741,0
2026-02-09 22:34:24.973,0.029868531972169876,0,0.07231450006365776,0
2026-02-09 22:34:25.080,0.017289379611611366,0,0.0630803631618619,0
2026-02-09 22:34:25.186,0.005785071291029453,0,0.05576194506138563,0
2026-02-09 22:34:25.293,0.007591119967401028,0,0.04888087045401335,0
2026-02-09 22:34:25.400,0.010913362726569176,0,0.022743878327310084,0
2026-02-09 22:34:25.506,0.009137937799096107,0,0.020059936679899693,0
2026-02-09 22:34:25.613,0.016295474022626877,0,0.020728658698499203,0
2026-02-09 22:34:25.720,0.027382001280784607,0,0.022102383151650428,0
2026-02-09 22:34:25.826,0.04361286014318466,0,0.024171640630811453,0
2026-02-09 22:34:25.933,0.03272362798452377,0,0.0413965567946434,0
2026-02-09 22:34:26.040,0.03655575215816498,0,0.04329462107270956,0
2026-02-09 22:34:26.146,0.031026624143123627,0,0.044045143947005275,0
2026-02-09 22:34:26.253,0.026477646082639694,0,0.043095977138727905,0
2026-02-09 22:34:26.360,0.17984028160572052,0,0.040484192280564456,0
2026-02-09 22:34:26.466,0.02989400550723076,0,0.03623092332854867,0
2026-02-09 22:34:26.573,0.016643166542053223,0,0.03315023782197386,0
2026-02-09 22:34:26.680,0.006803805939853191,0,0.02979012061841786,0
2026-02-09 22:34:26.786,0.001264152699150145,0,0.02710789516568184,0
2026-02-09 22:34:26.893,0.0010801706230267882,0,0.02507801866158843,0
2026-02-09 22:34:27.000,0.0019167729187756777,0,0.0076802958268672224,0
2026-02-09 22:34:27.106,0.002954580122604966,0,0.005297119356691837,0
2026-02-09 22:34:27.213,0.004204369615763426,0,0.005311337485909462,0
2026-02-09 22:34:27.320,0.006178881041705608,0,0.006554144527763128,0
2026-02-09 22:34:27.426,0.005863053258508444,0,0.011039587983395905,0
2026-02-09 22:34:27.533,0.006062240805476904,0,0.02646801183000207,0
2026-02-09 22:34:27.640,0.01678534783422947,0,0.029002056061290204,0
2026-02-09 22:34:27.746,0.019231876358389854,0,0.032827335363253954,0
2026-02-09 22:34:27.853,0.046118587255477905,0,0.033810316026210784,0
2026-02-09 22:34:27.960,0.15536440908908844,0,0.033991479128599164,0
2026-02-09 22:34:28.066,0.027257215231657028,0,0.034233290096744896,0
2026-02-09 22:34:28.173,0.04120737314224243,0,0.035029907058924434,0
2026-02-09 22:34:28.280,0.014034176245331764,0,0.03447963697835803,0
2026-02-09 22:34:28.386,0.007990512065589428,0,0.034691265877336265,0
2026-02-09 22:34:28.493,0.008281162939965725,0,0.034647200535982844,0
2026-02-09 22:34:28.600,0.01402841042727232,0,0.023006954323500396,0
2026-02-09 22:34:28.706,0.011282647028565407,0,0.02690153559669852,0
2026-02-09 22:34:28.813,0.021348165348172188,0,0.03125613396987319,0
2026-02-09 22:34:28.920,0.04567793384194374,0,0.034203650895506144,0
2026-02-09 22:34:29.026,0.038961946964263916,0,0.05518630351871252,0
2026-02-09 22:34:29.133,0.0662030279636383,0,0.058307940419763324,0
2026-02-09 22:34:29.240,0.0847533568739891,0,0.05835234876722097,0
2026-02-09 22:34:29.346,0.0435093455016613,0,0.059660466760396956,0
2026-02-09 22:34:29.453,0.2178170382976532,0,0.058246294921264055,0
2026-02-09 22:34:29.560,0.039497531950473785,0,0.05458425129763782,0
2026-02-09 22:34:29.666,0.014472493901848793,0,0.05481444480828941,0
2026-02-09 22:34:29.773,0.02436382696032524,0,0.05100475954823196,0
2026-02-09 22:34:29.880,0.007206446956843138,0,0.04498867276124656,0
2026-02-09 22:34:29.986,0.00905749760568142,0,0.04414004827849567,0
2026-02-09 22:34:30.093,0.0412638820707798,0,0.025222480436787008,0
2026-02-09 22:34:30.200,0.028106175363063812,0,0.02182661318220198,0
2026-02-09 22:34:30.306,0.024592489004135132,0,0.02197417472489178,0
2026-02-09 22:34:30.413,0.035023100674152374,0,0.021466152975335717,0
2026-02-09 22:34:30.520,0.028641359880566597,0,0.023341587651520966,0
2026-02-09 22:34:30.626,0.0055388594046235085,0,0.03725014617666602,0
2026-02-09 22:34:30.733,0.015948109328746796,0,0.03400840312242508,0
2026-02-09 22:34:30.840,0.019283609464764595,0,0.03171682674437761,0
2026-02-09 22:34:30.946,0.02596079371869564,0,0.030253932904452087,0
2026-02-09 22:34:31.053,0.14814308285713196,0,0.02715871180407703,0
2026-02-09 22:34:31.160,0.00884645152837038,0,0.026045646471902727,0
2026-02-09 22:34:31.266,0.0051904115825891495,0,0.028814931446686388,0
2026-02-09 22:34:31.373,0.009963550604879856,0,0.030248330952599645,0
2026-02-09 22:34:31.480,0.004070889670401812,0,0.031058495165780187,0
2026-02-09 22:34:31.586,0.017510706558823586,0,0.032353159273043275,0
2026-02-09 22:34:31.693,0.0332317091524601,0,0.020833766693249343,0
2026-02-09 22:34:31.800,0.03028210438787937,0,0.02112839468754828,0
2026-02-09 22:34:31.906,0.027385251596570015,0,0.022743520373478533,0
2026-02-09 22:34:32.013,0.03890743479132652,0,0.022694517439231277,0
2026-02-09 22:34:32.120,0.03294915705919266,0,0.023238379135727884,0
2026-02-09 22:34:32.226,0.01179273147135973,0,0.02974201235920191,0
2026-02-09 22:34:32.333,0.02134166844189167,0,0.02825760394334793,0
2026-02-09 22:34:32.440,0.009473521262407303,0,0.026798852160573004,0
2026-02-09 22:34:32.546,0.00950950663536787,0,0.025639323890209197,0
2026-02-09 22:34:32.653,0.08254703879356384,0,0.022613851819187403,0
2026-02-09 22:34:32.760,0.018387624993920326,0,0.02354936534538865,0
2026-02-09 22:34:32.866,0.01569458656013012,0,0.028064795583486558,0
2026-02-09 22:34:32.973,0.015789968892931938,0,0.03145249951630831,0
2026-02-09 22:34:33.080,0.00865271408110857,0,0.03656623978167772,0
2026-02-09 22:34:33.186,0.04230429232120514,0,0.045407806243747476,0
2026-02-09 22:34:33.293,0.05694703385233879,0,0.048228669073432685,0
2026-02-09 22:34:33.400,0.05521870777010918,0,0.050871509779244664,0
2026-02-09 22:34:33.506,0.060610923916101456,0,0.05673950454220176,0
2026-02-09 22:34:33.613,0.09792517125606537,0,0.06407883847132326,0
2026-02-09 22:34:33.720,0.11075566709041595,0,0.07215762101113796,0
2026-02-09 22:34:33.826,0.0448160320520401,0,0.10393070094287396,0
2026-02-09 22:34:33.933,0.07437453418970108,0,0.10609888732433319,0
2026-02-09 22:34:34.040,0.08918330818414688,0,0.11162974424660206,0
2026-02-09 22:34:34.146,0.08944053947925568,0,0.12392670661211014,0
2026-02-09 22:34:34.253,0.36003509163856506,0,0.12284468114376068,0
2026-02-09 22:34:34.360,0.07862889766693115,0,0.11808833479881287,0
2026-02-09 22:34:34.466,0.11052727699279785,0,0.11906270831823348,0
2026-02-09 22:34:34.573,0.18358054757118225,0,0.11883933618664741,0
2026-02-09 22:34:34.680,0.0871049165725708,0,0.11687410622835159,0
2026-02-09 22:34:34.786,0.0631922036409378,0,0.11407353021204472,0
2026-02-09 22:34:34.893,0.05455976724624634,0,0.0860884252935648,0
2026-02-09 22:34:35.000,0.07214081287384033,0,0.08577959276735783,0
2026-02-09 22:34:35.106,0.06953100860118866,0,0.08651483692228794,0
2026-02-09 22:34:35.213,0.061434779316186905,0,0.08464181758463382,0
2026-02-09 22:34:35.320,0.08018404245376587,0,0.10210641361773014,0
2026-02-09 22:34:35.426,0.07554057240486145,0,0.16924022026360036,0
2026-02-09 22:34:35.533,0.117879718542099,0,0.22115687914192678,0
2026-02-09 22:34:35.640,0.1648503541946411,0,0.26080361790955064,0
2026-02-09 22:34:35.746,0.26175087690353394,0,0.2880585823208094,0
2026-02-09 22:34:35.853,0.7345302700996399,1,0.30053872615098953,0
2026-02-09 22:34:35.960,0.5737263560295105,1,0.3321807995438576,0
2026-02-09 22:34:36.066,0.46860820055007935,0,0.368789304792881,0
2026-02-09 22:34:36.173,0.34208065271377563,0,0.3982854947447777,0
2026-02-09 22:34:36.280,0.1862362176179886,0,0.4168258562684059,0
2026-02-09 22:34:36.386,0.3966047763824463,0,0.4085296869277954,0
2026-02-09 22:34:36.493,0.4416256248950958,0,0.3490166589617729,0
2026-02-09 22:34:36.600,0.4128416180610657,0,0.29674900211393834,0
2026-02-09 22:34:36.706,0.35025396943092346,0,0.2526150558143854,0
2026-02-09 22:34:36.813,0.1787891834974289,0,0.2213876314461231,0
2026-02-09 22:34:36.920,0.13939999043941498,0,0.20829113386571407,0
2026-02-09 22:34:37.026,0.05104978755116463,0,0.19751777611672877,0
2026-02-09 22:34:37.133,0.02726873755455017,0,0.17740043811500072,0
2026-02-09 22:34:37.240,0.029806409031152725,0,0.16661588959395884,0
2026-02-09 22:34:37.346,0.05527124181389809,0,0.16819099001586438,0
2026-02-09 22:34:37.453,0.2888711988925934,0,0.18374679051339626,0
2026-02-09 22:34:37.560,0.24045224487781525,0,0.19601128809154034,0
2026-02-09 22:34:37.666,0.304996132850647,0,0.20677637085318565,0
2026-02-09 22:34:37.773,0.36600497364997864,0,0.2111339509487152,0
2026-02-09 22:34:37.880,0.3343471884727478,0,0.21311804056167602,0
2026-02-09 22:34:37.986,0.2620449662208557,0,0.21775300316512586,0
2026-02-09 22:34:38.093,0.1587006151676178,0,0.2033670198172331,0
2026-02-09 22:34:38.200,0.07084453850984573,0,0.19939918629825115,0
2026-02-09 22:34:38.306,0.04964730516076088,0,0.21160385720431804,0
2026-02-09 22:34:38.413,0.1016208678483963,0,0.21027915589511395,0
2026-02-09 22:34:38.520,0.14501136541366577,0,0.23686343543231486,0
2026-02-09 22:34:38.626,0.2007739096879959,0,0.304690046235919,0
2026-02-09 22:34:38.733,0.4270428419113159,0,0.360382966324687,0
2026-02-09 22:34:38.840,0.3527579605579376,0,0.38945233561098574,0
2026-02-09 22:34:38.946,0.6001899838447571,1,0.42012274265289307,0
2026-02-09 22:34:39.053,0.940311074256897,1,0.43103066831827164,0
2026-02-09 22:34:39.160,0.7156298160552979,1,0.4519300177693367,0
2026-02-09 22:34:39.266,0.36153823137283325,0,0.4602338641881943,0
2026-02-09 22:34:39.373,0.356351375579834,0,0.4543194711208344,0
2026-02-09 22:34:39.480,0.210700124502182,0,0.463084414601326,0
2026-02-09 22:34:39.586,0.3540048599243164,0,0.44222778379917144,0
2026-02-09 22:34:39.693,0.28381237387657166,0,0.3892869472503662,0
2026-02-09 22:34:39.800,0.3678989112377167,0,0.3411906734108925,0
2026-02-09 22:34:39.906,0.440407395362854,0,0.33866879492998125,0
2026-02-09 22:34:40.013,0.39162367582321167,0,0.3347314015030861,0
2026-02-09 22:34:40.120,0.4109027087688446,0,0.3458419665694237,0
2026-02-09 22:34:40.226,0.2346670776605606,0,0.34252686351537703,0
2026-02-09 22:34:40.333,0.3363194465637207,0,0.326675771176815,0
2026-02-09 22:34:40.440,0.31697744131088257,0,0.2981714650988579,0
2026-02-09 22:34:40.546,0.32180577516555786,0,0.25713495165109634,0
2026-02-09 22:34:40.653,0.3208538293838501,0,0.22057210095226765,0
2026-02-09 22:34:40.760,0.12530145049095154,0,0.18574189580976963,0
2026-02-09 22:34:40.866,0.08285585045814514,0,0.170905527099967,0
2026-02-09 22:34:40.973,0.030042260885238647,0,0.1620170559734106,0
2026-02-09 22:34:41.080,0.025995168834924698,0,0.16419412158429622,0
2026-02-09 22:34:41.186,0.06260065734386444,0,0.1597904559224844,0
2026-02-09 22:34:41.293,0.08630339056253433,0,0.13997441865503787,0
2026-02-09 22:34:41.400,0.24743473529815674,0,0.13479539640247823,0
2026-02-09 22:34:41.506,0.33874809741973877,0,0.1413630623370409,0
2026-02-09 22:34:41.613,0.2777691185474396,0,0.14405939765274525,0
2026-02-09 22:34:41.720,0.12269345670938492,0,0.15129633024334907,0
2026-02-09 22:34:41.826,0.07351122796535492,0,0.1551762230694294,0
2026-02-09 22:34:41.933,0.14853250980377197,0,0.15489816665649414,0
2026-02-09 22:34:42.040,0.057005614042282104,0,0.1369236044585705,0
2026-02-09 22:34:42.146,0.09836449474096298,0,0.1057399719953537,0
2026-02-09 22:34:42.253,0.10139958560466766,0,0.08220060728490353,0
2026-02-09 22:34:42.360,0.08352282643318176,0,0.08316339291632176,0
2026-02-09 22:34:42.466,0.06768911331892014,0,0.08637225069105625,0
2026-02-09 22:34:42.573,0.026911772787570953,0,0.0795718465000391,0
2026-02-09 22:34:42.680,0.04237547144293785,0,0.0811746645718813,0
2026-02-09 22:34:42.786,0.1323213130235672,0,0.07794381342828274,0
2026-02-09 22:34:42.893,0.10559980571269989,0,0.0716689545661211,0
2026-02-09 22:34:43.000,0.08052846789360046,0,0.06967337317764759,0
2026-02-09 22:34:43.106,0.07303379476070404,0,0.07071796767413616,0
2026-02-09 22:34:43.213,0.06605598330497742,0,0.07732659168541431,0
2026-02-09 22:34:43.320,0.0386509969830513,0,0.09022107645869255,0
2026-02-09 22:34:43.426,0.06356701254844666,0,0.07903882339596749,0
2026-02-09 22:34:43.533,0.07813505828380585,0,0.06906847767531872,0
2026-02-09 22:34:43.640,0.09299801290035248,0,0.06150659807026386,0
2026-02-09 22:34:43.746,0.17132031917572021,0,0.05435749549651518,0
2026-02-09 22:34:43.853,0.02049878239631653,0,0.04873769847908989,0
2026-02-09 22:34:43.960,0.0058963485062122345,0,0.04649819607147947,0
2026-02-09 22:34:44.066,0.00490967184305191,0,0.04113032870227471,0
2026-02-09 22:34:44.173,0.0015427690232172608,0,0.03434933448443189,0
2026-02-09 22:34:44.280,0.00985801313072443,0,0.02679752098629251,0
2026-02-09 22:34:44.386,0.016255972906947136,0,0.010300499538425356,0
2026-02-09 22:34:44.493,0.00988833885639906,0,0.00837816478451714,0
2026-02-09 22:34:44.600,0.010325116105377674,0,0.00795920833479613,0
2026-02-09 22:34:44.706,0.017479877918958664,0,0.007622779463417828,0
2026-02-09 22:34:44.813,0.006350104697048664,0,0.007630519743543118,0
2026-02-09 22:34:44.920,0.0012754348572343588,0,0.0074541786569170656,0
2026-02-09 22:34:45.026,0.001706784009002149,0,0.006024469214025885,0
2026-02-09 22:34:45.133,0.0015453831292688847,0,0.0051663639722391965,0
2026-02-09 22:34:45.240,0.0016201718244701624,0,0.004239738511387259,0
2026-02-09 22:34:45.346,0.008094602264463902,0,0.0026818483253009616,0
2026-02-09 22:34:45.453,0.0019588784780353308,0,0.002725014102179557,0
2026-02-09 22:34:45.560,0.0013072864385321736,0,0.0029949230956844985,0
2026-02-09 22:34:45.666,0.0010588614968582988,0,0.003137821424752474,0
2026-02-09 22:34:45.773,0.0019009760580956936,0,0.0038775809574872256,0
2026-02-09 22:34:45.880,0.006781762465834618,0,0.005072979931719601,0
2026-02-09 22:34:45.986,0.003974524792283773,0,0.005469237943179906,0
2026-02-09 22:34:46.093,0.003135767299681902,0,0.00570958605967462,0
2026-02-09 22:34:46.200,0.008942978456616402,0,0.00644559928914532,0
2026-02-09 22:34:46.306,0.013574161566793919,0,0.007017496041953564,0
2026-02-09 22:34:46.413,0.012057182379066944,0,0.010570073546841741,0
2026-02-09 22:34:46.520,0.004362359642982483,0,0.03302863226272166,0
2026-02-09 22:34:46.626,0.008667418733239174,0,0.03582361089065671,0
2026-02-09 22:34:46.733,0.006777829024940729,0,0.039104443462565544,0
2026-02-09 22:34:46.840,0.03742675110697746,0,0.04146320060826838,0
2026-02-09 22:34:46.946,0.2313673496246338,0,0.04161180979572236,0
2026-02-09 22:34:47.053,0.03192431107163429,0,0.04153763013891876,0
2026-02-09 22:34:47.160,0.03594409301877022,0,0.04236593064852059,0
2026-02-09 22:34:47.266,0.03253054991364479,0,0.04251622841693461,0
2026-02-09 22:34:47.373,0.01506025344133377,0,0.04309880770742893,0
2026-02-09 22:34:47.480,0.011315385811030865,0,0.03998765079304576,0
2026-02-09 22:34:47.586,0.012645364739000797,0,0.01762435445562005,0
2026-02-09 22:34:47.693,0.01017039641737938,0,0.015343587193638087,0
2026-02-09 22:34:47.800,0.012603621929883957,0,0.015562447253614664,0
2026-02-09 22:34:47.906,0.006315181963145733,0,0.014540151599794627,0
2026-02-09 22:34:48.013,0.007734386250376701,0,0.01815741965547204,0
2026-02-09 22:34:48.120,0.009116638451814651,0,0.058685105107724664,0
2026-02-09 22:34:48.226,0.038132693618535995,0,0.07688131825998426,0
2026-02-09 22:34:48.333,0.022307593375444412,0,0.10175169939175248,0
2026-02-09 22:34:48.440,0.05123293399810791,0,0.12149341674521566,0
2026-02-09 22:34:48.546,0.41659224033355713,0,0.1273967118933797,0
2026-02-09 22:34:48.653,0.19460749626159668,0,0.14131287522614003,0
2026-02-09 22:34:48.760,0.25887420773506165,0,0.15550941228866577,0
2026-02-09 22:34:48.866,0.21002079546451569,0,0.16499143727123738,0
2026-02-09 22:34:48.973,0.06534813344478607,0,0.1794131487607956,0
2026-02-09 22:34:49.080,0.14689601957798004,0,0.18477470576763153,0
2026-02-09 22:34:49.186,0.15108200907707214,0,0.14979927614331245,0
2026-02-09 22:34:49.293,0.13295294344425201,0,0.13366477191448212,0
2026-02-09 22:34:49.400,0.1665247082710266,0,0.11751747652888297,0
2026-02-09 22:34:49.506,0.10484850406646729,0,0.10605966076254844,0
2026-02-09 22:34:49.613,0.06683794409036636,0,0.11670865342020989,0
2026-02-09 22:34:49.720,0.033262453973293304,0,0.1619901217520237,0
2026-02-09 22:34:49.826,0.09740125387907028,0,0.16918048188090323,0
2026-02-09 22:34:49.933,0.09544263780117035,0,0.17117859348654746,0
2026-02-09 22:34:50.040,0.17183806002140045,0,0.1655533529818058,0
2026-02-09 22:34:50.146,0.5997107028961182,1,0.15991158969700336,0
2026-02-09 22:34:50.253,0.22298561036586761,0,0.16247187219560147,0
2026-02-09 22:34:50.360,0.15293405950069427,0,0.16602312885224818,0
2026-02-09 22:34:50.466,0.11027230322360992,0,0.16301047913730143,0
2026-02-09 22:34:50.573,0.04843087121844292,0,0.15865634232759476,0
2026-02-09 22:34:50.680,0.09244076907634735,0,0.14684206657111645,0
2026-02-09 22:34:50.786,0.06877502053976059,0,0.09349356926977634,0
2026-02-09 22:34:50.893,0.06727475672960281,0,0.07813746742904186,0
2026-02-09 22:34:51.000,0.05190126970410347,0,0.07666259072721004,0
2026-02-09 22:34:51.106,0.053695302456617355,0,0.07540746368467807,0
2026-02-09 22:34:51.213,0.06622572988271713,0,0.08183830305933952,0
2026-02-09 22:34:51.320,0.0694245919585228,0,0.10953774228692055,0
2026-02-09 22:34:51.426,0.1381852924823761,0,0.10736210159957409,0
2026-02-09 22:34:51.533,0.09772103279829025,0,0.10306103862822055,0
2026-02-09 22:34:51.640,0.11273926496505737,0,0.09982716627418994,0
2026-02-09 22:34:51.746,0.3694351613521576,0,0.09495651205070317,0
2026-02-09 22:34:51.853,0.047018613666296005,0,0.0892515033017844,0
2026-02-09 22:34:51.960,0.024264127016067505,0,0.08279335792176426,0
2026-02-09 22:34:52.066,0.01956254616379738,0,0.06931562863755972,0
2026-02-09 22:34:52.173,0.004988760221749544,0,0.05983291312586516,0
2026-02-09 22:34:52.280,0.009175642393529415,0,0.049055639863945545,0
2026-02-09 22:34:52.386,0.004843138158321381,0,0.012625161628238856,0
2026-02-09 22:34:52.493,0.0034079996403306723,0,0.008204140071757137,0
2026-02-09 22:34:52.600,0.0028938776813447475,0,0.006125623476691544,0
2026-02-09 22:34:52.706,0.0049665323458611965,0,0.004554120381362737,0
2026-02-09 22:34:52.813,0.005130378995090723,0,0.004446128825657069,0
2026-02-09 22:34:52.920,0.002808398101478815,0,0.003851883579045534,0
2026-02-09 22:34:53.026,0.0034789610654115677,0,0.003590237163007259,0
2026-02-09 22:34:53.133,0.0038475152105093002,0,0.0036202442133799195,0
2026-02-09 22:34:53.240,0.003908844664692879,0,0.0035768433706834914,0
2026-02-09 22:34:53.346,0.0032331899274140596,0,0.0033975363941863177,0
2026-02-09 22:34:53.453,0.002226673997938633,0,0.0032793004298582672,0
2026-02-09 22:34:53.560,0.003708070144057274,0,0.0036912417272105813,0
2026-02-09 22:34:53.666,0.0024598692543804646,0,0.0050713241333141925,0
2026-02-09 22:34:53.773,0.0031734625808894634,0,0.00901419019792229,0
2026-02-09 22:34:53.880,0.003948019351810217,0,0.013591412478126586,0
2026-02-09 22:34:53.986,0.006927811075001955,0,0.018013081420212983,0
2026-02-09 22:34:54.093,0.017279785126447678,0,0.027413319423794748,0
2026-02-09 22:34:54.200,0.04327617585659027,0,0.05701166521757841,0
2026-02-09 22:34:54.306,0.04968106746673584,0,0.07367856628261507,0
2026-02-09 22:34:54.413,0.047449879348278046,0,0.0962054630741477,0
2026-02-09 22:34:54.520,0.09622905403375626,0,0.11010180753655732,0
2026-02-09 22:34:54.626,0.2996915280818939,0,0.12091274373233318,0
2026-02-09 22:34:54.733,0.169128879904747,0,0.137563556432724,0
2026-02-09 22:34:54.840,0.22844243049621582,0,0.14624845534563063,0
2026-02-09 22:34:54.946,0.14291146397590637,0,0.15484540164470673,0
2026-02-09 22:34:55.053,0.11503717303276062,0,0.16974344477057457,0
2026-02-09 22:34:55.160,0.18378791213035583,0,0.18020064979791642,0
2026-02-09 22:34:55.266,0.13012516498565674,0,0.16341730952262878,0
2026-02-09 22:34:55.373,0.13565053045749664,0,0.15240719616413118,0
2026-02-09 22:34:55.480,0.19643031060695648,0,0.1325519632548094,0
2026-02-09 22:34:55.586,0.20080110430717468,0,0.12054548766463995,0
2026-02-09 22:34:55.693,0.13185812532901764,0,0.11261279191821813,0
2026-02-09 22:34:55.800,0.05902774631977081,0,0.09677102100104093,0
2026-02-09 22:34:55.906,0.02989010140299797,0,0.08753842990845442,0
2026-02-09 22:34:56.013,0.022846708074212074,0,0.08196240346878766,0
2026-02-09 22:34:56.120,0.03571021556854248,0,0.06338012311607599,0
2026-02-09 22:34:56.226,0.025370202958583832,0,0.04363708198070526,0
2026-02-09 22:34:56.333,0.037799254059791565,0,0.03061627633869648,0
2026-02-09 22:34:56.440,0.07989026606082916,0,0.024857412651181222,0
2026-02-09 22:34:56.546,0.010607507079839706,0,0.022130507952533664,0
2026-02-09 22:34:56.653,0.003370692953467369,0,0.020511100091971456,0
2026-02-09 22:34:56.760,0.0016500689089298248,0,0.017442017304711045,0
2026-02-09 22:34:56.866,0.001439109444618225,0,0.015485078585334123,0
2026-02-09 22:34:56.973,0.0026210544165223837,0,0.012347064516507088,0
2026-02-09 22:34:57.080,0.006652629468590021,0,0.005170525587163866,0
2026-02-09 22:34:57.186,0.005019387695938349,0,0.004781151912175119,0
2026-02-09 22:34:57.293,0.005800815764814615,0,0.006273722252808511,0
2026-02-09 22:34:57.400,0.0064191133715212345,0,0.008090245886705816,0
2026-02-09 22:34:57.506,0.008124876767396927,0,0.01357492150273174,0
2026-02-09 22:34:57.613,0.00671377032995224,0,0.05272605959326029,0
2026-02-09 22:34:57.720,0.018296396359801292,0,0.05619829068891704,0
2026-02-09 22:34:57.826,0.01981530524790287,0,0.057325959857553246,0
2026-02-09 22:34:57.933,0.05628586560487747,0,0.05849392511881888,0
2026-02-09 22:34:58.040,0.39413243532180786,0,0.05853005894459784,0
2026-02-09 22:34:58.146,0.04137494042515755,0,0.05856452123261988,0
2026-02-09 22:34:58.253,0.016296079382300377,0,0.05951211140491068,0
2026-02-09 22:34:58.360,0.01748046837747097,0,0.05955886845476925,0
2026-02-09 22:34:58.466,0.006780451629310846,0,0.061524543026462195,0
2026-02-09 22:34:58.573,0.00846949964761734,0,0.05894982465542853,0
2026-02-09 22:34:58.680,0.01618967205286026,0,0.023800948867574334,0
2026-02-09 22:34:58.786,0.018763966858386993,0,0.02048504170961678,0
2026-02-09 22:34:58.893,0.039472050964832306,0,0.021642721677199005,0
2026-02-09 22:34:59.000,0.030538681894540787,0,0.020808922639116646,0
2026-02-09 22:34:59.106,0.042643677443265915,0,0.021306411176919938,0
2026-02-09 22:34:59.213,0.008215868845582008,0,0.0268457293510437,0
2026-02-09 22:34:59.320,0.027872879058122635,0,0.02600529305636883,0
2026-02-09 22:34:59.426,0.009142477996647358,0,0.02445915995631367,0
2026-02-09 22:34:59.533,0.011755337007343769,0,0.0208399219205603,0
2026-02-09 22:34:59.640,0.06386268138885498,0,0.018034261441789566,0
2026-02-09 22:34:59.746,0.0077853091061115265,0,0.014261850132606923,0
2026-02-09 22:34:59.853,0.003302635857835412,0,0.014471526234410703,0
2026-02-09 22:34:59.960,0.0032796706072986126,0,0.01257842758204788,0
2026-02-09 22:35:00.066,0.002482077106833458,0,0.013563173892907798,0
2026-02-09 22:35:00.173,0.004919564351439476,0,0.014072556584142148,0
2026-02-09 22:35:00.280,0.010312629863619804,0,0.008919127820990979,0
2026-02-09 22:35:00.386,0.0089418925344944,0,0.0083468999247998,0
2026-02-09 22:35:00.493,0.018989941105246544,0,0.008286033920012415,0
2026-02-09 22:35:00.600,0.01684916391968727,0,0.00808057296089828,0
2026-02-09 22:35:00.706,0.012328393757343292,0,0.008008350303862244,0
2026-02-09 22:35:00.813,0.002063030144199729,0,0.008666858507785946,0
2026-02-09 22:35:00.920,0.0026939758099615574,0,0.0077953504747711126,0
2026-02-09 22:35:01.026,0.0012250610161572695,0,0.007025119161698967,0
2026-02-09 22:35:01.133,0.0017598505364730954,0,0.005266946228221059,0
2026-02-09 22:35:01.240,0.011504646390676498,0,0.0036724531499203296,0
2026-02-09 22:35:01.346,0.0015975495334714651,0,0.0028901067504193633,0
2026-02-09 22:35:01.453,0.0012395794037729502,0,0.003563167731044814,0
2026-02-09 22:35:01.560,0.0014082117704674602,0,0.004964959778590128,0
2026-02-09 22:35:01.666,0.0009042331366799772,0,0.006813409406458959,0
2026-02-09 22:35:01.773,0.0045049297623336315,0,0.010008607181953266,0
2026-02-09 22:35:01.880,0.008793639950454235,0,0.011353102821158246,0
2026-02-09 22:35:01.986,0.016711896285414696,0,0.013781119097257034,0
2026-02-09 22:35:02.093,0.01970955729484558,0,0.016705084341811016,0
2026-02-09 22:35:02.200,0.03371182829141617,0,0.01838914616382681,0
2026-02-09 22:35:02.306,0.024949602782726288,0,0.021029741736128926,0
2026-02-09 22:35:02.413,0.025877712294459343,0,0.04367447206750512,0
2026-02-09 22:35:02.520,0.030479231849312782,0,0.04808968249708414,0
2026-02-09 22:35:02.626,0.01824882999062538,0,0.05110166780650616,0
2026-02-09 22:35:02.733,0.027310188859701157,0,0.052600154653191566,0
2026-02-09 22:35:02.840,0.23095223307609558,0,0.050945987738668916,0
2026-02-09 22:35:02.946,0.05294574424624443,0,0.051328931376338004,0
2026-02-09 22:35:03.053,0.04683174937963486,0,0.0524331321939826,0
2026-02-09 22:35:03.160,0.034694425761699677,0,0.05553276129066944,0
2026-02-09 22:35:03.266,0.01717015914618969,0,0.05890667140483856,0
2026-02-09 22:35:03.373,0.028779039159417152,0,0.06145928427577019,0
2026-02-09 22:35:03.480,0.036919720470905304,0,0.04485820159316063,0
2026-02-09 22:35:03.586,0.06147552281618118,0,0.042603811249136925,0
2026-02-09 22:35:03.693,0.05198793113231659,0,0.04603194631636143,0
2026-02-09 22:35:03.800,0.05283631756901741,0,0.049184272065758705,0
2026-02-09 22:35:03.906,0.06494140625,0,0.05696612577885389,0
2026-02-09 22:35:04.013,0.030401840806007385,0,0.09938930459320545,0
2026-02-09 22:35:04.120,0.08111310005187988,0,0.10025342255830764,0
2026-02-09 22:35:04.226,0.06621768325567245,0,0.09628516230732202,0
2026-02-09 22:35:04.333,0.09498869627714157,0,0.09341782927513123,0
2026-02-09 22:35:04.440,0.45301082730293274,0,0.08995356354862452,0
2026-02-09 22:35:04.546,0.04556090012192726,0,0.08526192475110292,0
2026-02-09 22:35:04.653,0.02179292030632496,0,0.08456785827875138,0
2026-02-09 22:35:04.760,0.023314600810408592,0,0.07863949816673994,0
2026-02-09 22:35:04.866,0.01819366030395031,0,0.0740279046818614,0
2026-02-09 22:35:04.973,0.018025018274784088,0,0.06757485810667277,0
2026-02-09 22:35:05.080,0.023461176082491875,0,0.024549728259444237,0
2026-02-09 22:35:05.186,0.021829498931765556,0,0.02124461829662323,0
2026-02-09 22:35:05.293,0.020101748406887054,0,0.020738588832318782,0
2026-02-09 22:35:05.400,0.030458230525255203,0,0.02009602598845959,0
2026-02-09 22:35:05.506,0.02275952883064747,0,0.024792814813554286,0
2026-02-09 22:35:05.613,0.012509800493717194,0,0.03090650271624327,0
2026-02-09 22:35:05.720,0.016732625663280487,0,0.03233639001846313,0
2026-02-09 22:35:05.826,0.016888972371816635,0,0.03452094551175833,0
2026-02-09 22:35:05.933,0.06516154855489731,0,0.035191769152879714,0
2026-02-09 22:35:06.040,0.07916189730167389,0,0.03635896183550358,0
2026-02-09 22:35:06.146,0.03776004910469055,0,0.04213108364492655,0
2026-02-09 22:35:06.253,0.043675053864717484,0,0.07098123896867037,0
2026-02-09 22:35:06.360,0.02680998481810093,0,0.1089681887999177,0
2026-02-09 22:35:06.466,0.042130157351493835,0,0.17088300865143538,0
2026-02-09 22:35:06.573,0.08048074692487717,0,0.22270528730005026,0
2026-02-09 22:35:06.680,0.3010113537311554,0,0.2543861439451575,0
2026-02-09 22:35:06.786,0.3966021239757538,0,0.2755645265802741,0
2026-02-09 22:35:06.893,0.6360371708869934,1,0.33082976955920457,0
2026-02-09 22:35:07.000,0.5833843350410461,1,0.37131756618618966,0
2026-02-09 22:35:07.106,0.3959704637527466,0,0.43918702825903894,0
2026-02-09 22:35:07.213,0.24954387545585632,0,0.5070932298898697,1
2026-02-09 22:35:07.320,0.5963274836540222,1,0.5508035004138947,1
2026-02-09 22:35:07.426,0.43168795108795166,0,0.5831899255514145,1
2026-02-09 22:35:07.533,0.7208247780799866,1,0.5637624770402908,1
2026-02-09 22:35:07.640,0.7595427632331848,1,0.5308856636285781,1
2026-02-09 22:35:07.746,0.738114058971405,1,0.5224337548017501,1
2026-02-09 22:35:07.853,0.7204663753509521,1,0.5295960128307342,1
2026-02-09 22:35:07.960,0.44176268577575684,0,0.5025932103395462,1
2026-02-09 22:35:08.066,0.2546162009239197,0,0.47960878908634186,0
2026-02-09 22:35:08.173,0.31145137548446655,0,0.4244030609726906,0
2026-02-09 22:35:08.280,0.321166455745697,0,0.360895224660635,0
2026-02-09 22:35:08.386,0.3262994587421417,0,0.31152227744460104,0
2026-02-09 22:35:08.493,0.2018437385559082,0,0.24880602657794954,0
2026-02-09 22:35:08.600,0.16876749694347382,0,0.21377704665064812,0
2026-02-09 22:35:08.706,0.12446440011262894,0,0.2075234331190586,0
2026-02-09 22:35:08.813,0.24438458681106567,0,0.1836796671152115,0
2026-02-09 22:35:08.920,0.0933038666844368,0,0.1556257985532284,0
2026-02-09 22:35:09.026,0.09147288650274277,0,0.12545696813613177,0
2026-02-09 22:35:09.133,0.1920800656080246,0,0.10635572271421552,0
2026-02-09 22:35:09.240,0.07301371544599533,0,0.09090547310188413,0
2026-02-09 22:35:09.346,0.040627770125865936,0,0.0797417557798326,0
2026-02-09 22:35:09.453,0.024611154571175575,0,0.0562008909881115,0
2026-02-09 22:35:09.560,0.010831284336745739,0,0.047843378596007825,0
2026-02-09 22:35:09.666,0.014265000820159912,0,0.03997403690591454,0
2026-02-09 22:35:09.773,0.012827226892113686,0,0.023363172169774772,0
2026-02-09 22:35:09.880,0.008975938893854618,0,0.017667373921722174,0
2026-02-09 22:35:09.986,0.009728742763400078,0,0.016286450158804654,0
2026-02-09 22:35:10.093,0.012779469601809978,0,0.015944286528974772,0
2026-02-09 22:35:10.200,0.025971418246626854,0,0.017254402674734593,0
2026-02-09 22:35:10.306,0.01605573296546936,0,0.024945686943829058,0
2026-02-09 22:35:10.413,0.02681853249669075,0,0.028151998296380043,0
2026-02-09 22:35:10.520,0.02118951827287674,0,0.03442615745589137,0
2026-02-09 22:35:10.626,0.02393244579434395,0,0.04219760866835713,0
2026-02-09 22:35:10.733,0.09117784351110458,0,0.046548028104007245,0
2026-02-09 22:35:10.840,0.04489034041762352,0,0.04989161640405655,0
2026-02-09 22:35:10.946,0.0717175304889679,0,0.05266484022140503,0
2026-02-09 22:35:11.053,0.08744325488805771,0,0.05681384913623333,0
2026-02-09 22:35:11.160,0.05628366395831108,0,0.061569854989647864,0
2026-02-09 22:35:11.266,0.059407301247119904,0,0.0626556932926178,0
2026-02-09 22:35:11.373,0.04378797113895416,0,0.05770043209195137,0
2026-02-09 22:35:11.480,0.06830862164497375,0,0.05503950510174036,0
2026-02-09 22:35:11.586,0.0687495768070221,0,0.05711180511862039,0
2026-02-09 22:35:11.693,0.034790828824043274,0,0.06329308766871691,0
2026-02-09 22:35:11.800,0.04162523150444031,0,0.0669617934152484,0
2026-02-09 22:35:11.906,0.01828107051551342,0,0.09407720919698477,0
2026-02-09 22:35:12.013,0.09244053065776825,0,0.09369683954864741,0
2026-02-09 22:35:12.120,0.14925608038902283,0,0.09129951167851687,0
2026-02-09 22:35:12.226,0.09297072142362595,0,0.08882596548646689,0
2026-02-09 22:35:12.333,0.33056145906448364,0,0.08710535019636154,0
2026-02-09 22:35:12.440,0.03998427465558052,0,0.08717215433716774,0
2026-02-09 22:35:12.546,0.044335342943668365,0,0.09169479329138994,0
2026-02-09 22:35:12.653,0.04401411488652229,0,0.08756657708436251,0
2026-02-09 22:35:12.760,0.017584675922989845,0,0.07788380440324545,0
2026-02-09 22:35:12.866,0.04229327291250229,0,0.07411099094897508,0
2026-02-09 22:35:12.973,0.06350746005773544,0,0.04733347687870264,0
2026-02-09 22:35:13.080,0.051158368587493896,0,0.04639580026268959,0
2026-02-09 22:35:13.186,0.05242835357785225,0,0.04671838320791721,0
2026-02-09 22:35:13.293,0.05524258688092232,0,0.04521939177066088,0
2026-02-09 22:35:13.400,0.06278631836175919,0,0.05531879216432571,0
2026-02-09 22:35:13.506,0.03060750849545002,0,0.11010039374232292,0
2026-02-09 22:35:13.613,0.047561172395944595,0,0.12404824048280716,0
2026-02-09 22:35:13.720,0.02902420051395893,0,0.1363746166229248,0
2026-02-09 22:35:13.826,0.11857867985963821,0,0.14598911218345165,0
2026-02-09 22:35:13.933,0.5901092886924744,1,0.14876668751239777,0
2026-02-09 22:35:14.040,0.20298592746257782,0,0.15850523188710214,0
2026-02-09 22:35:14.146,0.17442212998867035,0,0.1744198461994529,0
2026-02-09 22:35:14.253,0.14857330918312073,0,0.18418524879962206,0
2026-02-09 22:35:14.360,0.08301834017038345,0,0.1887916050851345,0
2026-02-09 22:35:14.466,0.1601717621088028,0,0.18365795090794562,0
2026-02-09 22:35:14.573,0.18975365161895752,0,0.1296787291765213,0
2026-02-09 22:35:14.680,0.1452151983976364,0,0.11264639794826507,0
2026-02-09 22:35:14.786,0.0750877633690834,0,0.10248158276081085,0
2026-02-09 22:35:14.893,0.06724213808774948,0,0.09230000674724578,0
2026-02-09 22:35:15.000,0.05031707137823105,0,0.08693534675985574,0
2026-02-09 22:35:15.106,0.032662615180015564,0,0.08196181450039149,0
2026-02-09 22:35:15.213,0.07277397811412811,0,0.06442885734140873,0
2026-02-09 22:35:15.320,0.04675754904747009,0,0.05080375475808978,0
2026-02-09 22:35:15.426,0.02937174029648304,0,0.044192287046462296,0
2026-02-09 22:35:15.533,0.11043643951416016,0,0.038067648839205506,0
2026-02-09 22:35:15.640,0.014424080029129982,0,0.033687779260799286,0
2026-02-09 22:35:15.746,0.008964172564446926,0,0.031008366402238606,0
2026-02-09 22:35:15.853,0.00897308625280857,0,0.024373309081420304,0
2026-02-09 22:35:15.960,0.0059957560151815414,0,0.020224468037486076,0
2026-02-09 22:35:16.066,0.0065183755941689014,0,0.017723288107663392,0
2026-02-09 22:35:16.173,0.0058684865944087505,0,0.007031831168569624,0
2026-02-09 22:35:16.280,0.006423404905945063,0,0.005838509043678641,0
2026-02-09 22:35:16.386,0.005269138608127832,0,0.005262718722224236,0
2026-02-09 22:35:16.493,0.0043599409982562065,0,0.004951792163774371,0
2026-02-09 22:35:16.600,0.0035218701232224703,0,0.00585390985943377,0
2026-02-09 22:35:16.706,0.002490858780220151,0,0.011357984133064747,0
2026-02-09 22:35:16.813,0.0032062693499028683,0,0.012553773680701851,0
2026-02-09 22:35:16.920,0.005863820668309927,0,0.013121597189456224,0
2026-02-09 22:35:17.026,0.015016932971775532,0,0.014009628025814892,0
2026-02-09 22:35:17.133,0.06155911833047867,0,0.016056014643982052,0
2026-02-09 22:35:17.240,0.0178263820707798,0,0.019622109201736748,0
2026-02-09 22:35:17.346,0.012101639993488789,0,0.023080751486122607,0
2026-02-09 22:35:17.453,0.014149446971714497,0,0.025557697238400578,0
2026-02-09 22:35:17.560,0.024823807179927826,0,0.026536120753735303,0
2026-02-09 22:35:17.666,0.039182815700769424,0,0.026155587565153838,0
2026-02-09 22:35:17.773,0.03707728162407875,0,0.020803626533597706,0
2026-02-09 22:35:17.880,0.02797572687268257,0,0.019217813014984132,0
2026-02-09 22:35:17.986,0.01564805582165718,0,0.01836770314257592,0
2026-02-09 22:35:18.093,0.011211601085960865,0,0.01724354182370007,0
2026-02-09 22:35:18.200,0.008039508014917374,0,0.0157405202742666,0
2026-02-09 22:35:18.306,0.0019682468846440315,0,0.014100261917337775,0
2026-02-09 22:35:18.413,0.0036005412694066763,0,0.011044436832889915,0
2026-02-09 22:35:18.520,0.002907833782956004,0,0.008501541265286506,0
2026-02-09 22:35:18.626,0.009793591685593128,0,0.006967671809252352,0
2026-02-09 22:35:18.733,0.02278023213148117,0,0.005950288672465831,0
2026-02-09 22:35:18.840,0.006519030779600143,0,0.005766438005957752,0
2026-02-09 22:35:18.946,0.0025467711966484785,0,0.00704468252370134,0
2026-02-09 22:35:19.053,0.0003093612613156438,0,0.008781690790783614,0
2026-02-09 22:35:19.160,0.0010377697180956602,0,0.011059851211030036,0
2026-02-09 22:35:19.266,0.006201001349836588,0,0.012058467150200158,0
2026-02-09 22:35:19.373,0.014750692062079906,0,0.010793552093673497,0
2026-02-09 22:35:19.480,0.020970623940229416,0,0.010585590184200555,0
2026-02-09 22:35:19.586,0.025689437985420227,0,0.010962813429068774,0
2026-02-09 22:35:19.693,0.01977975107729435,0,0.011919081839732826,0
2026-02-09 22:35:19.800,0.010131081566214561,0,0.015208765305578709,0
2026-02-09 22:35:19.906,0.00443941168487072,0,0.02907806555740535,0
2026-02-09 22:35:20.013,0.0063190036453306675,0,0.033734525786712766,0
2026-02-09 22:35:20.120,0.009872045367956161,0,0.035424309270456436,0
2026-02-09 22:35:20.226,0.03393460437655449,0,0.037974706338718536,0
2026-02-09 22:35:20.333,0.14489400386810303,0,0.039592380682006476,0
2026-02-09 22:35:20.440,0.06131529435515404,0,0.042517908336594704,0
2026-02-09 22:35:20.546,0.03786845877766609,0,0.046635147044435145,0
2026-02-09 22:35:20.653,0.05119340866804123,0,0.05174429602921009,0
2026-02-09 22:35:20.760,0.0359564945101738,0,0.05978655442595482,0
2026-02-09 22:35:20.866,0.039386358112096786,0,0.06345404796302319,0
2026-02-09 22:35:20.973,0.045611798763275146,0,0.0525187075138092,0
2026-02-09 22:35:21.080,0.05741049349308014,0,0.049679935723543164,0
2026-02-09 22:35:21.186,0.09029462933540344,0,0.05540313981473446,0
2026-02-09 22:35:21.293,0.07060953974723816,0,0.05560457371175289,0
2026-02-09 22:35:21.400,0.03554059937596321,0,0.05868332050740719,0
2026-02-09 22:35:21.506,0.03292757645249367,0,0.057535880245268345,0
2026-02-09 22:35:21.613,0.09510049968957901,0,0.05354405259713531,0
2026-02-09 22:35:21.720,0.053207747638225555,0,0.04875837722793221,0
2026-02-09 22:35:21.826,0.06674396246671677,0,0.03984716992126778,0
2026-02-09 22:35:21.933,0.02791195549070835,0,0.03314191546523944,0
2026-02-09 22:35:22.040,0.005693522281944752,0,0.03058012897381559,0
2026-02-09 22:35:22.146,0.009553739801049232,0,0.028245198971126227,0
2026-02-09 22:35:22.253,0.0011825562687590718,0,0.019418681936804204,0
2026-02-09 22:35:22.360,0.0035569951869547367,0,0.014806560624856501,0
2026-02-09 22:35:22.466,0.009922734461724758,0,0.008469094533938914,0
2026-02-09 22:35:22.573,0.009578276425600052,0,0.005922647833358496,0
2026-02-09 22:35:22.680,0.006835329346358776,0,0.005770010210108012,0
2026-02-09 22:35:22.786,0.007086534518748522,0,0.005811495601665229,0
2026-02-09 22:35:22.893,0.0033693015575408936,0,0.006080525135621429,0
2026-02-09 22:35:23.000,0.00244748848490417,0,0.0068293409422039986,0
2026-02-09 22:35:23.106,0.004167146049439907,0,0.006570246070623398,0
2026-02-09 22:35:23.213,0.009968593716621399,0,0.0063138151541352276,0
2026-02-09 22:35:23.320,0.0038728516083210707,0,0.006781044602394104,0
2026-02-09 22:35:23.426,0.011045153252780437,0,0.007741812197491526,0
2026-02-09 22:35:23.533,0.007331785745918751,0,0.00974526940844953,0
2026-02-09 22:35:23.640,0.007013967260718346,0,0.011825029249303043,0
2026-02-09 22:35:23.746,0.011507623828947544,0,0.013899990147911013,0
2026-02-09 22:35:23.853,0.016694210469722748,0,0.016291915602050722,0
2026-02-09 22:35:23.960,0.023403873667120934,0,0.018496457580477,0
2026-02-09 22:35:24.066,0.023245086893439293,0,0.01906636171042919,0
2026-02-09 22:35:24.173,0.0249167550355196,0,0.019742892030626534,0
2026-02-09 22:35:24.280,0.033887848258018494,0,0.02626445023342967,0
2026-02-09 22:35:24.386,0.025918271392583847,0,0.032691549696028235,0
2026-02-09 22:35:24.493,0.01674419455230236,0,0.03946501258760691,0
2026-02-09 22:35:24.600,0.014097088947892189,0,0.06324564851820469,0
2026-02-09 22:35:24.706,0.0722295492887497,0,0.06850273292511702,0
2026-02-09 22:35:24.813,0.07577861845493317,0,0.07073633149266242,0
2026-02-09 22:35:24.920,0.08442883938550949,0,0.07099309228360653,0
2026-02-09 22:35:25.026,0.26121023297309875,0,0.06963742375373841,0
2026-02-09 22:35:25.133,0.07581593096256256,0,0.06913581462576986,0
2026-02-09 22:35:25.240,0.04725274071097374,0,0.06968097491189837,0
2026-02-09 22:35:25.346,0.03645545616745949,0,0.06399392811581492,0
2026-02-09 22:35:25.453,0.012361586093902588,0,0.05707600340247154,0
2026-02-09 22:35:25.560,0.011728103272616863,0,0.04922278593294323,0
2026-02-09 22:35:25.666,0.0195486918091774,0,0.02418573838658631,0
2026-02-09 22:35:25.773,0.015359081327915192,0,0.018783797742798924,0
2026-02-09 22:35:25.880,0.006599371321499348,0,0.016015136474743487,0
2026-02-09 22:35:25.986,0.0058966646902263165,0,0.01418667589314282,0
2026-02-09 22:35:26.093,0.01083975750952959,0,0.014847144158557058,0
2026-02-09 22:35:26.200,0.02179652452468872,0,0.01833413145504892,0
2026-02-09 22:35:26.306,0.01956612803041935,0,0.017261926596984268,0
2026-02-09 22:35:26.413,0.018170850351452827,0,0.016769863804802297,0
2026-02-09 22:35:26.520,0.018966268748044968,0,0.01781411492265761,0
2026-02-09 22:35:26.626,0.04659797623753548,0,0.01836724951863289,0
2026-02-09 22:35:26.733,0.008826643228530884,0,0.02221641791984439,0
2026-02-09 22:35:26.840,0.010438453406095505,0,0.0301184612326324,0
2026-02-09 22:35:26.946,0.017041882500052452,0,0.0459347122348845,0
2026-02-09 22:35:27.053,0.011428010649979115,0,0.06230733310803771,0
2026-02-09 22:35:27.160,0.04933144152164459,0,0.09255579216405749,0
2026-02-09 22:35:27.266,0.10081695765256882,0,0.1139355710707605,0
2026-02-09 22:35:27.373,0.17772863805294037,0,0.13635912602767347,0
2026-02-09 22:35:27.480,0.18189705908298492,0,0.16056883288547397,0
2026-02-09 22:35:27.586,0.3214508593082428,0,0.17572828279808164,0
2026-02-09 22:35:27.693,0.26039576530456543,0,0.1963861756026745,0
2026-02-09 22:35:27.800,0.23306219279766083,0,0.2646138943731785,0
2026-02-09 22:35:27.906,0.25253552198410034,0,0.29958472698926925,0
2026-02-09 22:35:28.013,0.16863638162612915,0,0.31215403974056244,0
2026-02-09 22:35:28.120,0.2180069386959076,0,0.3109875351190567,0
2026-02-09 22:35:28.226,0.7316086292266846,1,0.2869921147823334,0
2026-02-09 22:35:28.333,0.45052528381347656,0,0.2831913664937019,0
2026-02-09 22:35:28.440,0.3034217655658722,0,0.28164262473583224,0
2026-02-09 22:35:28.546,0.17023201286792755,0,0.2677204981446266,0
2026-02-09 22:35:28.653,0.08149665594100952,0,0.25806702449917795,0
2026-02-09 22:35:28.760,0.22238828241825104,0,0.24037171863019466,0
2026-02-09 22:35:28.866,0.21757477521896362,0,0.16968548633158206,0
2026-02-09 22:35:28.973,0.11331425607204437,0,0.12674309704452752,0
2026-02-09 22:35:29.080,0.0721016451716423,0,0.0991830725222826,0
2026-02-09 22:35:29.186,0.041053880006074905,0,0.08443399630486965,0
2026-02-09 22:35:29.293,0.024746306240558624,0,0.07892883699387312,0
2026-02-09 22:35:29.400,0.021101390942931175,0,0.06927130948752165,0
2026-02-09 22:35:29.506,0.02782152034342289,0,0.051750984601676465,0
2026-02-09 22:35:29.613,0.022741250693798065,0,0.043474373035132886,0
2026-02-09 22:35:29.720,0.026445062831044197,0,0.03907254673540592,0
2026-02-09 22:35:29.826,0.12581300735473633,0,0.03564610369503498,0
2026-02-09 22:35:29.933,0.04237152636051178,0,0.034438687935471536,0
2026-02-09 22:35:30.040,0.03054814040660858,0,0.03363335719332099,0
2026-02-09 22:35:30.146,0.028083382174372673,0,0.0322495112195611,0
2026-02-09 22:35:30.253,0.006789449602365494,0,0.03136634128168225,0
2026-02-09 22:35:30.360,0.012672148644924164,0,0.030440376978367566,0
2026-02-09 22:35:30.466,0.013048083521425724,0,0.019207781832665204,0
2026-02-09 22:35:30.573,0.013983060605823994,0,0.015818032901734114,0
2026-02-09 22:35:30.680,0.013909551315009594,0,0.01566223381087184,0
2026-02-09 22:35:30.786,0.01718541979789734,0,0.015478991810232401,0
2026-02-09 22:35:30.893,0.013487055897712708,0,0.01928654732182622,0
2026-02-09 22:35:31.000,0.008474037051200867,0,0.025728238839656116,0
2026-02-09 22:35:31.106,0.02899014949798584,0,0.02789624035358429,0
2026-02-09 22:35:31.213,0.026250962167978287,0,0.030749600287526845,0
2026-02-09 22:35:31.320,0.04486500471830368,0,0.030158321373164654,0
2026-02-09 22:35:31.426,0.07708906382322311,0,0.028925765492022037,0
2026-02-09 22:35:31.533,0.034728098660707474,0,0.028410100284963845,0
2026-02-09 22:35:31.640,0.04251665994524956,0,0.02869382072240114,0
2026-02-09 22:35:31.746,0.007996762171387672,0,0.026737781055271626,0
2026-02-09 22:35:31.853,0.004859860986471176,0,0.024841475347056986,0
2026-02-09 22:35:31.960,0.008330403827130795,0,0.02090083477087319,0
2026-02-09 22:35:32.066,0.011311241425573826,0,0.013666850794106723,0
2026-02-09 22:35:32.173,0.009429752826690674,0,0.010701076220721006,0
2026-02-09 22:35:32.280,0.007287905085831881,0,0.007393390592187643,0
2026-02-09 22:35:32.386,0.005458598956465721,0,0.008386716339737177,0
2026-02-09 22:35:32.493,0.004749224055558443,0,0.012621976528316736,0
2026-02-09 22:35:32.600,0.005070352926850319,0,0.015622344426810741,0
2026-02-09 22:35:32.706,0.009439803659915924,0,0.017370521370321513,0
2026-02-09 22:35:32.813,0.01793001964688301,0,0.01858130106702447,0
2026-02-09 22:35:32.920,0.04721246287226677,0,0.02015178264118731,0
2026-02-09 22:35:33.026,0.03833408281207085,0,0.021876641595736147,0
2026-02-09 22:35:33.133,0.028793010860681534,0,0.03333780560642481,0
2026-02-09 22:35:33.240,0.021537549793720245,0,0.043388362228870395,0
2026-02-09 22:35:33.346,0.02299272082746029,0,0.05093778744339943,0
2026-02-09 22:35:33.453,0.02270718850195408,0,0.06051559783518314,0
2026-02-09 22:35:33.560,0.11936086416244507,0,0.07242501899600029,0
2026-02-09 22:35:33.666,0.10557591915130615,0,0.0737925548106432,0
2026-02-09 22:35:33.773,0.0849340558052063,0,0.07315041702240706,0
2026-02-09 22:35:33.880,0.11370812356472015,0,0.0824266267940402,0
2026-02-09 22:35:33.986,0.16630667448043823,0,0.08782104849815368,0
2026-02-09 22:35:34.093,0.05200944095849991,0,0.09395458679646254,0
2026-02-09 22:35:34.200,0.022371632978320122,0,0.08372901752591133,0
2026-02-09 22:35:34.306,0.11429964751005173,0,0.07440462494269014,0
2026-02-09 22:35:34.413,0.07693693786859512,0,0.06783262500539422,0
2026-02-09 22:35:34.520,0.08404257148504257,0,0.05835365513339639,0
2026-02-09 22:35:34.626,0.01710517145693302,0,0.05138706872239709,0
2026-02-09 22:35:34.733,0.012331993319094181,0,0.055012799147516486,0
2026-02-09 22:35:34.840,0.019214056432247162,0,0.06927431179210544,0
2026-02-09 22:35:34.946,0.01891842484474182,0,0.07836131481453776,0
2026-02-09 22:35:35.053,0.09664081037044525,0,0.08084404794499278,0
2026-02-09 22:35:35.160,0.08826674520969391,0,0.07951414017006755,0
2026-02-09 22:35:35.266,0.1649867594242096,0,0.07865193709731103,0
2026-02-09 22:35:35.373,0.205169677734375,0,0.07886042073369026,0
2026-02-09 22:35:35.480,0.1017642691731453,0,0.08001834135502577,0
2026-02-09 22:35:35.586,0.07074349373579025,0,0.08364190775901079,0
2026-02-09 22:35:35.693,0.008483140729367733,0,0.10370576251298189,0
2026-02-09 22:35:35.800,0.0144168296828866,0,0.0992804056033492,0
2026-02-09 22:35:35.906,0.030793262645602226,0,0.08680504988878965,0
2026-02-09 22:35:36.013,0.055154088884592056,0,0.06776788616552949,0
2026-02-09 22:35:36.120,0.29727935791015625,0,0.0587879478931427,0
2026-02-09 22:35:36.226,0.04401317611336708,0,0.05456136204302311,0
2026-02-09 22:35:36.333,0.040233202278614044,0,0.05651431037113071,0
2026-02-09 22:35:36.440,0.014798040501773357,0,0.05779163334518671,0
2026-02-09 22:35:36.546,0.011964886449277401,0,0.057786698639392856,0
2026-02-09 22:35:36.653,0.028477635234594345,0,0.05455593094229698,0
2026-02-09 22:35:36.760,0.028012624010443687,0,0.0268635168671608,0
2026-02-09 22:35:36.866,0.027190059423446655,0,0.02381770946085453,0
2026-02-09 22:35:36.973,0.03074391558766365,0,0.022125858068466186,0
2026-02-09 22:35:37.080,0.022846411913633347,0,0.02387898014858365,0
2026-02-09 22:35:37.186,0.020355217158794403,0,0.02839436586946249,0
2026-02-09 22:35:37.293,0.013555102050304413,0,0.07055716011673212,0
2026-02-09 22:35:37.400,0.023314688354730606,0,0.07434392087161541,0
2026-02-09 22:35:37.506,0.032329261302948,0,0.07578860484063625,0
2026-02-09 22:35:37.613,0.057118743658065796,0,0.07526531051844358,0
2026-02-09 22:35:37.720,0.45010557770729065,0,0.07382280714809894,0
2026-02-09 22:35:37.826,0.06588023155927658,0,0.07251726156100631,0
2026-02-09 22:35:37.933,0.04163689911365509,0,0.07178413392975927,0
2026-02-09 22:35:38.040,0.02551097236573696,0,0.06988362907432019,0
2026-02-09 22:35:38.146,0.008421378210186958,0,0.06729954769834876,0
2026-02-09 22:35:38.253,0.007299761287868023,0,0.06231991276144981,0
2026-02-09 22:35:38.360,0.006223825737833977,0,0.018282356951385737,0
2026-02-09 22:35:38.466,0.004309639800339937,0,0.012062078947201372,0
2026-02-09 22:35:38.573,0.006488447543233633,0,0.008326210500672459,0
2026-02-09 22:35:38.680,0.007322394289076328,0,0.006085504498332739,0
2026-02-09 22:35:38.786,0.009730019606649876,0,0.0056621220894157885,0
2026-02-09 22:35:38.893,0.003677451517432928,0,0.010963665880262851,0
2026-02-09 22:35:39.000,0.004278214648365974,0,0.01246773861348629,0
2026-02-09 22:35:39.106,0.003103912342339754,0,0.015428464813157915,0
2026-02-09 22:35:39.213,0.004187554121017456,0,0.017406489141285418,0
2026-02-09 22:35:39.320,0.060315199196338654,0,0.021791782323271038,0
2026-02-09 22:35:39.426,0.02126455307006836,0,0.03507617712020874,0
2026-02-09 22:35:39.533,0.0339169017970562,0,0.04891447932459414,0
2026-02-09 22:35:39.640,0.026268690824508667,0,0.0522340860683471,0
2026-02-09 22:35:39.746,0.051175326108932495,0,0.05390171408653259,0
2026-02-09 22:35:39.853,0.14257396757602692,0,0.055312919430434704,0
2026-02-09 22:35:39.960,0.14206047356128693,0,0.051153813302516934,0
2026-02-09 22:35:40.066,0.03747428208589554,0,0.051978744380176065,0
2026-02-09 22:35:40.173,0.019780192524194717,0,0.06328651774674654,0
2026-02-09 22:35:40.280,0.018299607560038567,0,0.08195548970252275,0
2026-02-09 22:35:40.386,0.018724137917160988,0,0.10683331210166216,0
2026-02-09 22:35:40.493,0.02951386384665966,0,0.16081328559666871,0
2026-02-09 22:35:40.600,0.14699463546276093,0,0.1818844946101308,0
2026-02-09 22:35:40.706,0.2129584103822708,0,0.20074645522981882,0
2026-02-09 22:35:40.813,0.29995355010032654,0,0.21377469804137944,0
2026-02-09 22:35:40.920,0.6823737025260925,1,0.21952176466584206,0
2026-02-09 22:35:41.026,0.3527725636959076,0,0.23080426286906003,0
2026-02-09 22:35:41.133,0.22609388828277588,0,0.2407259851694107,0
2026-02-09 22:35:41.240,0.15006262063980103,0,0.23483534529805183,0
2026-02-09 22:35:41.346,0.07577027380466461,0,0.22419936433434487,0
2026-02-09 22:35:41.453,0.13154911994934082,0,0.20381560921669006,0
2026-02-09 22:35:41.560,0.12873108685016632,0,0.14735543578863144,0
2026-02-09 22:35:41.666,0.08808823674917221,0,0.12825526297092438,0
2026-02-09 22:35:41.773,0.10659860074520111,0,0.12287414222955703,0
2026-02-09 22:35:41.880,0.09611599892377853,0,0.12343490570783615,0
2026-02-09 22:35:41.986,0.11777196824550629,0,0.14209482669830323,0
2026-02-09 22:35:42.093,0.16177083551883698,0,0.19236892461776733,0
2026-02-09 22:35:42.200,0.17228268086910248,0,0.22321858257055283,0
2026-02-09 22:35:42.306,0.15567025542259216,0,0.24528781399130822,0
2026-02-09 22:35:42.413,0.2623694837093353,0,0.2627488262951374,0
2026-02-09 22:35:42.520,0.6342900991439819,1,0.266499000787735,0
2026-02-09 22:35:42.626,0.43722766637802124,0,0.26839460134506227,0
2026-02-09 22:35:42.733,0.3087805509567261,0,0.2683369293808937,0
2026-02-09 22:35:42.840,0.28120872378349304,0,0.2592414848506451,0
2026-02-09 22:35:42.946,0.13361774384975433,0,0.2493778932839632,0
2026-02-09 22:35:43.053,0.136727973818779,0,0.2315480712801218,0
2026-02-09 22:35:43.160,0.1611941158771515,0,0.18011324815452098,0
2026-02-09 22:35:43.266,0.08132823556661606,0,0.1478252846747637,0
2026-02-09 22:35:43.373,0.057034339755773544,0,0.13884456343948842,0
2026-02-09 22:35:43.480,0.08407126367092133,0,0.11895123161375523,0
2026-02-09 22:35:43.586,0.11994186788797379,0,0.12107815779745579,0
2026-02-09 22:35:43.693,0.11434803158044815,0,0.13519891388714314,0
2026-02-09 22:35:43.800,0.2189733386039734,0,0.1305911850184202,0
2026-02-09 22:35:43.906,0.0822754055261612,0,0.14164647050201892,0
2026-02-09 22:35:44.013,0.15488700568675995,0,0.1384964333847165,0
2026-02-09 22:35:44.120,0.27793553471565247,0,0.13151502087712288,0
2026-02-09 22:35:44.226,0.11511682718992233,0,0.1212412828579545,0
2026-02-09 22:35:44.333,0.19188109040260315,0,0.11180146597325802,0
2026-02-09 22:35:44.440,0.025533968582749367,0,0.09212832953780889,0
2026-02-09 22:35:44.546,0.014257138594985008,0,0.08514039218425751,0
2026-02-09 22:35:44.653,0.017204487696290016,0,0.07056312896311283,0
2026-02-09 22:35:44.760,0.019949862733483315,0,0.043158896663226184,0
2026-02-09 22:35:44.866,0.022241974249482155,0,0.03197825727984309,0
2026-02-09 22:35:44.973,0.012396031990647316,0,0.01416007112711668,0
2026-02-09 22:35:45.080,0.009114373475313187,0,0.012545025534927845,0
2026-02-09 22:35:45.186,0.003893211716786027,0,0.015219345688819885,0
2026-02-09 22:35:45.293,0.00331043335609138,0,0.015934701077640057,0
2026-02-09 22:35:45.400,0.013699228875339031,0,0.015617124736309052,0
2026-02-09 22:35:45.506,0.009383512660861015,0,0.01657355446368456,0
2026-02-09 22:35:45.613,0.04100034013390541,0,0.016604541335254908,0
2026-02-09 22:35:45.720,0.02435804158449173,0,0.01754627926275134,0
2026-02-09 22:35:45.826,0.016774099320173264,0,0.019159589963965117,0
2026-02-09 22:35:45.933,0.03180627152323723,0,0.02001157822087407,0
2026-02-09 22:35:46.040,0.012705900706350803,0,0.01946197608485818,0
2026-02-09 22:35:46.146,0.01853175275027752,0,0.019163263123482467,0
2026-02-09 22:35:46.253,0.020026318728923798,0,0.01573634622618556,0
2026-02-09 22:35:46.360,0.011830315925180912,0,0.014128897711634636,0
2026-02-09 22:35:46.466,0.008203207515180111,0,0.013957621157169342,0
2026-02-09 22:35:46.573,0.006396383047103882,0,0.011958195269107819,0
2026-02-09 22:35:46.680,0.006731171160936356,0,0.012677877489477397,0
2026-02-09 22:35:46.786,0.008283556438982487,0,0.021220465283840896,0
2026-02-09 22:35:46.893,0.015061333775520325,0,0.02061982322484255,0
2026-02-09 22:35:47.000,0.011812012642621994,0,0.02035508267581463,0
2026-02-09 22:35:47.106,0.019902722910046577,0,0.020465585961937906,0
2026-02-09 22:35:47.213,0.1039576306939125,0,0.020313049852848052,0
2026-02-09 22:35:47.320,0.014019898138940334,0,0.020368882548063995,0
2026-02-09 22:35:47.426,0.009182910434901714,0,0.02046901285648346,0
2026-02-09 22:35:47.533,0.009308240376412868,0,0.020192925725132226,0
2026-02-09 22:35:47.640,0.004871021956205368,0,0.019750215485692023,0
2026-02-09 22:35:47.746,0.00728949811309576,0,0.01839089337736368,0
2026-02-09 22:35:47.853,0.009284859523177147,0,0.008841923344880343,0
2026-02-09 22:35:47.960,0.012300462462008,0,0.007911945134401322,0
2026-02-09 22:35:48.066,0.007384910248219967,0,0.008439594693481923,0
2026-02-09 22:35:48.173,0.006309501826763153,0,0.008817968145012855,0
2026-02-09 22:35:48.280,0.008467930369079113,0,0.01156971901655197,0
2026-02-09 22:35:48.386,0.004720116034150124,0,0.03995574275031686,0
2026-02-09 22:35:48.493,0.014459406025707722,0,0.04289090288802981,0
2026-02-09 22:35:48.600,0.013091974891722202,0,0.04370394591242075,0
2026-02-09 22:35:48.706,0.03238853067159653,0,0.04531610431149602,0
2026-02-09 22:35:48.813,0.29114973545074463,0,0.04598783813416958,0
2026-02-09 22:35:48.920,0.0386364609003067,0,0.05042544798925519,0
2026-02-09 22:35:49.026,0.02043089270591736,0,0.056114464160054923,0
2026-02-09 22:35:49.133,0.023506494238972664,0,0.05924824643880129,0
2026-02-09 22:35:49.240,0.013026840053498745,0,0.06603255057707429,0
2026-02-09 22:35:49.346,0.052844028919935226,0,0.07148429462686182,0
2026-02-09 22:35:49.453,0.061610277742147446,0,0.05222385907545686,0
2026-02-09 22:35:49.560,0.04579722881317139,0,0.049699470214545724,0
2026-02-09 22:35:49.666,0.08093501627445221,0,0.049567886628210545,0
2026-02-09 22:35:49.773,0.08690597116947174,0,0.04937790650874376,0
2026-02-09 22:35:49.880,0.0985453799366951,0,0.05324831223115325,0
2026-02-09 22:35:49.986,0.013392572291195393,0,0.07374345166608691,0
2026-02-09 22:35:50.093,0.019115056842565536,0,0.0691732914187014,0
2026-02-09 22:35:50.200,0.021606693044304848,0,0.06599424062296748,0
2026-02-09 22:35:50.306,0.05173089727759361,0,0.05913927853107452,0
2026-02-09 22:35:50.413,0.25779542326927185,0,0.051125041535124184,0
2026-02-09 22:35:50.520,0.015908675268292427,0,0.04189866753295064,0
2026-02-09 22:35:50.626,0.0140067208558321,0,0.041163689782842995,0
2026-02-09 22:35:50.733,0.012385395355522633,0,0.03977933917194605,0
2026-02-09 22:35:50.840,0.0067636012099683285,0,0.039152543526142836,0
2026-02-09 22:35:50.946,0.006281639914959669,0,0.04257614156231284,0
2026-02-09 22:35:51.053,0.006042794790118933,0,0.023779086675494908,0
2026-02-09 22:35:51.160,0.0052715507335960865,0,0.029845202434808017,0
2026-02-09 22:35:51.266,0.015338736586272717,0,0.04581051198765636,0
2026-02-09 22:35:51.373,0.08596687763929367,0,0.06685054805129767,0
2026-02-09 22:35:51.480,0.06982487440109253,0,0.10741060045547783,0
2026-02-09 22:35:51.586,0.07656983286142349,0,0.1966674209572375,0
2026-02-09 22:35:51.693,0.1736598163843155,0,0.2297757043968886,0
2026-02-09 22:35:51.800,0.22278575599193573,0,0.2550437766127288,0
2026-02-09 22:35:51.906,0.41236412525177,0,0.2770271360874176,0
2026-02-09 22:35:52.013,0.8988498449325562,1,0.29159190878272057,0
2026-02-09 22:35:52.120,0.33712562918663025,0,0.3214034400880337,0
2026-02-09 22:35:52.226,0.2579522728919983,0,0.3696966990828514,0
2026-02-09 22:35:52.333,0.2351723313331604,0,0.41095158755779265,0
2026-02-09 22:35:52.440,0.2316146045923233,0,0.45395054668188095,0
2026-02-09 22:35:52.546,0.36794018745422363,0,0.4725860938429832,0
2026-02-09 22:35:52.653,0.5595024228096008,1,0.4483179673552513,0
2026-02-09 22:35:52.760,0.586208701133728,1,0.4678041055798531,0
2026-02-09 22:35:52.866,0.6527753472328186,1,0.5120459392666816,1
2026-02-09 22:35:52.973,0.598719596862793,1,0.5654641523957252,1
2026-02-09 22:35:53.080,0.6561685800552368,1,0.6151656746864319,1
2026-02-09 22:35:53.186,0.5319870114326477,1,0.6691588401794434,1
2026-02-09 22:35:53.293,0.7003706097602844,1,0.6962266087532043,1
2026-02-09 22:35:53.400,0.7693544626235962,1,0.7223142683506012,1
2026-02-09 22:35:53.506,0.7286298274993896,1,0.7399512708187104,1
2026-02-09 22:35:53.613,0.9078718423843384,1,0.7422384262084961,1
2026-02-09 22:35:53.720,0.8301801085472107,1,0.7319121479988098,1
2026-02-09 22:35:53.826,0.8470852971076965,1,0.7263541698455811,1
2026-02-09 22:35:53.933,0.8291453719139099,1,0.710791951417923,1
2026-02-09 22:35:54.040,0.6215911507606506,1,0.6929926633834839,1
2026-02-09 22:35:54.146,0.552905797958374,1,0.658717331290245,1
2026-02-09 22:35:54.253,0.4764072299003601,0,0.5927009180188179,1
2026-02-09 22:35:54.360,0.5447484254837036,1,0.5682584658265114,1
2026-02-09 22:35:54.466,0.5913615822792053,1,0.5719797447323799,1
2026-02-09 22:35:54.573,0.38587650656700134,0,0.5793612912297249,1
2026-02-09 22:35:54.680,0.24770770967006683,0,0.6057934656739234,1
2026-02-09 22:35:54.786,0.5857555866241455,1,0.647298677265644,1
2026-02-09 22:35:54.893,0.8842980861663818,1,0.6684167519211769,1
2026-02-09 22:35:55.000,0.9029608368873596,1,0.6759003892540931,1
2026-02-09 22:35:55.106,0.8859128952026367,1,0.673019041121006,1
2026-02-09 22:35:55.213,0.9679579138755798,1,0.6488264858722687,1
2026-02-09 22:35:55.320,0.6875879764556885,1,0.639548833668232,1
2026-02-09 22:35:55.426,0.6195847988128662,1,0.5996037781238556,1
2026-02-09 22:35:55.533,0.5625481009483337,1,0.5227193981409073,1
2026-02-09 22:35:55.640,0.143950954079628,0,0.43596182875335215,0
2026-02-09 22:35:55.746,0.1549311876296997,0,0.34944211076945064,0
2026-02-09 22:35:55.853,0.18630503118038177,0,0.2540607559494674,0
2026-02-09 22:35:55.960,0.1154542863368988,0,0.18572185458615423,0
2026-02-09 22:35:56.066,0.035385143011808395,0,0.1241168603533879,0
2026-02-09 22:35:56.173,0.02071571536362171,0,0.06807461867574602,0
2026-02-09 22:35:56.280,0.014144365675747395,0,0.05389798879623413,0
2026-02-09 22:35:56.386,0.004198962822556496,0,0.03938136082142592,0
2026-02-09 22:35:56.493,0.0035348564852029085,0,0.02104543037712574,0
2026-02-09 22:35:56.600,0.0021256841719150543,0,0.009849992999807,0
2026-02-09 22:35:56.706,0.0021846552845090628,0,0.006714978395029903,0
2026-02-09 22:35:56.813,0.009764907881617546,0,0.005273923091590404,0
2026-02-09 22:35:56.920,0.0029457267373800278,0,0.005970061104744673,0
2026-02-09 22:35:57.026,0.003499912563711405,0,0.006816092319786549,0
2026-02-09 22:35:57.133,0.004034996964037418,0,0.007357479515485465,0
2026-02-09 22:35:57.240,0.006305162329226732,0,0.008002559910528362,0
2026-02-09 22:35:57.346,0.021105745807290077,0,0.008391689974814653,0
2026-02-09 22:35:57.453,0.012659274972975254,0,0.007769603771157563,0
2026-02-09 22:35:57.560,0.008948728442192078,0,0.007876787870191037,0
2026-02-09 22:35:57.666,0.008576488122344017,0,0.008516361960209906,0
2026-02-09 22:35:57.773,0.006075955927371979,0,0.008540845499373973,0
2026-02-09 22:35:57.880,0.0035440458450466394,0,0.009428737196139991,0
2026-02-09 22:35:57.986,0.004017567727714777,0,0.011761909420602023,0
2026-02-09 22:35:58.093,0.00989565346390009,0,0.01271730603184551,0
2026-02-09 22:35:58.200,0.0042798323556780815,0,0.016344830184243618,0
2026-02-09 22:35:58.306,0.015184079296886921,0,0.01707186920102686,0
2026-02-09 22:35:58.413,0.0444374680519104,0,0.02020882850047201,0
2026-02-09 22:35:58.520,0.022213241085410118,0,0.025438708951696754,0
2026-02-09 22:35:58.626,0.04522396996617317,0,0.028187388833612204,0
2026-02-09 22:35:58.733,0.01584687829017639,0,0.030471399985253812,0
2026-02-09 22:35:58.840,0.0374455489218235,0,0.03664645655080676,0
2026-02-09 22:35:58.946,0.05584285035729408,0,0.03998429533094168,0
2026-02-09 22:35:59.053,0.03150436654686928,0,0.03869554046541453,0
2026-02-09 22:35:59.160,0.03273576498031616,0,0.04358534030616283,0
2026-02-09 22:35:59.266,0.06603039801120758,0,0.049995767325162886,0
2026-02-09 22:35:59.373,0.048562467098236084,0,0.06254263743758201,0
2026-02-09 22:35:59.480,0.03154991939663887,0,0.08643540628254413,0
2026-02-09 22:35:59.586,0.07111123949289322,0,0.08570327460765839,0
2026-02-09 22:35:59.693,0.1093282401561737,0,0.08605376780033111,0
2026-02-09 22:35:59.800,0.14131557941436768,0,0.08844358772039414,0
2026-02-09 22:35:59.906,0.2763732373714447,0,0.08466559704393148,0
2026-02-09 22:36:00.013,0.048521533608436584,0,0.08735599871724845,0
2026-02-09 22:36:00.120,0.03500929847359657,0,0.09253584090620279,0
2026-02-09 22:36:00.226,0.05663396418094635,0,0.09052162822335959,0
2026-02-09 22:36:00.333,0.028250491246581078,0,0.08139839041978121,0
2026-02-09 22:36:00.440,0.07546648383140564,0,0.06875679958611727,0
2026-02-09 22:36:00.546,0.0833483412861824,0,0.042112952657043935,0
2026-02-09 22:36:00.653,0.050969112664461136,0,0.0375344849191606,0
2026-02-09 22:36:00.760,0.01809586212038994,0,0.03461689949035644,0
2026-02-09 22:36:00.866,0.014899671077728271,0,0.02959121293388307,0
2026-02-09 22:36:00.973,0.009934768080711365,0,0.027836497081443666,0
2026-02-09 22:36:01.080,0.0027368562296032906,0,0.026505935145542024,0
2026-02-09 22:36:01.186,0.005833444185554981,0,0.01924140644259751,0
2026-02-09 22:36:01.293,0.006377098616212606,0,0.01491150064393878,0
2026-02-09 22:36:01.400,0.010703332722187042,0,0.014046313427388667,0
2026-02-09 22:36:01.506,0.06216086447238922,0,0.013254137616604567,0
2026-02-09 22:36:01.613,0.010703054256737232,0,0.01344584496691823,0
2026-02-09 22:36:01.720,0.00767005467787385,0,0.01436226787045598,0
2026-02-09 22:36:01.826,0.00944398995488882,0,0.014939977787435055,0
2026-02-09 22:36:01.933,0.006977912969887257,0,0.015479444107040764,0
2026-02-09 22:36:02.040,0.011851841583848,0,0.015351250907406211,0
2026-02-09 22:36:02.146,0.011901085264980793,0,0.010710568306967616,0
2026-02-09 22:36:02.253,0.011610543355345726,0,0.010944970278069377,0
2026-02-09 22:36:02.360,0.011771761812269688,0,0.013253995496779681,0
2026-02-09 22:36:02.466,0.009421400725841522,0,0.01619712691754103,0
2026-02-09 22:36:02.573,0.015754038468003273,0,0.021771918330341578,0
2026-02-09 22:36:02.680,0.01304707396775484,0,0.050536700244992974,0
2026-02-09 22:36:02.786,0.030760306864976883,0,0.0542990842834115,0
2026-02-09 22:36:02.893,0.03887530416250229,0,0.055783368088304995,0
2026-02-09 22:36:03.000,0.06272582709789276,0,0.056575873587280515,0
2026-02-09 22:36:03.106,0.29949966073036194,0,0.056146815745159985,0
2026-02-09 22:36:03.213,0.04952492564916611,0,0.0553940889891237,0
2026-02-09 22:36:03.320,0.026453381404280663,0,0.05482389540411532,0
2026-02-09 22:36:03.426,0.01969681680202484,0,0.0532369349617511,0
2026-02-09 22:36:03.533,0.00513082230463624,0,0.052238805079832674,0
2026-02-09 22:36:03.640,0.008226770907640457,0,0.048356021055951715,0
2026-02-09 22:36:03.746,0.007345138117671013,0,0.020655765617266297,0
2026-02-09 22:36:03.853,0.014890702441334724,0,0.01777161625213921,0
2026-02-09 22:36:03.960,0.028894005343317986,0,0.018889629701152443,0
2026-02-09 22:36:04.066,0.023897986859083176,0,0.020866120466962457,0
2026-02-09 22:36:04.173,0.022497106343507767,0,0.025518688187003136,0
2026-02-09 22:36:04.280,0.02068343199789524,0,0.04726608470082283,0
2026-02-09 22:36:04.386,0.037633515894412994,0,0.05223210249096155,0
2026-02-09 22:36:04.493,0.03946172446012497,0,0.054214943945407865,0
2026-02-09 22:36:04.600,0.05165649950504303,0,0.05704489331692457,0
2026-02-09 22:36:04.706,0.2257007360458374,0,0.058443293534219266,0
2026-02-09 22:36:04.813,0.05700531601905823,0,0.06698533240705729,0
2026-02-09 22:36:04.920,0.03471911698579788,0,0.07084120400249957,0
2026-02-09 22:36:05.026,0.05719349905848503,0,0.07640316225588321,0
2026-02-09 22:36:05.133,0.037881989032030106,0,0.07896692343056202,0
2026-02-09 22:36:05.240,0.10791749507188797,0,0.07908368147909642,0
2026-02-09 22:36:05.346,0.05924214795231819,0,0.059209842793643476,0
2026-02-09 22:36:05.453,0.09325309842824936,0,0.0550045408308506,0
2026-02-09 22:36:05.560,0.065099336206913,0,0.05283911479637027,0
2026-02-09 22:36:05.666,0.05282407999038696,0,0.04814069448038936,0
2026-02-09 22:36:05.773,0.02696234919130802,0,0.045778896380215886,0
2026-02-09 22:36:05.880,0.014952296391129494,0,0.03619474014267325,0
2026-02-09 22:36:05.986,0.013064856640994549,0,0.030691427132114767,0
2026-02-09 22:36:06.093,0.010209295898675919,0,0.022168129170313477,0
2026-02-09 22:36:06.200,0.014264008030295372,0,0.01629383685067296,0
2026-02-09 22:36:06.306,0.012075932696461678,0,0.011578146275132895,0
2026-02-09 22:36:06.413,0.004209017846733332,0,0.014015061873942613,0
2026-02-09 22:36:06.520,0.008020118810236454,0,0.02054552910849452,0
2026-02-09 22:36:06.626,0.006356413010507822,0,0.029132936149835587,0
2026-02-09 22:36:06.733,0.005667174234986305,0,0.042056870833039287,0
2026-02-09 22:36:06.840,0.05133150517940521,0,0.05264493431895971,0
2026-02-09 22:36:06.946,0.08025696873664856,0,0.05552519075572491,0
2026-02-09 22:36:07.053,0.09893892705440521,0,0.05532992947846651,0
2026-02-09 22:36:07.160,0.1394486427307129,0,0.05459722078521736,0
2026-02-09 22:36:07.266,0.12014464288949966,0,0.05401526862406172,0
2026-02-09 22:36:07.373,0.04087849706411362,0,0.05353959540952928,0
2026-02-09 22:36:07.480,0.00225640507414937,0,0.04894636662793346,0
2026-02-09 22:36:07.586,0.0006930318777449429,0,0.04107754293945618,0
2026-02-09 22:36:07.693,0.0005368913989514112,0,0.03126760138547979,0
2026-02-09 22:36:07.800,0.0009104420896619558,0,0.017979328375076875,0
2026-02-09 22:36:07.906,0.005399217363446951,0,0.008372807543491945,0
2026-02-09 22:36:08.013,0.001568731851875782,0,0.007043244357919321,0
2026-02-09 22:36:08.120,0.0008395115146413445,0,0.009576731355627999,0
2026-02-09 22:36:08.226,0.006565912626683712,0,0.012170627398882061,0
2026-02-09 22:36:08.333,0.02407943457365036,0,0.015515088464599102,0
2026-02-09 22:36:08.440,0.027582865208387375,0,0.024226051394362003,0
2026-02-09 22:36:08.546,0.027591275051236153,0,0.02570380406687036,0
2026-02-09 22:36:08.653,0.026631992310285568,0,0.027221424656454475,0
2026-02-09 22:36:08.760,0.033981502056121826,0,0.03434133632108569,0
2026-02-09 22:36:08.866,0.08802007138729095,0,0.03629495967179537,0
2026-02-09 22:36:08.973,0.02017674408853054,0,0.04065916780382395,0
2026-02-09 22:36:09.080,0.016744937747716904,0,0.06223642509430647,0
2026-02-09 22:36:09.186,0.07203862816095352,0,0.06482750028371811,0
2026-02-09 22:36:09.293,0.02610214613378048,0,0.07078521884977818,0
2026-02-09 22:36:09.400,0.06772151589393616,0,0.08348575718700886,0
2026-02-09 22:36:09.506,0.24335543811321259,0,0.07981977127492428,0
2026-02-09 22:36:09.613,0.053502026945352554,0,0.08570690285414458,0
2026-02-09 22:36:09.720,0.08620917797088623,0,0.09330953303724528,0
2026-02-09 22:36:09.826,0.16098688542842865,0,0.0952255854383111,0
2026-02-09 22:36:09.933,0.05136021226644516,0,0.10915742106735707,0
2026-02-09 22:36:10.040,0.07904805988073349,0,0.1157682839781046,0
2026-02-09 22:36:10.146,0.09277123957872391,0,0.10524913407862187,0
2026-02-09 22:36:10.253,0.09119915217161179,0,0.12351634353399277,0
2026-02-09 22:36:10.360,0.1654205024242401,0,0.13198460191488265,0
2026-02-09 22:36:10.466,0.13383014500141144,0,0.12042468152940274,0
2026-02-09 22:36:10.573,0.13816393911838531,0,0.1507351104170084,0
2026-02-09 22:36:10.680,0.23617412149906158,0,0.1474684327840805,0
2026-02-09 22:36:10.786,0.17089176177978516,0,0.1401618355885148,0
2026-02-09 22:36:10.893,0.04538768157362938,0,0.1352989723905921,0
2026-02-09 22:36:11.000,0.35446450114250183,0,0.12069286238402128,0
2026-02-09 22:36:11.106,0.046381283551454544,0,0.10819550957530737,0
2026-02-09 22:36:11.213,0.019705267623066902,0,0.09523275084793567,0
2026-02-09 22:36:11.320,0.04257052019238472,0,0.07184098588768392,0
2026-02-09 22:36:11.426,0.019359402358531952,0,0.054940113332122564,0
2026-02-09 22:36:11.533,0.008856616914272308,0,0.05054784251842648,0
2026-02-09 22:36:11.640,0.008536351844668388,0,0.015250427147839219,0
2026-02-09 22:36:11.746,0.002256471896544099,0,0.010728043224662542,0
2026-02-09 22:36:11.853,0.0018830362241715193,0,0.008926292089745403,0
2026-02-09 22:36:11.960,0.0014649734366685152,0,0.004872929770499468,0
2026-02-09 22:36:12.066,0.0014903474366292357,0,0.003285576682537794,0
2026-02-09 22:36:12.173,0.0011574443196877837,0,0.004547231551259756,0
2026-02-09 22:36:12.280,0.001687756273895502,0,0.0043723709415644406,0
2026-02-09 22:36:12.386,0.002036896999925375,0,0.0051337862620130185,0
2026-02-09 22:36:12.493,0.0034858714789152145,0,0.007483347272500396,0
2026-02-09 22:36:12.600,0.021473165601491928,0,0.008697250788100064,0
2026-02-09 22:36:12.706,0.006787745747715235,0,0.010523188568186015,0
2026-02-09 22:36:12.813,0.009870625101029873,0,0.012622764753177761,0
2026-02-09 22:36:12.920,0.025378646329045296,0,0.015038451738655567,0
2026-02-09 22:36:13.026,0.013604008592665195,0,0.0202985015232116,0
2026-02-09 22:36:13.133,0.019749725237488747,0,0.025037763873115182,0
2026-02-09 22:36:13.240,0.022153206169605255,0,0.029304837668314578,0
2026-02-09 22:36:13.346,0.025844626128673553,0,0.039411673322319984,0
2026-02-09 22:36:13.453,0.05463739484548569,0,0.07013276489451528,0
2026-02-09 22:36:13.560,0.05087849497795105,0,0.11015955163165927,0
2026-02-09 22:36:13.666,0.06414390355348587,0,0.17232027966529131,0
2026-02-09 22:36:13.773,0.10785610228776932,0,0.2656451649963856,0
2026-02-09 22:36:13.880,0.3170815408229828,0,0.3490181028842926,0
2026-02-09 22:36:13.986,0.42564651370048523,0,0.4343453533947468,0
2026-02-09 22:36:14.093,0.6352112889289856,1,0.518391041457653,1
2026-02-09 22:36:14.200,0.9529985785484314,1,0.5806282594799995,1
2026-02-09 22:36:14.306,0.8558825850486755,1,0.6224660344421864,1
2026-02-09 22:36:14.413,0.8791171312332153,1,0.6640435039997101,1
2026-02-09 22:36:14.520,0.8950942754745483,1,0.6781783431768418,1
2026-02-09 22:36:14.626,0.673250675201416,1,0.6688146233558655,1
2026-02-09 22:36:14.733,0.482521653175354,0,0.6329089254140854,1
2026-02-09 22:36:14.840,0.5236307978630066,1,0.5584266692399978,1
2026-02-09 22:36:14.946,0.4584299325942993,0,0.48251260817050934,0
2026-02-09 22:36:15.053,0.33200931549072266,0,0.4073951289057732,0
2026-02-09 22:36:15.160,0.2761543095111847,0,0.3284439012408257,0
2026-02-09 22:36:15.266,0.20817601680755615,0,0.27835786938667295,0
2026-02-09 22:36:15.373,0.09674197435379028,0,0.2931624114513397,0
2026-02-09 22:36:15.480,0.12794233858585358,0,0.26001122146844863,0
2026-02-09 22:36:15.586,0.10558199882507324,0,0.22599787935614585,0
2026-02-09 22:36:15.693,0.17239035665988922,0,0.1988719582557678,0
2026-02-09 22:36:15.800,0.6305670738220215,1,0.17308258842676877,0
2026-02-09 22:36:15.906,0.19211889803409576,0,0.15389525443315505,0
2026-02-09 22:36:16.013,0.11829651147127151,0,0.14668138083070517,0
2026-02-09 22:36:16.120,0.06075010448694229,0,0.1357237996533513,0
2026-02-09 22:36:16.226,0.018260611221194267,0,0.12665066858753563,0
2026-02-09 22:36:16.333,0.016302676871418953,0,0.11109562208876014,0
2026-02-09 22:36:16.440,0.024603238329291344,0,0.05044613229110837,0
2026-02-09 22:36:16.546,0.018366526812314987,0,0.03279781648889184,0
2026-02-09 22:36:16.653,0.01485068816691637,0,0.024356303457170724,0
2026-02-09 22:36:16.760,0.0168398916721344,0,0.021056268457323314,0
2026-02-09 22:36:16.866,0.024072175845503807,0,0.02144565125927329,0
2026-02-09 22:36:16.973,0.015635740011930466,0,0.028750077355653048,0
2026-02-09 22:36:17.080,0.033881381154060364,0,0.030171417724341155,0
2026-02-09 22:36:17.186,0.02774975448846817,0,0.0310505454428494,0
2026-02-09 22:36:17.293,0.022154439240694046,0,0.03167688325047493,0
2026-02-09 22:36:17.400,0.08934693783521652,0,0.031109862588346006,0
2026-02-09 22:36:17.506,0.03881664201617241,0,0.030212455429136753,0
2026-02-09 22:36:17.613,0.027157803997397423,0,0.030051637999713422,0
2026-02-09 22:36:17.720,0.021114066243171692,0,0.028845245763659478,0
2026-02-09 22:36:17.826,0.011169685050845146,0,0.02842276431620121,0
2026-02-09 22:36:17.933,0.015098104253411293,0,0.029252667725086213,0
2026-02-09 22:36:18.040,0.014027565717697144,0,0.02405681386590004,0
2026-02-09 22:36:18.146,0.021817458793520927,0,0.024049725383520126,0
2026-02-09 22:36:18.253,0.023524940013885498,0,0.03739655036479235,0
2026-02-09 22:36:18.360,0.030453473329544067,0,0.05722556132823229,0
2026-02-09 22:36:18.466,0.0373883992433548,0,0.0915141124278307,0
2026-02-09 22:36:18.573,0.038745757192373276,0,0.1688454458490014,0
2026-02-09 22:36:18.680,0.16062605381011963,0,0.19588571283966302,0
2026-02-09 22:36:18.786,0.2194041758775711,0,0.21200981102883815,0
2026-02-09 22:36:18.893,0.3540551960468292,0,0.22981910817325116,0
2026-02-09 22:36:19.000,0.7884114384651184,1,0.23847768269479275,0
2026-02-09 22:36:19.106,0.28443023562431335,0,0.25704589299857616,0
2026-02-09 22:36:19.213,0.18305844068527222,0,0.27319924384355543,0
2026-02-09 22:36:19.320,0.20161791145801544,0,0.27282373160123824,0
2026-02-09 22:36:19.426,0.11703921854496002,0,0.26649665236473086,0
2026-02-09 22:36:19.533,0.22307050228118896,0,0.2538787811994553,0
2026-02-09 22:36:19.640,0.20027926564216614,0,0.19092965126037598,0
2026-02-09 22:36:19.746,0.15687093138694763,0,0.16831541173160075,0
2026-02-09 22:36:19.853,0.15613338351249695,0,0.16248990409076214,0
2026-02-09 22:36:19.960,0.2278764843940735,0,0.16411612890660762,0
2026-02-09 22:36:20.066,0.15892013907432556,0,0.1830569129437208,0
2026-02-09 22:36:20.173,0.0582878403365612,0,0.2253409307450056,0
2026-02-09 22:36:20.280,0.12480336427688599,0,0.22823822759091855,0
2026-02-09 22:36:20.386,0.21788015961647034,0,0.23281285874545574,0
2026-02-09 22:36:20.493,0.3064470589160919,0,0.23050919435918332,0
2026-02-09 22:36:20.600,0.6459106802940369,1,0.22392383478581906,0
2026-02-09 22:36:20.706,0.22925223410129547,0,0.22743134312331675,0
2026-02-09 22:36:20.813,0.20261724293231964,0,0.23842822164297103,0
2026-02-09 22:36:20.920,0.13309673964977264,0,0.2358113519847393,0
2026-02-09 22:36:21.026,0.1620228886604309,0,0.2168283313512802,0
2026-02-09 22:36:21.133,0.19399522244930267,0,0.18742994591593742,0
2026-02-09 22:36:21.240,0.16825662553310394,0,0.12311655085068196,0
2026-02-09 22:36:21.346,0.09863466769456863,0,0.10032774074934422,0
2026-02-09 22:36:21.453,0.028049953281879425,0,0.08045493601821363,0
2026-02-09 22:36:21.560,0.012463204562664032,0,0.06755096898414195,0
2026-02-09 22:36:21.666,0.002776729641482234,0,0.051940530491992834,0
2026-02-09 22:36:21.773,0.0013641330879181623,0,0.03298119879327714,0
2026-02-09 22:36:21.880,0.0038891956210136414,0,0.016250583645887672,0
2026-02-09 22:36:21.986,0.004057069309055805,0,0.006695671868510544,0
2026-02-09 22:36:22.093,0.005918503738939762,0,0.003934158984338865,0
2026-02-09 22:36:22.200,0.004401905462145805,0,0.002721344682504423,0
2026-02-09 22:36:22.306,0.0009504740592092276,0,0.002522729747579433,0
2026-02-09 22:36:22.413,0.003085549920797348,0,0.002519960983772762,0
2026-02-09 22:36:22.520,0.0004348244401626289,0,0.002234860710450448,0
2026-02-09 22:36:22.626,0.00033506154431961477,0,0.0019240260327933357,0
2026-02-09 22:36:22.733,0.0007905802922323346,0,0.0015228771459078415,0
2026-02-09 22:36:22.840,0.0013364454498514533,0,0.001450908844708465,0
2026-02-09 22:36:22.946,0.0010381928877905011,0,0.0020195170160150155,0
2026-02-09 22:36:23.053,0.0009487225324846804,0,0.004948001247248613,0
2026-02-09 22:36:23.160,0.0019070148700848222,0,0.0072903325461084025,0
2026-02-09 22:36:23.266,0.0036822224501520395,0,0.015084919711807743,0
2026-02-09 22:36:23.373,0.006636555772274733,0,0.02046838150708936,0
2026-02-09 22:36:23.480,0.032370392233133316,0,0.02551728445687331,0
2026-02-09 22:36:23.586,0.02385813742876053,0,0.029415892850374804,0
2026-02-09 22:36:23.693,0.07828093320131302,0,0.030993789003696294,0
2026-02-09 22:36:23.800,0.05462519824504852,0,0.03201978185679764,0
2026-02-09 22:36:23.906,0.051825474947690964,0,0.03231055987998843,0
2026-02-09 22:36:24.013,0.040024276822805405,0,0.03219090737402439,0
2026-02-09 22:36:24.120,0.016727684065699577,0,0.029586946265771984,0
2026-02-09 22:36:24.226,0.012166943401098251,0,0.028362332796677946,0
2026-02-09 22:36:24.333,0.006590002682060003,0,0.021300460584461688,0
2026-02-09 22:36:24.440,0.005440030712634325,0,0.01719158673658967,0
2026-02-09 22:36:24.546,0.006330781150609255,0,0.01634399900212884,0
2026-02-09 22:36:24.653,0.011612002737820148,0,0.0187293347902596,0
2026-02-09 22:36:24.760,0.007662211079150438,0,0.022965509723871947,0
2026-02-09 22:36:24.866,0.013536459766328335,0,0.049010203685611486,0
2026-02-09 22:36:24.973,0.04334959760308266,0,0.05075267530046403,0
2026-02-09 22:36:25.080,0.063877634704113,0,0.05118054449558258,0
2026-02-09 22:36:25.186,0.059089433401823044,0,0.05142850945703685,0
2026-02-09 22:36:25.293,0.27261388301849365,0,0.050595375383272766,0
2026-02-09 22:36:25.400,0.02401471883058548,0,0.05024689245037735,0
2026-02-09 22:36:25.506,0.00971872266381979,0,0.049398099165409805,0
2026-02-09 22:36:25.613,0.008810430765151978,0,0.04578220155090094,0
2026-02-09 22:36:25.720,0.0032806620001792908,0,0.03995852037332952,0
2026-02-09 22:36:25.826,0.0041773817501962185,0,0.0344276777934283,0
2026-02-09 22:36:25.933,0.005048526916652918,0,0.007515727076679468,0
2026-02-09 22:36:26.040,0.007190621457993984,0,0.005396541161462665,0
2026-02-09 22:36:26.146,0.005640822928398848,0,0.004963806131854653,0
2026-02-09 22:36:26.253,0.0037810076028108597,0,0.004821821581572294,0
2026-02-09 22:36:26.360,0.0034943758510053158,0,0.005120862647891045,0
2026-02-09 22:36:26.466,0.0028228596784174442,0,0.008923261100426317,0
2026-02-09 22:36:26.573,0.005391372367739677,0,0.009012569347396493,0
2026-02-09 22:36:26.680,0.007390585262328386,0,0.008800213551148772,0
2026-02-09 22:36:26.786,0.006271072663366795,0,0.00901609412394464,0
2026-02-09 22:36:26.893,0.042201366275548935,0,0.009078513365238905,0
2026-02-09 22:36:27.000,0.005941609386354685,0,0.009235053276643156,0
2026-02-09 22:36:27.106,0.005067063495516777,0,0.009665867639705538,0
2026-02-09 22:36:27.213,0.007799628656357527,0,0.00994061385281384,0
2026-02-09 22:36:27.320,0.004405200015753508,0,0.00994716715067625,0
2026-02-09 22:36:27.426,0.005059774965047836,0,0.010003715939819812,0
2026-02-09 22:36:27.533,0.007131003309041262,0,0.006431706389412284,0
2026-02-09 22:36:27.640,0.008138834498822689,0,0.006380189536139369,0
2026-02-09 22:36:27.746,0.007456118240952492,0,0.007200901256874203,0
2026-02-09 22:36:27.853,0.006836560554802418,0,0.0072958219796419145,0
2026-02-09 22:36:27.960,0.006481270771473646,0,0.00793297910131514,0
2026-02-09 22:36:28.066,0.005426440853625536,0,0.017150028655305505,0
2026-02-09 22:36:28.173,0.013274180702865124,0,0.020408951304852964,0
2026-02-09 22:36:28.280,0.008748835884034634,0,0.024467878323048354,0
2026-02-09 22:36:28.386,0.010776771232485771,0,0.02949719177559018,0
2026-02-09 22:36:28.493,0.09723027050495148,0,0.035850757360458375,0
2026-02-09 22:36:28.600,0.03972022980451584,0,0.04369658869691193,0
2026-02-09 22:36:28.706,0.048728104680776596,0,0.05246514827013016,0
2026-02-09 22:36:28.813,0.05774925276637077,0,0.06091020302847028,0
2026-02-09 22:36:28.920,0.07037221640348434,0,0.07109697740525008,0
2026-02-09 22:36:29.026,0.08493958413600922,0,0.07946021556854248,0
2026-02-09 22:36:29.133,0.0931120365858078,0,0.07851591110229492,0
2026-02-09 22:36:29.240,0.09772472828626633,0,0.08110509291291237,0
2026-02-09 22:36:29.346,0.11061657965183258,0,0.09044837169349193,0
2026-02-09 22:36:29.453,0.09440915286540985,0,0.1064326822757721,0
2026-02-09 22:36:29.560,0.08778722584247589,0,0.12039104476571083,0
2026-02-09 22:36:29.666,0.06561204791069031,0,0.1780748300254345,0
2026-02-09 22:36:29.773,0.14216089248657227,0,0.2114686407148838,0
2026-02-09 22:36:29.880,0.21759235858917236,0,0.24114048928022386,0
2026-02-09 22:36:29.986,0.2099558413028717,0,0.2601660817861557,0
2026-02-09 22:36:30.093,0.6617774367332458,1,0.26762392967939375,0
2026-02-09 22:36:30.200,0.4270501434803009,0,0.276856055855751,0
2026-02-09 22:36:30.306,0.39444321393966675,0,0.2799674056470394,0
2026-02-09 22:36:30.413,0.3008725047111511,0,0.2726718783378601,0
2026-02-09 22:36:30.520,0.16898763179779053,0,0.256619730964303,0
2026-02-09 22:36:30.626,0.18010848760604858,0,0.24117587208747865,0
2026-02-09 22:36:30.733,0.09672554582357407,0,0.17908638678491115,0
2026-02-09 22:36:30.840,0.0692056193947792,0,0.13900380283594133,0
2026-02-09 22:36:30.946,0.057070884853601456,0,0.10183225739747286,0
2026-02-09 22:36:31.053,0.055517252534627914,0,0.07481461949646473,0
2026-02-09 22:36:31.160,0.04088258370757103,0,0.06781872473657131,0
2026-02-09 22:36:31.266,0.026224303990602493,0,0.08388889394700527,0
2026-02-09 22:36:31.373,0.022727759554982185,0,0.08855271525681019,0
2026-02-09 22:36:31.480,0.030696125701069832,0,0.09326384030282497,0
2026-02-09 22:36:31.586,0.09902868419885635,0,0.0998557262122631,0
2026-02-09 22:36:31.693,0.3408101797103882,0,0.10026745423674584,0
2026-02-09 22:36:31.800,0.14336375892162323,0,0.10033123753964901,0
2026-02-09 22:36:31.906,0.11631686985492706,0,0.10468277707695961,0
2026-02-09 22:36:32.013,0.12298974394798279,0,0.1136060817167163,0
2026-02-09 22:36:32.120,0.059634532779455185,0,0.11796229667961597,0
2026-02-09 22:36:32.226,0.04152041673660278,0,0.1168727446347475,0
2026-02-09 22:36:32.333,0.0697396993637085,0,0.09328936673700809,0
2026-02-09 22:36:32.440,0.11196080595254898,0,0.0895093958824873,0
2026-02-09 22:36:32.546,0.07425827533006668,0,0.09416515789926053,0
2026-02-09 22:36:32.653,0.08813316375017166,0,0.0929990228265524,0
2026-02-09 22:36:32.760,0.10497640073299408,0,0.1044684037566185,0
2026-02-09 22:36:32.866,0.10556405037641525,0,0.1501202628016472,0
2026-02-09 22:36:32.973,0.1628744900226593,0,0.15220406875014306,0
2026-02-09 22:36:33.080,0.11132839322090149,0,0.14311574958264828,0
2026-02-09 22:36:33.186,0.17432834208011627,0,0.13703192854300142,0
2026-02-09 22:36:33.293,0.49803900718688965,0,0.12862312202341855,0
2026-02-09 22:36:33.400,0.09057775884866714,0,0.11883908407762647,0
2026-02-09 22:36:33.506,0.021077614277601242,0,0.10904503050260246,0
2026-02-09 22:36:33.613,0.013420064933598042,0,0.09376317341811954,0
2026-02-09 22:36:33.720,0.004045098554342985,0,0.08385073174722493,0
2026-02-09 22:36:33.826,0.00713602127507329,0,0.0678327698726207,0
2026-02-09 22:36:33.933,0.007623514626175165,0,0.018978847423568368,0
2026-02-09 22:36:34.040,0.01005591917783022,0,0.010603126510977745,0
2026-02-09 22:36:34.146,0.012203976511955261,0,0.010600757040083408,0
2026-02-09 22:36:34.253,0.01414872333407402,0,0.010433811321854591,0
2026-02-09 22:36:34.360,0.00949978269636631,0,0.011333276564255357,0
2026-02-09 22:36:34.466,0.006820549722760916,0,0.011982746142894029,0
2026-02-09 22:36:34.573,0.021053919568657875,0,0.01278822855092585,0
2026-02-09 22:36:34.680,0.011750607751309872,0,0.016338489344343544,0
2026-02-09 22:36:34.786,0.01303975097835064,0,0.01728765252046287,0
2026-02-09 22:36:34.893,0.013630717061460018,0,0.01789078745059669,0
2026-02-09 22:36:35.000,0.015678338706493378,0,0.02025825991295278,0
2026-02-09 22:36:35.106,0.04555852711200714,0,0.022808780521154405,0
2026-02-09 22:36:35.213,0.021695608273148537,0,0.028135365061461925,0
2026-02-09 22:36:35.320,0.020180072635412216,0,0.033462786581367254,0
2026-02-09 22:36:35.426,0.033174507319927216,0,0.038573446217924356,0
2026-02-09 22:36:35.533,0.032325755804777145,0,0.03979398068040609,0
2026-02-09 22:36:35.640,0.0743197649717331,0,0.042429841496050356,0
2026-02-09 22:36:35.746,0.06502482295036316,0,0.0404242729768157,0
2026-02-09 22:36:35.853,0.06414634734392166,0,0.04195852763950825,0
2026-02-09 22:36:35.960,0.02583606168627739,0,0.050971103459596635,0
2026-02-09 22:36:36.066,0.04203694686293602,0,0.04937380626797676,0
2026-02-09 22:36:36.173,0.025502841919660568,0,0.04696220392361283,0
2026-02-09 22:36:36.280,0.037038154900074005,0,0.040526044089347124,0
2026-02-09 22:36:36.386,0.11030583083629608,0,0.03425594759173691,0
2026-02-09 22:36:36.493,0.017201535403728485,0,0.02840353292413056,0
2026-02-09 22:36:36.600,0.008209732361137867,0,0.026533821271732448,0
2026-02-09 22:36:36.706,0.009958166629076004,0,0.022633740585297345,0
2026-02-09 22:36:36.813,0.0023238579742610455,0,0.020203264791052788,0
2026-02-09 22:36:36.920,0.005622200667858124,0,0.01655335496761836,0
2026-02-09 22:36:37.026,0.007138945162296295,0,0.005568005607347004,0
2026-02-09 22:36:37.133,0.0030361399985849857,0,0.0038895543315447868,0
2026-02-09 22:36:37.240,0.001198083977214992,0,0.0031222433724906297,0
2026-02-09 22:36:37.346,0.0005390566657297313,0,0.0021905349509324878,0
2026-02-09 22:36:37.453,0.00045233723358251154,0,0.0020249446795787664,0
2026-02-09 22:36:37.560,0.00041702264570631087,0,0.0017921465390827508,0
2026-02-09 22:36:37.666,0.0005366227705962956,0,0.0011393589084036648,0
2026-02-09 22:36:37.773,0.0006410824134945869,0,0.0008913948317058384,0
2026-02-09 22:36:37.880,0.0006679552607238293,0,0.0008857742650434375,0
2026-02-09 22:36:37.986,0.0032942192628979683,0,0.0009409987775143236,0
2026-02-09 22:36:38.093,0.0006110688555054367,0,0.0015197247761534528,0
2026-02-09 22:36:38.200,0.0005564992316067219,0,0.002210760849993676,0
2026-02-09 22:36:38.306,0.0011418783105909824,0,0.002929740404943004,0
2026-02-09 22:36:38.413,0.0010913017904385924,0,0.0034197894914541394,0
2026-02-09 22:36:38.520,0.006239597219973803,0,0.004510397423291579,0
2026-02-09 22:36:38.626,0.007327383384108543,0,0.005225249991053715,0
2026-02-09 22:36:38.733,0.007726418320089579,0,0.005304115999024361,0
2026-02-09 22:36:38.840,0.005541573278605938,0,0.0053872964577749375,0
2026-02-09 22:36:38.946,0.011574034579098225,0,0.005387340905144811,0
2026-02-09 22:36:39.053,0.010442744940519333,0,0.005452036089263856,0
2026-02-09 22:36:39.160,0.001399728935211897,0,0.0069077809574082496,0
2026-02-09 22:36:39.266,0.0013883038191124797,0,0.006470387987792492,0
2026-02-09 22:36:39.373,0.0011423227842897177,0,0.006029187119565904,0
2026-02-09 22:36:39.480,0.0017382536316290498,0,0.005719614401459694,0
2026-02-09 22:36:39.586,0.020797045901417732,0,0.004717028746381402,0
2026-02-09 22:36:39.693,0.0029534536879509687,0,0.0042050620540976524,0
2026-02-09 22:36:39.800,0.003314409637823701,0,0.004522115364670754,0
2026-02-09 22:36:39.906,0.0024458460975438356,0,0.005269146442878991,0
2026-02-09 22:36:40.013,0.0015481780283153057,0,0.007202972599770874,0
2026-02-09 22:36:40.120,0.005323078017681837,0,0.008647388755343854,0
2026-02-09 22:36:40.226,0.004570262040942907,0,0.008066407660953701,0
2026-02-09 22:36:40.333,0.008858614601194859,0,0.00821625180542469,0
2026-02-09 22:36:40.440,0.020480584353208542,0,0.00833134010899812,0
2026-02-09 22:36:40.546,0.016182415187358856,0,0.008693941636011004,0
2026-02-09 22:36:40.653,0.014987234957516193,0,0.009304431872442365,0
2026-02-09 22:36:40.760,0.004451895132660866,0,0.012472956720739604,0
2026-02-09 22:36:40.866,0.004465292673557997,0,0.01264192177914083,0
2026-02-09 22:36:40.973,0.006071861367672682,0,0.011979333986528218,0
2026-02-09 22:36:41.080,0.007653080392628908,0,0.010078416857868432,0
2026-02-09 22:36:41.186,0.03700832650065422,0,0.008551721886033193,0
2026-02-09 22:36:41.293,0.006259912624955177,0,0.007284124643774703,0
2026-02-09 22:36:41.400,0.002232736675068736,0,0.007207201822893694,0
2026-02-09 22:36:41.506,0.001471413066610694,0,0.0072719751216936855,0
2026-02-09 22:36:41.613,0.000915465469006449,0,0.0072000226296950135,0
2026-02-09 22:36:41.720,0.002311262534931302,0,0.007403661572607234,0
2026-02-09 22:36:41.826,0.0036826669238507748,0,0.004908527137013152,0
2026-02-09 22:36:41.933,0.005113025661557913,0,0.0051971663546282795,0
2026-02-09 22:36:42.040,0.005352336447685957,0,0.0073364583833608775,0
2026-02-09 22:36:42.146,0.009689469821751118,0,0.010787251620786264,0
2026-02-09 22:36:42.253,0.012056982144713402,0,0.014795051026158034,0
2026-02-09 22:36:42.360,0.009146304801106453,0,0.02842703233473003,0
2026-02-09 22:36:42.466,0.023625656962394714,0,0.029204299487173558,0
2026-02-09 22:36:42.573,0.03597934544086456,0,0.029592532990500332,0
2026-02-09 22:36:42.680,0.04099345952272415,0,0.030207694601267578,0
2026-02-09 22:36:42.786,0.13863107562065125,0,0.03051875364035368,0
2026-02-09 22:36:42.893,0.011455338448286057,0,0.03239486385136843,0
2026-02-09 22:36:43.000,0.00899536069482565,0,0.03529937341809273,0
2026-02-09 22:36:43.106,0.01150395255535841,0,0.04000195860862732,0
2026-02-09 22:36:43.213,0.012800060212612152,0,0.045891156792640685,0
2026-02-09 22:36:43.320,0.030818084254860878,0,0.05219661816954613,0
2026-02-09 22:36:43.426,0.03819140046834946,0,0.04087937697768211,0
2026-02-09 22:36:43.533,0.07065150886774063,0,0.040926103945821524,0
2026-02-09 22:36:43.640,0.09487132728099823,0,0.0418542617931962,0
2026-02-09 22:36:43.746,0.10404807329177856,0,0.04155333414673805,0
2026-02-09 22:36:43.853,0.02545866370201111,0,0.04068013201467693,0
2026-02-09 22:36:43.960,0.011922608129680157,0,0.040572668937966225,0
2026-02-09 22:36:44.066,0.018276939168572426,0,0.03767033913172781,0
2026-02-09 22:36:44.173,0.00849467609077692,0,0.031214759219437838,0
2026-02-09 22:36:44.280,0.004068038892000914,0,0.022303757444024085,0
2026-02-09 22:36:44.386,0.029743453487753868,0,0.012125210906378924,0
2026-02-09 22:36:44.493,0.009168102405965328,0,0.01042704766150564,0
2026-02-09 22:36:44.600,0.00609570974484086,0,0.010394860873930156,0
2026-02-09 22:36:44.706,0.005761309526860714,0,0.009344291011802851,0
2026-02-09 22:36:44.813,0.002262607915326953,0,0.009326658467762173,0
2026-02-09 22:36:44.920,0.008477031253278255,0,0.010061362409032881,0
2026-02-09 22:36:45.026,0.011600740253925323,0,0.00838324420619756,0
2026-02-09 22:36:45.133,0.007771240547299385,0,0.008234103838913143,0
2026-02-09 22:36:45.240,0.008318350650370121,0,0.011668306798674167,0
2026-02-09 22:36:45.346,0.011415078304708004,0,0.016991512035019696,0
2026-02-09 22:36:45.453,0.012962271459400654,0,0.031103950226679444,0
2026-02-09 22:36:45.560,0.007676698733121157,0,0.08943262058310211,0
2026-02-09 22:36:45.666,0.040437739342451096,0,0.11298605832271277,0
2026-02-09 22:36:45.773,0.05899336189031601,0,0.12234527482651174,0
2026-02-09 22:36:45.880,0.14338698983192444,0,0.1323758051265031,0
2026-02-09 22:36:45.986,0.5917637348175049,1,0.13631957112811505,0
2026-02-09 22:36:46.093,0.24713511765003204,0,0.13872776296921074,0
2026-02-09 22:36:46.200,0.101363405585289,0,0.140655661188066,0
2026-02-09 22:36:46.306,0.10862365365028381,0,0.13843525145202876,0
2026-02-09 22:36:46.413,0.050852738320827484,0,0.13498764298856258,0
2026-02-09 22:36:46.520,0.03704418987035751,0,0.12318881414830685,0
2026-02-09 22:36:46.626,0.026955680921673775,0,0.06741448789834976,0
2026-02-09 22:36:46.733,0.018233641982078552,0,0.044936724565923215,0
2026-02-09 22:36:46.840,0.024517277255654335,0,0.04007370304316282,0
2026-02-09 22:36:46.946,0.025398701429367065,0,0.03612446691840887,0
2026-02-09 22:36:47.053,0.034020472317934036,0,0.04315640237182379,0
2026-02-09 22:36:47.160,0.022357484325766563,0,0.06138587724417448,0
2026-02-09 22:36:47.266,0.05273319035768509,0,0.07243097238242627,0
2026-02-09 22:36:47.373,0.0691312924027443,0,0.08297560550272465,0
2026-02-09 22:36:47.480,0.12117209285497665,0,0.08527990486472845,0
2026-02-09 22:36:47.586,0.21933893859386444,0,0.08961072247475385,0
2026-02-09 22:36:47.693,0.1374066323041916,0,0.0926050329580903,0
2026-02-09 22:36:47.800,0.12367997318506241,0,0.09674667157232761,0
2026-02-09 22:36:47.906,0.04756027087569237,0,0.09719562269747258,0
2026-02-09 22:36:48.013,0.06870687752962112,0,0.09341577477753163,0
2026-02-09 22:36:48.120,0.06396357715129852,0,0.08548828959465027,0
2026-02-09 22:36:48.226,0.06377387046813965,0,0.0696467287838459,0
2026-02-09 22:36:48.333,0.057222701609134674,0,0.06259423717856408,0
2026-02-09 22:36:48.440,0.03133281320333481,0,0.07619332522153854,0
2026-02-09 22:36:48.546,0.0418972410261631,0,0.09388016052544117,0
2026-02-09 22:36:48.653,0.06092333048582077,0,0.12086355499923229,0
2026-02-09 22:36:48.760,0.06688171625137329,0,0.17047048173844814,0
2026-02-09 22:36:48.866,0.25967085361480713,0,0.22664433680474758,0
2026-02-09 22:36:48.973,0.22442862391471863,0,0.27073868699371817,0
2026-02-09 22:36:49.080,0.33854082226753235,0,0.28230427764356136,0
2026-02-09 22:36:49.186,0.560032844543457,1,0.2962437577545643,0
2026-02-09 22:36:49.293,0.625512421131134,1,0.3073197066783905,0
2026-02-09 22:36:49.400,0.49816620349884033,0,0.3226603493094444,0
2026-02-09 22:36:49.506,0.14698871970176697,0,0.32253905683755874,0
2026-02-09 22:36:49.613,0.18129204213619232,0,0.32416895478963853,0
2026-02-09 22:36:49.720,0.17168281972408295,0,0.30627467930316926,0
2026-02-09 22:36:49.826,0.22028814256191254,0,0.25988099798560144,0
2026-02-09 22:36:49.933,0.2584579288959503,0,0.23243896886706353,0
2026-02-09 22:36:50.040,0.24072760343551636,0,0.20367250666022302,0
2026-02-09 22:36:50.146,0.15959806740283966,0,0.2123478554189205,0
2026-02-09 22:36:50.253,0.09609603136777878,0,0.22209594026207924,0
2026-02-09 22:36:50.360,0.351092129945755,0,0.21674708053469657,0
2026-02-09 22:36:50.466,0.21050158143043518,0,0.20891223326325417,0
2026-02-09 22:36:50.573,0.23374220728874207,0,0.19669560417532922,0
2026-02-09 22:36:50.680,0.27877289056777954,0,0.18133749589323997,0
2026-02-09 22:36:50.786,0.11819422245025635,0,0.17876017317175866,0
2026-02-09 22:36:50.893,0.1419396698474884,0,0.18136704415082933,0
2026-02-09 22:36:51.000,0.13629163801670074,0,0.16519910991191863,0
2026-02-09 22:36:51.106,0.08714652061462402,0,0.1633804425597191,0
2026-02-09 22:36:51.213,0.13382484018802643,0,0.16267789602279664,0
2026-02-09 22:36:51.320,0.12216474115848541,0,0.15198859125375747,0
2026-02-09 22:36:51.426,0.18941278755664825,0,0.15576961487531663,0
2026-02-09 22:36:51.533,0.19231490790843964,0,0.15841534435749055,0
2026-02-09 22:36:51.640,0.22671674191951752,0,0.16725892722606658,0
2026-02-09 22:36:51.746,0.171879842877388,0,0.189978951215744,0
2026-02-09 22:36:51.853,0.15600445866584778,0,0.2384934589266777,0
2026-02-09 22:36:51.960,0.1683969646692276,0,0.25436257719993594,0
2026-02-09 22:36:52.066,0.22472746670246124,0,0.27242996245622636,0
2026-02-09 22:36:52.173,0.3143467605113983,0,0.2956445962190628,0
2026-02-09 22:36:52.280,0.6189699172973633,1,0.30614934414625167,0
2026-02-09 22:36:52.386,0.2808559238910675,0,0.33367004096508024,0
2026-02-09 22:36:52.493,0.3700866401195526,0,0.388540780544281,0
2026-02-09 22:36:52.600,0.4244612455368042,0,0.4432739242911339,0
2026-02-09 22:36:52.706,0.33176422119140625,0,0.4818799406290054,0
2026-02-09 22:36:52.813,0.44708681106567383,0,0.5196962058544159,1
2026-02-09 22:36:52.920,0.7047118544578552,1,0.5368123710155487,1
2026-02-09 22:36:53.026,0.7157284021377563,1,0.5855254143476486,1
2026-02-09 22:36:53.133,0.6107876300811768,1,0.630900239944458,1
2026-02-09 22:36:53.240,0.6925094127655029,1,0.6712041914463043,1
2026-02-09 22:36:53.346,0.7901315689086914,1,0.7170698642730713,1
2026-02-09 22:36:53.453,0.7679863572120667,1,0.7689006865024567,1
2026-02-09 22:36:53.560,0.8238348960876465,1,0.7574600577354431,1
2026-02-09 22:36:53.666,0.8275007605552673,1,0.7402586877346039,1
2026-02-09 22:36:53.773,0.7904209494590759,1,0.7118859171867371,1
2026-02-09 22:36:53.880,0.9653950333595276,1,0.6528325967490674,1
2026-02-09 22:36:53.986,0.5903055667877197,1,0.5881621681153775,1
2026-02-09 22:36:54.093,0.543714702129364,1,0.5294857032597065,1
2026-02-09 22:36:54.200,0.32705992460250854,0,0.45569886043667795,0
2026-02-09 22:36:54.306,0.10197620838880539,0,0.3823126219213009,0
2026-02-09 22:36:54.413,0.1434272825717926,0,0.3110587075352669,0
2026-02-09 22:36:54.520,0.18122170865535736,0,0.2204165756702423,0
2026-02-09 22:36:54.626,0.08596646785736084,0,0.16622218042612075,0
2026-02-09 22:36:54.733,0.09363837540149689,0,0.12837353795766832,0
2026-02-09 22:36:54.840,0.07788180559873581,0,0.11991372108459472,0
2026-02-09 22:36:54.946,0.05897371470928192,0,0.13313497677445413,0
2026-02-09 22:36:55.053,0.04836161434650421,0,0.1596633441746235,0
2026-02-09 22:36:55.160,0.16522827744483948,0,0.14664239399135112,0
2026-02-09 22:36:55.266,0.24246175587177277,0,0.13950995495542884,0
2026-02-09 22:36:55.373,0.2341887652873993,0,0.13156117061153055,0
2026-02-09 22:36:55.480,0.40871095657348633,0,0.12567401295527816,0
2026-02-09 22:36:55.586,0.05101220682263374,0,0.12437677374109626,0
2026-02-09 22:36:55.693,0.014642077498137951,0,0.12319140499457717,0
2026-02-09 22:36:55.800,0.014150531962513924,0,0.10801896685734391,0
2026-02-09 22:36:55.906,0.019010229036211967,0,0.08571715513244271,0
2026-02-09 22:36:56.013,0.04600132256746292,0,0.06487290235236287,0
2026-02-09 22:36:56.120,0.036507926881313324,0,0.027904462534934282,0
2026-02-09 22:36:56.226,0.013503896072506905,0,0.0260111422277987,0
2026-02-09 22:36:56.333,0.019443638622760773,0,0.03173299338668585,0
2026-02-09 22:36:56.440,0.025746237486600876,0,0.040510807558894156,0
2026-02-09 22:36:56.546,0.03902655839920044,0,0.052814355306327346,0
2026-02-09 22:36:56.653,0.032079003751277924,0,0.10613882150501013,0
2026-02-09 22:36:56.760,0.07186058908700943,0,0.11287723463028669,0
2026-02-09 22:36:56.866,0.10192867368459702,0,0.11786478869616986,0
2026-02-09 22:36:56.973,0.14204570651054382,0,0.1204991415143013,0
2026-02-09 22:36:57.080,0.5792459845542908,1,0.11920013809576631,0
2026-02-09 22:36:57.186,0.10389205813407898,0,0.11751869348809123,0
2026-02-09 22:36:57.293,0.0633794367313385,0,0.11907012527808547,0
2026-02-09 22:36:57.400,0.04578716680407524,0,0.11722632674500347,0
2026-02-09 22:36:57.506,0.012756203301250935,0,0.11152205048128963,0
2026-02-09 22:36:57.613,0.022212112322449684,0,0.10008144294843077,0
2026-02-09 22:36:57.720,0.04759332165122032,0,0.043177810683846476,0
2026-02-09 22:36:57.826,0.053422603756189346,0,0.033716874103993176,0
2026-02-09 22:36:57.933,0.04488591104745865,0,0.0318231406621635,0
2026-02-09 22:36:58.040,0.027639631181955338,0,0.028672361094504595,0
2026-02-09 22:36:58.146,0.010209661908447742,0,0.02905712239444256,0
2026-02-09 22:36:58.253,0.009282692335546017,0,0.04551877696067095,0
2026-02-09 22:36:58.360,0.04444210231304169,0,0.046543197520077226,0
2026-02-09 22:36:58.466,0.014279371127486229,0,0.04832035657018423,0
2026-02-09 22:36:58.573,0.01660381630063057,0,0.04803380724042654,0
2026-02-09 22:36:58.680,0.18682865798473358,0,0.049488568864762786,0
2026-02-09 22:36:58.786,0.05783752724528313,0,0.058490912709385154,0
2026-02-09 22:36:58.893,0.07119419425725937,0,0.06811905521899461,0
2026-02-09 22:36:59.000,0.042020417749881744,0,0.07473468352109194,0
2026-02-09 22:36:59.106,0.042187247425317764,0,0.08115304373204708,0
2026-02-09 22:36:59.213,0.10023310035467148,0,0.0842082854360342,0
2026-02-09 22:36:59.320,0.10556411743164062,0,0.06820452138781548,0
2026-02-09 22:36:59.426,0.11059838533401489,0,0.06969758607447148,0
2026-02-09 22:36:59.533,0.07846297323703766,0,0.07936301790177822,0
2026-02-09 22:36:59.640,0.047156233340501785,0,0.09960108734667301,0
2026-02-09 22:36:59.746,0.02679101750254631,0,0.1650148093700409,0
2026-02-09 22:36:59.853,0.07276817411184311,0,0.17969725802540779,0
2026-02-09 22:36:59.960,0.16784851253032684,0,0.1830100066959858,0
2026-02-09 22:37:00.066,0.24440111219882965,0,0.20970963910222054,0
2026-02-09 22:37:00.173,0.6963244676589966,1,0.21802614405751228,0
2026-02-09 22:37:00.280,0.24705758690834045,0,0.2294231105595827,0
2026-02-09 22:37:00.386,0.13869160413742065,0,0.2436257429420948,0
2026-02-09 22:37:00.493,0.3775947093963623,0,0.25582090616226194,0
2026-02-09 22:37:00.600,0.16162802278995514,0,0.26481066793203356,0
2026-02-09 22:37:00.706,0.16112589836120605,0,0.25852726995944975,0
2026-02-09 22:37:00.813,0.16881734132766724,0,0.20408948212862016,0
2026-02-09 22:37:00.920,0.1947198063135147,0,0.18770180121064187,0
2026-02-09 22:37:01.026,0.2577461302280426,0,0.1908167563378811,0
2026-02-09 22:37:01.133,0.18156713247299194,0,0.18479113206267356,0
2026-02-09 22:37:01.240,0.15194658935070038,0,0.18952945098280907,0
2026-02-09 22:37:01.346,0.08318077772855759,0,0.24563747867941857,0
2026-02-09 22:37:01.453,0.16984115540981293,0,0.2543816171586514,0
2026-02-09 22:37:01.560,0.3173384666442871,0,0.2562764845788479,0
2026-02-09 22:37:01.666,0.20901121199131012,0,0.2540306158363819,0
2026-02-09 22:37:01.773,0.722206175327301,1,0.2551682688295841,0
2026-02-09 22:37:01.880,0.2562587261199951,0,0.2656754098832607,0
2026-02-09 22:37:01.986,0.21366848051548004,0,0.2819047436118126,0
2026-02-09 22:37:02.093,0.23528744280338287,0,0.2903379023075104,0
2026-02-09 22:37:02.200,0.19294366240501404,0,0.28790898621082306,0
2026-02-09 22:37:02.306,0.25701799988746643,0,0.2934694573283195,0
2026-02-09 22:37:02.413,0.24547411501407623,0,0.24018476009368897,0
2026-02-09 22:37:02.520,0.25417274236679077,0,0.23420754820108414,0
2026-02-09 22:37:02.626,0.29304930567741394,0,0.24229347109794616,0
2026-02-09 22:37:02.733,0.264615923166275,0,0.23241541236639024,0
2026-02-09 22:37:02.840,0.18935920298099518,0,0.23451529145240785,0
2026-02-09 22:37:02.946,0.19648660719394684,0,0.27529811561107637,0
2026-02-09 22:37:03.053,0.29452770948410034,0,0.2944207176566124,0
2026-02-09 22:37:03.160,0.1365068554878235,0,0.311272893846035,0
2026-02-09 22:37:03.266,0.21394245326519012,0,0.3220368906855583,0
2026-02-09 22:37:03.373,0.6648462414741516,1,0.3434278771281242,0
2026-02-09 22:37:03.480,0.43670013546943665,0,0.37591044008731844,0
2026-02-09 22:37:03.586,0.42269450426101685,0,0.41010767966508865,0
2026-02-09 22:37:03.693,0.4006892740726471,0,0.4287910833954811,0
2026-02-09 22:37:03.800,0.4785257875919342,0,0.46528164893388746,0
2026-02-09 22:37:03.906,0.514184832572937,1,0.4929618835449219,0
2026-02-09 22:37:04.013,0.5384590029716492,1,0.4782003819942474,0
2026-02-09 22:37:04.120,0.4813617467880249,0,0.47388923168182373,0
2026-02-09 22:37:04.226,0.5014125108718872,1,0.48808627724647524,0
2026-02-09 22:37:04.333,0.49074479937553406,0,0.5178162306547165,1
2026-02-09 22:37:04.440,0.5172312259674072,1,0.5374137461185455,1
2026-02-09 22:37:04.546,0.3935886323451996,0,0.5839514672756195,1
2026-02-09 22:37:04.653,0.5646649599075317,1,0.614479523897171,1
2026-02-09 22:37:04.760,0.6979888081550598,1,0.6379747867584229,1
2026-02-09 22:37:04.866,0.6745009422302246,1,0.6423607707023621,1
2026-02-09 22:37:04.973,0.9795620441436768,1,0.6171096712350845,1
2026-02-09 22:37:05.080,0.8437395691871643,1,0.5888428285717964,1
2026-02-09 22:37:05.186,0.7163143754005432,1,0.57189681828022,1
2026-02-09 22:37:05.293,0.5452723503112793,1,0.526537374407053,1
2026-02-09 22:37:05.400,0.2382338047027588,0,0.4668161183595657,0
2026-02-09 22:37:05.506,0.23456279933452606,0,0.4041852537542582,0
2026-02-09 22:37:05.613,0.22412852942943573,0,0.3133333567529917,0
2026-02-09 22:37:05.720,0.11107052117586136,0,0.23602730594575405,0
2026-02-09 22:37:05.826,0.10077624768018723,0,0.18204804919660092,0
2026-02-09 22:37:05.933,0.04819229617714882,0,0.13937036655843257,0
2026-02-09 22:37:06.040,0.07104307413101196,0,0.131955773755908,0
2026-02-09 22:37:06.146,0.07067906111478806,0,0.16311050318181514,0
2026-02-09 22:37:06.253,0.17652180790901184,0,0.1557499673217535,0
2026-02-09 22:37:06.360,0.11849552392959595,0,0.15638803876936436,0
2026-02-09 22:37:06.466,0.16408787667751312,0,0.15703817494213582,0
2026-02-09 22:37:06.573,0.5461100935935974,1,0.15928149595856667,0
2026-02-09 22:37:06.680,0.15052317082881927,0,0.1630055010318756,0
2026-02-09 22:37:06.786,0.11745123565196991,0,0.16509515941143035,0
2026-02-09 22:37:06.893,0.10727760940790176,0,0.15506817921996116,0
2026-02-09 22:37:07.000,0.07062550634145737,0,0.15122235417366028,0
2026-02-09 22:37:07.106,0.10828312486410141,0,0.1416795827448368,0
2026-02-09 22:37:07.213,0.09157564491033554,0,0.09218224920332432,0
2026-02-09 22:37:07.320,0.07625200599431992,0,0.08004065938293933,0
2026-02-09 22:37:07.426,0.08003727346658707,0,0.07575500048696995,0
2026-02-09 22:37:07.533,0.06866016238927841,0,0.07103327959775925,0
2026-02-09 22:37:07.640,0.05113675817847252,0,0.0703173577785492,0
2026-02-09 22:37:07.746,0.029107272624969482,0,0.08391605988144875,0
2026-02-09 22:37:07.853,0.074594646692276,0,0.07901467904448509,0
2026-02-09 22:37:07.960,0.060060400515794754,0,0.07399742733687162,0
2026-02-09 22:37:08.066,0.06346628814935684,0,0.06806733924895525,0
2026-02-09 22:37:08.173,0.24427014589309692,0,0.062064554914832114,0
2026-02-09 22:37:08.280,0.042561836540699005,0,0.05887657217681408,0
2026-02-09 22:37:08.386,0.026079488918185234,0,0.05768563412129879,0
2026-02-09 22:37:08.493,0.020736392587423325,0,0.05213659275323153,0
2026-02-09 22:37:08.600,0.008632319048047066,0,0.04932978171855211,0
2026-02-09 22:37:08.706,0.01925693079829216,0,0.04829819109290838,0
2026-02-09 22:37:08.813,0.01719789206981659,0,0.028438991867005825,0
2026-02-09 22:37:08.920,0.019104233011603355,0,0.02651716601103544,0
2026-02-09 22:37:09.026,0.031992290169000626,0,0.026233062148094177,0
2026-02-09 22:37:09.133,0.05315038189291954,0,0.030704271420836447,0
2026-02-09 22:37:09.240,0.04567815363407135,0,0.03951301816850901,0
2026-02-09 22:37:09.346,0.023343577980995178,0,0.06256502997130156,0
2026-02-09 22:37:09.453,0.023238450288772583,0,0.06971067320555449,0
2026-02-09 22:37:09.560,0.06544848531484604,0,0.07229479812085629,0
2026-02-09 22:37:09.666,0.09671978652477264,0,0.07530666925013066,0
2026-02-09 22:37:09.773,0.24977704882621765,0,0.07313353456556797,0
2026-02-09 22:37:09.880,0.08865432441234589,0,0.07802761010825635,0
2026-02-09 22:37:09.986,0.04494548216462135,0,0.09677837751805782,0
2026-02-09 22:37:10.093,0.06211100146174431,0,0.10775712095201015,0
2026-02-09 22:37:10.200,0.03141903504729271,0,0.11196225620806217,0
2026-02-09 22:37:10.306,0.09461890906095505,0,0.10984311290085316,0
2026-02-09 22:37:10.413,0.21085125207901,0,0.0941814560443163,0
2026-02-09 22:37:10.520,0.1330258846282959,0,0.09088503867387772,0
2026-02-09 22:37:10.626,0.10749983787536621,0,0.09074757844209672,0
2026-02-09 22:37:10.733,0.0755283534526825,0,0.08652234356850386,0
2026-02-09 22:37:10.840,0.093160480260849,0,0.08441944755613803,0
2026-02-09 22:37:10.946,0.05569015070796013,0,0.0766650116071105,0
2026-02-09 22:37:11.053,0.043570879846811295,0,0.05616058707237244,0
2026-02-09 22:37:11.160,0.019858652725815773,0,0.04407699266448617,0
2026-02-09 22:37:11.266,0.010390074923634529,0,0.033939516032114626,0
2026-02-09 22:37:11.373,0.017074549570679665,0,0.028398676449432968,0
2026-02-09 22:37:11.480,0.005807006731629372,0,0.03009360679425299,0
2026-02-09 22:37:11.586,0.012189940549433231,0,0.03772628591395914,0
2026-02-09 22:37:11.693,0.0061250715516507626,0,0.05142100104130805,0
2026-02-09 22:37:11.800,0.020119957625865936,0,0.0679109946358949,0
2026-02-09 22:37:11.906,0.11010978370904922,0,0.07535155327059329,0
2026-02-09 22:37:12.013,0.13201694190502167,0,0.07513924217782915,0
2026-02-09 22:37:12.120,0.1805180311203003,0,0.07655829372815788,0
2026-02-09 22:37:12.226,0.18475858867168427,0,0.08259545364417135,0
2026-02-09 22:37:12.333,0.08479566127061844,0,0.08498944351449608,0
2026-02-09 22:37:12.440,0.014951438643038273,0,0.09793851161375641,0
2026-02-09 22:37:12.546,0.019997522234916687,0,0.1323838592506945,0
2026-02-09 22:37:12.653,0.07256153970956802,0,0.16634592870250345,0
2026-02-09 22:37:12.760,0.03006497025489807,0,0.19699481884017586,0
2026-02-09 22:37:12.866,0.14961063861846924,0,0.23054598877206445,0
2026-02-09 22:37:12.973,0.4545632600784302,0,0.28140440220013263,0
2026-02-09 22:37:13.080,0.47163763642311096,0,0.3231284700334072,0
2026-02-09 22:37:13.186,0.48700693249702454,0,0.37147236838936804,0
2026-02-09 22:37:13.293,0.5202702879905701,1,0.407108536362648,0
2026-02-09 22:37:13.400,0.5933797955513,1,0.4374107509851456,0
2026-02-09 22:37:13.506,0.4321921169757843,0,0.44951310455799104,0
2026-02-09 22:37:13.613,0.5034365057945251,1,0.43026297390460966,0
2026-02-09 22:37:13.720,0.42892321944236755,0,0.43160255551338195,0
2026-02-09 22:37:13.826,0.33308711647987366,0,0.4440286785364151,0
2026-02-09 22:37:13.933,0.27063417434692383,0,0.4688472062349319,0
2026-02-09 22:37:14.040,0.2620619535446167,0,0.5064328521490097,1
2026-02-09 22:37:14.146,0.48503345251083374,0,0.5198911786079407,1
2026-02-09 22:37:14.253,0.611268162727356,1,0.5084267765283584,1
2026-02-09 22:37:14.360,0.7684555649757385,1,0.5264965295791626,1
2026-02-09 22:37:14.466,0.9692362546920776,1,0.5136517062783241,1
2026-02-09 22:37:14.573,0.566775381565094,1,0.5045261278748512,1
2026-02-09 22:37:14.680,0.388792484998703,0,0.49962104856967926,0
2026-02-09 22:37:14.786,0.6096207499504089,1,0.47849100828170776,0
2026-02-09 22:37:14.893,0.20463888347148895,0,0.42845391631126406,0
2026-02-09 22:37:15.000,0.17937839031219482,0,0.36150124594569205,0
2026-02-09 22:37:15.106,0.21301116049289703,0,0.2692929904907942,0
2026-02-09 22:37:15.213,0.2737330496311188,0,0.2163855604827404,0
2026-02-09 22:37:15.320,0.1108972430229187,0,0.18323417454957963,0
2026-02-09 22:37:15.426,0.09892886132001877,0,0.13122665584087373,0
2026-02-09 22:37:15.533,0.04715370014309883,0,0.1222158819437027,0
2026-02-09 22:37:15.640,0.0377010814845562,0,0.13066375255584717,0
2026-02-09 22:37:15.746,0.057278625667095184,0,0.11552482731640339,0
2026-02-09 22:37:15.853,0.08954556286334991,0,0.092948829382658,0
2026-02-09 22:37:15.960,0.11453114449977875,0,0.0877870749682188,0
2026-02-09 22:37:16.066,0.2638570964336395,0,0.08128522373735905,0
2026-02-09 22:37:16.173,0.061621908098459244,0,0.08150822669267654,0
2026-02-09 22:37:16.280,0.04797307029366493,0,0.08337764330208301,0
2026-02-09 22:37:16.386,0.05927969887852669,0,0.08855569250881672,0
2026-02-09 22:37:16.493,0.033910349011421204,0,0.09609804041683674,0
2026-02-09 22:37:16.600,0.049383729696273804,0,0.09162702299654484,0
2026-02-09 22:37:16.706,0.05639524757862091,0,0.07447854839265347,0
2026-02-09 22:37:16.813,0.10905911773443222,0,0.07821765914559364,0
2026-02-09 22:37:16.920,0.1649690419435501,0,0.09864813722670078,0
2026-02-09 22:37:17.026,0.06982097029685974,0,0.1280194029211998,0
2026-02-09 22:37:17.133,0.0923723503947258,0,0.17431576550006866,0
2026-02-09 22:37:17.240,0.09901301562786102,0,0.2600621938705444,0
2026-02-09 22:37:17.346,0.25227785110473633,0,0.29762652665376665,0
2026-02-09 22:37:17.453,0.35299235582351685,0,0.3123565338551998,0
2026-02-09 22:37:17.560,0.49687397480010986,0,0.3187382988631725,0
2026-02-09 22:37:17.666,0.9068480134010315,1,0.3249441109597683,0
2026-02-09 22:37:17.773,0.4320385754108429,0,0.3291198879480362,0
2026-02-09 22:37:17.880,0.25635918974876404,0,0.33710053861141204,0
2026-02-09 22:37:17.986,0.22878669202327728,0,0.3261808156967163,0
2026-02-09 22:37:18.093,0.13187909126281738,0,0.30692305117845536,0
2026-02-09 22:37:18.200,0.13413012027740479,0,0.27248056679964067,0
2026-02-09 22:37:18.306,0.17881952226161957,0,0.19079901948571204,0
2026-02-09 22:37:18.413,0.14308062195777893,0,0.15229488536715508,0
2026-02-09 22:37:18.520,0.1604147106409073,0,0.1319885540753603,0
2026-02-09 22:37:18.626,0.1524491310119629,0,0.11160151790827513,0
2026-02-09 22:37:18.733,0.09003254026174545,0,0.10196029376238584,0
2026-02-09 22:37:18.840,0.04699723422527313,0,0.09660657774657011,0
2026-02-09 22:37:18.946,0.05329587683081627,0,0.08070548344403505,0
2026-02-09 22:37:19.053,0.024916330352425575,0,0.0673397465609014,0
2026-02-09 22:37:19.160,0.03546684980392456,0,0.05257449159398675,0
2026-02-09 22:37:19.266,0.08059296011924744,0,0.038008295884355905,0
2026-02-09 22:37:19.373,0.019808579236268997,0,0.029977138666436077,0
2026-02-09 22:37:19.480,0.009423253126442432,0,0.026588275888934733,0
2026-02-09 22:37:19.586,0.01276216097176075,0,0.022953005554154516,0
2026-02-09 22:37:19.693,0.006787173915654421,0,0.02270619315095246,0
2026-02-09 22:37:19.800,0.009720968082547188,0,0.02231786702759564,0
2026-02-09 22:37:19.906,0.013108606450259686,0,0.0167931801173836,0
2026-02-09 22:37:20.013,0.016943173483014107,0,0.016292136767879127,0
2026-02-09 22:37:20.120,0.022448206320405006,0,0.016929320571944118,0
2026-02-09 22:37:20.226,0.03158358857035637,0,0.017547556152567267,0
2026-02-09 22:37:20.333,0.025346091017127037,0,0.022048018965870143,0
2026-02-09 22:37:20.440,0.014798145741224289,0,0.05166949620470405,0
2026-02-09 22:37:20.546,0.015795091167092323,0,0.05380457751452923,0
2026-02-09 22:37:20.653,0.01894451677799225,0,0.0539155874401331,0
2026-02-09 22:37:20.760,0.051791802048683167,0,0.05466831624507904,0
2026-02-09 22:37:20.866,0.30593574047088623,0,0.05514472685754299,0
2026-02-09 22:37:20.973,0.034459419548511505,0,0.06586462017148734,0
2026-02-09 22:37:21.080,0.018053272739052773,0,0.07539750877767801,0
2026-02-09 22:37:21.186,0.029975494369864464,0,0.08342657908797264,0
2026-02-09 22:37:21.293,0.03634769469499588,0,0.08931294605135917,0
2026-02-09 22:37:21.400,0.13254502415657043,0,0.09141343235969543,0
2026-02-09 22:37:21.506,0.1101270318031311,0,0.06481593064963817,0
2026-02-09 22:37:21.613,0.0960857942700386,0,0.062489935848861936,0
2026-02-09 22:37:21.720,0.0778081864118576,0,0.06227713720872998,0
2026-02-09 22:37:21.826,0.07279666513204575,0,0.06073719142004848,0
2026-02-09 22:37:21.933,0.039960723370313644,0,0.05860959142446518,0
2026-02-09 22:37:22.040,0.011199471540749073,0,0.056284336000680925,0
2026-02-09 22:37:22.146,0.01592528633773327,0,0.04733189363032579,0
2026-02-09 22:37:22.253,0.014576036483049393,0,0.03898614989593625,0
2026-02-09 22:37:22.360,0.015071694739162922,0,0.03331039166077972,0
2026-02-09 22:37:22.466,0.10929246991872787,0,0.026594296749681234,0
2026-02-09 22:37:22.573,0.02060260809957981,0,0.023889736738055944,0
2026-02-09 22:37:22.680,0.01262835692614317,0,0.02446021232753992,0
2026-02-09 22:37:22.786,0.021050604060292244,0,0.02472429797053337,0
2026-02-09 22:37:22.893,0.005635716021060944,0,0.025259388238191606,0
2026-02-09 22:37:23.000,0.012915123254060745,0,0.0257659793831408,0
2026-02-09 22:37:23.106,0.016904227435588837,0,0.01663899691775441,0
2026-02-09 22:37:23.213,0.01856614276766777,0,0.01571393581107259,0
2026-02-09 22:37:23.320,0.01992693915963173,0,0.018473879806697367,0
2026-02-09 22:37:23.426,0.0201376061886549,0,0.01972092092037201,0
2026-02-09 22:37:23.533,0.018022645264863968,0,0.0242048017680645,0
2026-02-09 22:37:23.640,0.011351997032761574,0,0.03158168531954288,0
2026-02-09 22:37:23.746,0.040227796882390976,0,0.03419688194990158,0
2026-02-09 22:37:23.853,0.03352101519703865,0,0.039110027626156806,0
2026-02-09 22:37:23.960,0.05047452449798584,0,0.038537115510553124,0
2026-02-09 22:37:24.066,0.0866839587688446,0,0.037526764627546075,0
2026-02-09 22:37:24.173,0.043056193739175797,0,0.0368497590534389,0
2026-02-09 22:37:24.280,0.06769759953022003,0,0.03696428993716836,0
2026-02-09 22:37:24.386,0.014197818003594875,0,0.03443397944793105,0
2026-02-09 22:37:24.493,0.010034097358584404,0,0.03358494387939572,0
2026-02-09 22:37:24.600,0.011252589523792267,0,0.030472681764513253,0
2026-02-09 22:37:24.706,0.012497305870056152,0,0.022866470273584127,0
2026-02-09 22:37:24.813,0.014924691990017891,0,0.019613527040928603,0
2026-02-09 22:37:24.920,0.02503065951168537,0,0.0150714416988194,0
2026-02-09 22:37:25.026,0.019351903349161148,0,0.014796312805265189,0
2026-02-09 22:37:25.133,0.010621843859553337,0,0.01672989735379815,0
2026-02-09 22:37:25.240,0.010526761412620544,0,0.02196630472317338,0
2026-02-09 22:37:25.346,0.022276746109128,0,0.02334697088226676,0
2026-02-09 22:37:25.453,0.011446529068052769,0,0.02258322653360665,0
2026-02-09 22:37:25.560,0.029369942843914032,0,0.02308536213822663,0
2026-02-09 22:37:25.666,0.06361666321754456,0,0.024601647304370998,0
2026-02-09 22:37:25.773,0.026303967460989952,0,0.03056409382261336,0
2026-02-09 22:37:25.880,0.007287248503416777,0,0.035689503187313676,0
2026-02-09 22:37:25.986,0.03005201555788517,0,0.03966797483153641,0
2026-02-09 22:37:26.093,0.03451475501060486,0,0.04377658325247467,0
2026-02-09 22:37:26.200,0.07024630904197693,0,0.044952914817258716,0
2026-02-09 22:37:26.306,0.06178085505962372,0,0.04492638329975307,0
2026-02-09 22:37:26.413,0.06206146255135536,0,0.05246644555591047,0
2026-02-09 22:37:26.520,0.0525326132774353,0,0.0596721226349473,0
2026-02-09 22:37:26.626,0.04113325849175453,0,0.0725646287202835,0
2026-02-09 22:37:26.733,0.0633513480424881,0,0.1032770574092865,0
2026-02-09 22:37:26.840,0.10170459002256393,0,0.0985035840421915,0
2026-02-09 22:37:26.946,0.0793440192937851,0,0.09281501648947596,0
2026-02-09 22:37:27.053,0.15897707641124725,0,0.08785170633345843,0
2026-02-09 22:37:27.160,0.34163904190063477,0,0.08293652995489538,0
2026-02-09 22:37:27.266,0.022511575371026993,0,0.07947028107009828,0
2026-02-09 22:37:27.373,0.004895179532468319,0,0.07688186666928232,0
2026-02-09 22:37:27.480,0.012428360991179943,0,0.07122233747504651,0
2026-02-09 22:37:27.586,0.003380849491804838,0,0.06845075874589383,0
2026-02-09 22:37:27.693,0.006470769643783569,0,0.05559310386888683,0
2026-02-09 22:37:27.800,0.03746720403432846,0,0.02273995797149837,0
2026-02-09 22:37:27.906,0.04510929808020592,0,0.020596827170811592,0
2026-02-09 22:37:28.013,0.0516282320022583,0,0.020138833549572153,0
2026-02-09 22:37:28.120,0.030400527641177177,0,0.018954150663921608,0
2026-02-09 22:37:28.226,0.013107582926750183,0,0.018651189547381365,0
2026-02-09 22:37:28.333,0.0010802673641592264,0,0.01818590698239859,0
2026-02-09 22:37:28.440,0.0003152433200739324,0,0.01469800615159329,0
2026-02-09 22:37:28.546,0.0005815321346744895,0,0.010700465863919817,0
2026-02-09 22:37:28.653,0.00035123832640238106,0,0.006556592261767946,0
2026-02-09 22:37:28.760,0.0018179439939558506,0,0.004783964468515478,0
2026-02-09 22:37:28.866,0.002588195726275444,0,0.0072930644586449486,0
2026-02-09 22:37:28.973,0.005133895203471184,0,0.010574913313030265,0
2026-02-09 22:37:29.080,0.010189495980739594,0,0.012320585656561888,0
2026-02-09 22:37:29.186,0.012674249708652496,0,0.013242758883279748,0
2026-02-09 22:37:29.293,0.03819858282804489,0,0.014056633645668625,0
2026-02-09 22:37:29.400,0.03389875590801239,0,0.014987088739871979,0
2026-02-09 22:37:29.506,0.017771966755390167,0,0.015105038159526884,0
2026-02-09 22:37:29.613,0.009803264401853085,0,0.015320152114145457,0
2026-02-09 22:37:29.720,0.008489985950291157,0,0.01580218521412462,0
2026-02-09 22:37:29.826,0.01112249493598938,0,0.01733323836233467,0
2026-02-09 22:37:29.933,0.003767689922824502,0,0.05471707561518997,0
2026-02-09 22:37:30.040,0.007285034749656916,0,0.054150692909024654,0
2026-02-09 22:37:30.146,0.015009826980531216,0,0.053618224314413966,0
2026-02-09 22:37:30.253,0.027984781190752983,0,0.05462273235898465,0
2026-02-09 22:37:30.360,0.4120369553565979,0,0.0546590251615271,0
2026-02-09 22:37:30.466,0.028234928846359253,0,0.05551384033169597,0
2026-02-09 22:37:30.573,0.012447280809283257,0,0.05782257090322673,0
2026-02-09 22:37:30.680,0.01984834484755993,0,0.05939755076542497,0
2026-02-09 22:37:30.786,0.008852913975715637,0,0.05982165075838566,0
2026-02-09 22:37:30.893,0.019670646637678146,0,0.05985159836709499,0
2026-02-09 22:37:31.000,0.026854995638132095,0,0.021015422791242598,0
2026-02-09 22:37:31.106,0.02303483337163925,0,0.01889036609791219,0
2026-02-09 22:37:31.213,0.01925082691013813,0,0.018925449391826988,0
2026-02-09 22:37:31.320,0.028284257277846336,0,0.0176959496922791,0
2026-02-09 22:37:31.426,0.02367519959807396,0,0.017737028002738953,0
2026-02-09 22:37:31.533,0.0069843619130551815,0,0.02907061018049717,0
2026-02-09 22:37:31.640,0.012798113748431206,0,0.028005547635257245,0
2026-02-09 22:37:31.746,0.00755334785208106,0,0.026495514903217554,0
2026-02-09 22:37:31.853,0.00926369708031416,0,0.025361369363963604,0
2026-02-09 22:37:31.960,0.13300646841526031,0,0.022982227616012096,0
2026-02-09 22:37:32.066,0.01620437018573284,0,0.02116018272936344,0
2026-02-09 22:37:32.173,0.007934506051242352,0,0.02088349675759673,0
2026-02-09 22:37:32.280,0.007909371517598629,0,0.019833908788859843,0
2026-02-09 22:37:32.386,0.004492839798331261,0,0.019337308895774185,0
2026-02-09 22:37:32.493,0.00545475073158741,0,0.018636244791559876,0
2026-02-09 22:37:32.600,0.004217502195388079,0,0.005575213930569589,0
2026-02-09 22:37:32.706,0.002302234061062336,0,0.004125517408829183,0
2026-02-09 22:37:32.813,0.002587348921224475,0,0.004015153541695326,0
2026-02-09 22:37:32.920,0.002253056038171053,0,0.004272912803571671,0
2026-02-09 22:37:33.026,0.002396159805357456,0,0.005859003204386681,0
2026-02-09 22:37:33.133,0.001707404968328774,0,0.020879544864874332,0
2026-02-09 22:37:33.240,0.006830867379903793,0,0.0239363738684915,0
2026-02-09 22:37:33.346,0.010486964136362076,0,0.026391356100793927,0
2026-02-09 22:37:33.453,0.02035374380648136,0,0.02969607707345858,0
2026-02-09 22:37:33.560,0.15566016733646393,0,0.032022220746148376,0
2026-02-09 22:37:33.666,0.03478579223155975,0,0.03781595678301528,0
2026-02-09 22:37:33.773,0.02685205638408661,0,0.04883061721920967,0
2026-02-09 22:37:33.880,0.03563455864787102,0,0.061862136051058766,0
2026-02-09 22:37:33.986,0.025514492765069008,0,0.0802973322570324,0
2026-02-09 22:37:34.093,0.06033352017402649,0,0.0926881043240428,0
2026-02-09 22:37:34.200,0.11185400933027267,0,0.09791700672358275,0
2026-02-09 22:37:34.306,0.13714605569839478,0,0.11389913242310286,0
2026-02-09 22:37:34.413,0.19483892619609833,0,0.15056267213076352,0
2026-02-09 22:37:34.520,0.1442614644765854,0,0.1767722012475133,0
2026-02-09 22:37:34.626,0.2079491913318634,0,0.21101441308856012,0
2026-02-09 22:37:34.733,0.19460704922676086,0,0.2728715442121029,0
2026-02-09 22:37:34.840,0.39348745346069336,0,0.271989057213068,0
2026-02-09 22:37:34.946,0.29772984981536865,0,0.26426185555756093,0
2026-02-09 22:37:35.053,0.3679366111755371,0,0.2495281171053648,0
2026-02-09 22:37:35.160,0.6789048314094543,1,0.23596213860437273,0
2026-02-09 22:37:35.266,0.10302913933992386,0,0.21635443028062581,0
2026-02-09 22:37:35.373,0.0598740391433239,0,0.1980562496930361,0
2026-02-09 22:37:35.480,0.047501541674137115,0,0.15943909999914468,0
2026-02-09 22:37:35.586,0.008601679466664791,0,0.13048669076524674,0
2026-02-09 22:37:35.693,0.011872108094394207,0,0.09486896167509258,0
2026-02-09 22:37:35.800,0.011625243350863457,0,0.028509798320010306,0
2026-02-09 22:37:35.906,0.007315956521779299,0,0.019448136677965522,0
2026-02-09 22:37:36.013,0.008205757476389408,0,0.015050292899832129,0
2026-02-09 22:37:36.120,0.0117593202739954,0,0.011403779918327927,0
2026-02-09 22:37:36.226,0.015313197858631611,0,0.012394331162795424,0
2026-02-09 22:37:36.333,0.012412522919476032,0,0.013973184721544385,0
2026-02-09 22:37:36.440,0.015895601361989975,0,0.013429544540122152,0
2026-02-09 22:37:36.546,0.011036411859095097,0,0.013987532630562783,0
2026-02-09 22:37:36.653,0.01850719191133976,0,0.013575401809066533,0
2026-02-09 22:37:36.760,0.027660643681883812,0,0.01307118427939713,0
2026-02-09 22:37:36.866,0.006188841536641121,0,0.013562002731487156,0
2026-02-09 22:37:36.973,0.012895837426185608,0,0.01485430528409779,0
2026-02-09 22:37:37.080,0.004084449261426926,0,0.015037172520533205,0
2026-02-09 22:37:37.186,0.006717144977301359,0,0.015783086558803915,0
2026-02-09 22:37:37.293,0.02022138237953186,0,0.015518652042374015,0
2026-02-09 22:37:37.400,0.02533554844558239,0,0.014121492998674512,0
2026-02-09 22:37:37.506,0.01772427372634411,0,0.014213700545951724,0
2026-02-09 22:37:37.613,0.018495552241802216,0,0.014054613607004284,0
2026-02-09 22:37:37.720,0.01586284674704075,0,0.01432116236537695,0
2026-02-09 22:37:37.826,0.013689053244888783,0,0.015221685217693449,0
2026-02-09 22:37:37.933,0.007110917009413242,0,0.014843726204708219,0
2026-02-09 22:37:38.040,0.011304968036711216,0,0.013352228375151754,0
2026-02-09 22:37:38.146,0.00674993684515357,0,0.013157762261107564,0
2026-02-09 22:37:38.253,0.015722373500466347,0,0.012293675588443876,0
2026-02-09 22:37:38.360,0.016441792249679565,0,0.012775113107636571,0
2026-02-09 22:37:38.466,0.010420570150017738,0,0.013943636557087302,0
2026-02-09 22:37:38.573,0.015779612585902214,0,0.015574907371774315,0
2026-02-09 22:37:38.680,0.009854685515165329,0,0.01610107417218387,0
2026-02-09 22:37:38.786,0.020677221938967705,0,0.017072954401373863,0
2026-02-09 22:37:38.893,0.025374287739396095,0,0.017621010541915894,0
2026-02-09 22:37:39.000,0.02342362515628338,0,0.01792859137058258,0
2026-02-09 22:37:39.106,0.01656663604080677,0,0.02178867030888796,0
2026-02-09 22:37:39.213,0.01646873913705349,0,0.02597525380551815,0
2026-02-09 22:37:39.320,0.02120293490588665,0,0.036719323694705965,0
2026-02-09 22:37:39.426,0.019517600536346436,0,0.08204854447394609,0
2026-02-09 22:37:39.533,0.04902135953307152,0,0.09142558202147484,0
2026-02-09 22:37:39.640,0.05764544755220413,0,0.09579674545675516,0
2026-02-09 22:37:39.746,0.11729538440704346,0,0.09809772633016109,0
2026-02-09 22:37:39.853,0.473969429731369,0,0.09855016525834799,0
2026-02-09 22:37:39.960,0.11914466321468353,0,0.09894689843058586,0
2026-02-09 22:37:40.066,0.06713525950908661,0,0.10024550817906856,0
2026-02-09 22:37:40.173,0.039576444774866104,0,0.09908278621733188,0
2026-02-09 22:37:40.280,0.020993128418922424,0,0.09616230744868517,0
2026-02-09 22:37:40.386,0.02517026662826538,0,0.08792595509439707,0
2026-02-09 22:37:40.493,0.03250369802117348,0,0.045802760310471057,0
2026-02-09 22:37:40.600,0.03739413991570473,0,0.037133798189461234,0
2026-02-09 22:37:40.706,0.02844065986573696,0,0.04022006634622812,0
2026-02-09 22:37:40.813,0.034931860864162445,0,0.04979943837970495,0
2026-02-09 22:37:40.920,0.05273748189210892,0,0.06894551273435354,0
2026-02-09 22:37:41.026,0.032455042004585266,0,0.11550580319017172,0
2026-02-09 22:37:41.133,0.09799794107675552,0,0.12277716267853975,0
2026-02-09 22:37:41.240,0.1353701651096344,0,0.12231750916689635,0
2026-02-09 22:37:41.346,0.21245387196540833,0,0.12118546441197395,0
2026-02-09 22:37:41.453,0.49077317118644714,0,0.11864135963842273,0
2026-02-09 22:37:41.560,0.10521729290485382,0,0.11475302735343576,0
2026-02-09 22:37:41.666,0.03279760479927063,0,0.11311651999130845,0
2026-02-09 22:37:41.773,0.01712021231651306,0,0.10493223974481225,0
2026-02-09 22:37:41.880,0.009490813128650188,0,0.09249033154919743,0
2026-02-09 22:37:41.986,0.01385415904223919,0,0.07297020507976412,0
2026-02-09 22:37:42.093,0.016089968383312225,0,0.028140827547758818,0
2026-02-09 22:37:42.200,0.016155138611793518,0,0.022864680271595716,0
2026-02-09 22:37:42.306,0.010951083153486252,0,0.034413428883999585,0
2026-02-09 22:37:42.413,0.01725260727107525,0,0.04779212949797511,0
2026-02-09 22:37:42.520,0.04247939586639404,0,0.06940404847264289,0
2026-02-09 22:37:42.626,0.05245582014322281,0,0.14452906791120768,0
2026-02-09 22:37:42.733,0.14828509092330933,0,0.19172521252185107,0
2026-02-09 22:37:42.840,0.1509072184562683,0,0.2230479197576642,0
2026-02-09 22:37:42.946,0.22561000287532806,0,0.2386022036895156,0
2026-02-09 22:37:43.053,0.765104353427887,1,0.2416330274194479,0
2026-02-09 22:37:43.160,0.4880514144897461,0,0.24178143367171287,0
2026-02-09 22:37:43.266,0.3293822109699249,0,0.23959369491785765,0
2026-02-09 22:37:43.373,0.16649392247200012,0,0.2282272970303893,0
2026-02-09 22:37:43.480,0.04756084457039833,0,0.21671142484992742,0
2026-02-09 22:37:43.586,0.04396345838904381,0,0.19695725943893194,0
2026-02-09 22:37:43.693,0.030578432604670525,0,0.12181912772357464,0
2026-02-09 22:37:43.800,0.034621112048625946,0,0.07325417983811348,0
2026-02-09 22:37:43.906,0.035748496651649475,0,0.04049813791643828,0
2026-02-09 22:37:44.013,0.02806834876537323,0,0.024034698959439993,0
2026-02-09 22:37:44.120,0.013723036274313927,0,0.019616406061686575,0
2026-02-09 22:37:44.226,0.0024019356351345778,0,0.016584171750582754,0
2026-02-09 22:37:44.333,0.0018217917531728745,0,0.013972742040641606,0
2026-02-09 22:37:44.440,0.0018595329020172358,0,0.011027301964350044,0
2026-02-09 22:37:44.546,0.0033779155928641558,0,0.008109121094457805,0
2026-02-09 22:37:44.653,0.0136411152780056,0,0.00555367972701788,0
2026-02-09 22:37:44.760,0.004464135505259037,0,0.0043980671325698495,0
2026-02-09 22:37:44.866,0.005166711285710335,0,0.004363023838959634,0
2026-02-09 22:37:44.973,0.006566687952727079,0,0.004435256659053266,0
2026-02-09 22:37:45.080,0.0025139350909739733,0,0.004498215741477907,0
2026-02-09 22:37:45.186,0.0021669103298336267,0,0.004346534016076475,0
2026-02-09 22:37:45.293,0.002051502699032426,0,0.003067137481411919,0
2026-02-09 22:37:45.400,0.002544119954109192,0,0.002696260466473177,0
2026-02-09 22:37:45.506,0.0024891237262636423,0,0.0022785529668908565,0
2026-02-09 22:37:45.613,0.0018610983388498425,0,0.0017158906615804882,0
2026-02-09 22:37:45.720,0.0008471499313600361,0,0.0015921747020911426,0
2026-02-09 22:37:45.826,0.0007553653558716178,0,0.002089878910919651,0
2026-02-09 22:37:45.933,0.0009896362898871303,0,0.002156755462056026,0
2026-02-09 22:37:46.040,0.000940064899623394,0,0.002074000454740599,0
2026-02-09 22:37:46.146,0.0012767754960805178,0,0.0019060689955949783,0
2026-02-09 22:37:46.253,0.007143952418118715,0,0.0017719961819238962,0
2026-02-09 22:37:46.360,0.0027202682103961706,0,0.001839203730924055,0
2026-02-09 22:37:46.466,0.0017165698809549212,0,0.0018616454734001308,0
2026-02-09 22:37:46.573,0.0008098091348074377,0,0.001838751626200974,0
2026-02-09 22:37:46.680,0.00052037020213902,0,0.001790072477888316,0
2026-02-09 22:37:46.786,0.0015192254213616252,0,0.001692538443603553,0
2026-02-09 22:37:46.893,0.0009797827806323767,0,0.0010197100113146008,0
2026-02-09 22:37:47.000,0.0007606978178955615,0,0.0007688239798881114,0
2026-02-09 22:37:47.106,0.0004532734164968133,0,0.0006520225026179105,0
2026-02-09 22:37:47.213,0.0003014351532328874,0,0.0006262746290303766,0
2026-02-09 22:37:47.320,0.00041566809522919357,0,0.0006711600173730404,0
2026-02-09 22:37:47.426,0.00021140789613127708,0,0.0007952274230774492,0
2026-02-09 22:37:47.533,0.0005485551082529128,0,0.0007496004342101515,0
2026-02-09 22:37:47.640,0.0005523303989320993,0,0.0007084531447617337,0
2026-02-09 22:37:47.746,0.0009692240855656564,0,0.0006913206365425139,0
2026-02-09 22:37:47.853,0.002759899478405714,0,0.0006729026848915964,0
2026-02-09 22:37:47.960,0.000523512891959399,0,0.0006644615583354607,0
2026-02-09 22:37:48.066,0.0003492249234113842,0,0.0006674583826679736,0
2026-02-09 22:37:48.173,0.00028194833430461586,0,0.0006378768797731027,0
2026-02-09 22:37:48.280,0.00011725563672371209,0,0.0006012260637362488,0
2026-02-09 22:37:48.386,0.00033125682966783643,0,0.0005218990379944443,0
2026-02-09 22:37:48.493,0.00024137613945640624,0,0.0002587895069154911,0
2026-02-09 22:37:48.600,0.0002527400793042034,0,0.00022180002270033583,0
2026-02-09 22:37:48.706,0.00018582223856355995,0,0.00027281604852760213,0
2026-02-09 22:37:48.813,0.0001759538281476125,0,0.0004445890706847422,0
2026-02-09 22:37:48.920,0.00012880416761618108,0,0.0017861491549410857,0
2026-02-09 22:37:49.026,0.00015361804980784655,0,0.027705744114064144,0
2026-02-09 22:37:49.133,0.000859385181684047,0,0.040278170495003,0
2026-02-09 22:37:49.240,0.0019996785558760166,0,0.05435523325140821,0
2026-02-09 22:37:49.346,0.013532856479287148,0,0.06515560409461614,0
2026-02-09 22:37:49.453,0.25952720642089844,0,0.06715841729746899,0
2026-02-09 22:37:49.560,0.1259656399488449,0,0.06946873091510497,0
2026-02-09 22:37:49.666,0.14102336764335632,0,0.07504356282879598,0
2026-02-09 22:37:49.773,0.10818953067064285,0,0.0795916544739157,0
2026-02-09 22:37:49.880,0.0202040858566761,0,0.08200015481561422,0
2026-02-09 22:37:49.986,0.02323194034397602,0,0.0850583255290985,0
2026-02-09 22:37:50.093,0.05590193718671799,0,0.06963654309511184,0
2026-02-09 22:37:50.200,0.046340301632881165,0,0.06937002241611481,0
2026-02-09 22:37:50.306,0.02608468197286129,0,0.06297512426972389,0
2026-02-09 22:37:50.413,0.04411456361413002,0,0.06542686522006988,0
2026-02-09 22:37:50.520,0.1053093820810318,0,0.07144311182200909,0
2026-02-09 22:37:50.626,0.12330043315887451,0,0.07223647553473711,0
2026-02-09 22:37:50.733,0.07707438617944717,0,0.0673004399985075,0
2026-02-09 22:37:50.840,0.13270694017410278,0,0.06434582527726888,0
2026-02-09 22:37:50.946,0.08036655187606812,0,0.06200800354126841,0
2026-02-09 22:37:51.053,0.031165577471256256,0,0.05787851307541132,0
2026-02-09 22:37:51.160,0.006541581824421883,0,0.04800278446637094,0
2026-02-09 22:37:51.266,0.016794154420495033,0,0.036575675243511796,0
2026-02-09 22:37:51.373,0.0027064646128565073,0,0.030324520310387015,0
2026-02-09 22:37:51.480,0.0028196589555591345,0,0.018949141493067145,0
2026-02-09 22:37:51.586,0.006552095990628004,0,0.012790624564513565,0
2026-02-09 22:37:51.693,0.00902934093028307,0,0.0136746475007385,0
2026-02-09 22:37:51.800,0.014562836848199368,0,0.0212998382281512,0
2026-02-09 22:37:51.906,0.018953152000904083,0,0.04482770985923708,0
2026-02-09 22:37:52.013,0.018781382590532303,0,0.0846439765067771,0
2026-02-09 22:37:52.120,0.04000580683350563,0,0.17362460936419666,0
2026-02-09 22:37:52.226,0.08279348909854889,0,0.2671532083302736,0
2026-02-09 22:37:52.333,0.25207287073135376,0,0.36233659749850633,0
2026-02-09 22:37:52.440,0.40086913108825684,0,0.45472680777311325,0
2026-02-09 22:37:52.546,0.8926259875297546,1,0.5343994416296483,1
2026-02-09 22:37:52.653,0.9418380856513977,1,0.6078160006552935,1
2026-02-09 22:37:52.760,0.9608632326126099,1,0.6756999924778938,1
2026-02-09 22:37:52.866,0.9384649395942688,1,0.7350347936153412,1
2026-02-09 22:37:52.973,0.8156794905662537,1,0.764339154958725,1
2026-02-09 22:37:53.080,0.7529469728469849,1,0.7767457604408264,1
2026-02-09 22:37:53.186,0.7188457250595093,1,0.7166340500116348,1
2026-02-09 22:37:53.293,0.6761415004730225,1,0.6317864835262299,1
2026-02-09 22:37:53.400,0.5451164841651917,1,0.5561337366700172,1
2026-02-09 22:37:53.506,0.5249351859092712,1,0.4921622321009636,0
2026-02-09 22:37:53.613,0.29150888323783875,0,0.4495203003287315,0
2026-02-09 22:37:53.720,0.09336242079734802,0,0.44200835675001143,0
2026-02-09 22:37:53.826,0.2043357640504837,0,0.40608901232481004,0
2026-02-09 22:37:53.933,0.2987498939037323,0,0.3523965358734131,0
2026-02-09 22:37:54.040,0.3892601728439331,0,0.30293085165321826,0
2026-02-09 22:37:54.146,0.6778275370597839,1,0.25217641443014144,0
2026-02-09 22:37:54.253,0.3596522808074951,0,0.22544166445732117,0
2026-02-09 22:37:54.360,0.13921673595905304,0,0.21962789073586464,0
2026-02-09 22:37:54.466,0.050459641963243484,0,0.20134229809045792,0
2026-02-09 22:37:54.573,0.017390813678503036,0,0.1743356429040432,0
2026-02-09 22:37:54.680,0.024161383509635925,0,0.13754638861864804,0
2026-02-09 22:37:54.786,0.035224683582782745,0,0.0727948123589158,0
2026-02-09 22:37:54.893,0.021479837596416473,0,0.03864299561828375,0
2026-02-09 22:37:55.000,0.028683342039585114,0,0.03389221113175154,0
2026-02-09 22:37:55.106,0.02136762998998165,0,0.07300821039825678,0
2026-02-09 22:37:55.213,0.03031177446246147,0,0.14886154960840942,0
2026-02-09 22:37:55.320,0.018134113401174545,0,0.24099437575787305,0
2026-02-09 22:37:55.426,0.09170889109373093,0,0.33178731705993414,0
2026-02-09 22:37:55.533,0.4416196346282959,0,0.4251113234087825,0
2026-02-09 22:37:55.640,0.7759242057800293,1,0.516537239216268,1
2026-02-09 22:37:55.746,0.9454896450042725,1,0.5964141368865967,1
2026-02-09 22:37:55.853,0.9431540966033936,1,0.628223018720746,1
2026-02-09 22:37:55.960,0.9547199010848999,1,0.6620501361787319,1
2026-02-09 22:37:56.066,0.9429425001144409,1,0.7066648095846176,1
2026-02-09 22:37:56.173,0.8201366066932678,1,0.7365586131811142,1
2026-02-09 22:37:56.280,0.3484005928039551,0,0.7485016852617263,1
2026-02-09 22:37:56.386,0.3564052879810333,0,0.7408349603414536,1
2026-02-09 22:37:56.493,0.5378556251525879,1,0.7292329877614975,1
2026-02-09 22:37:56.600,0.7405576705932617,1,0.7197612196207046,1
2026-02-09 22:37:56.706,0.8953549265861511,1,0.7128006726503372,1
2026-02-09 22:37:56.813,0.8688223958015442,1,0.7211430937051773,1
2026-02-09 22:37:56.920,0.827134370803833,1,0.7830505758523941,1
2026-02-09 22:37:57.026,0.8600022196769714,1,0.8335524260997772,1
2026-02-09 22:37:57.133,0.8733370304107666,1,0.8560102581977844,1
2026-02-09 22:37:57.240,0.9035608172416687,1,0.8580770492553711,1
2026-02-09 22:37:57.346,0.967475414276123,1,0.8487557351589203,1
2026-02-09 22:37:57.453,0.8614237904548645,1,0.8498307466506958,1
2026-02-09 22:37:57.560,0.7624339461326599,1,0.8557801604270935,1
2026-02-09 22:37:57.666,0.7612255811691284,1,0.8533562183380127,1
2026-02-09 22:37:57.773,0.8021417856216431,1,0.8510498464107513,1
2026-02-09 22:37:57.880,0.8795725107192993,1,0.8421749532222748,1
2026-02-09 22:37:57.986,0.8866285085678101,1,0.827079838514328,1
2026-02-09 22:37:58.093,0.8357627987861633,1,0.8207514405250549,1
2026-02-09 22:37:58.200,0.8502733111381531,1,0.825201690196991,1
2026-02-09 22:37:58.306,0.8148118853569031,1,0.8414454340934754,1
2026-02-09 22:37:58.413,0.8165242671966553,1,0.8589544713497161,1
2026-02-09 22:37:58.520,0.7981398105621338,1,0.8702928364276886,1
2026-02-09 22:37:58.626,0.8069364428520203,1,0.878817331790924,1
2026-02-09 22:37:58.733,0.9236630201339722,1,0.8905194103717804,1
2026-02-09 22:37:58.840,0.9772321581840515,1,0.8944786369800568,1
2026-02-09 22:37:58.946,0.9929561614990234,1,0.8743850409984588,1
2026-02-09 22:37:59.053,0.9718734622001648,1,0.815639877319336,1
2026-02-09 22:37:59.160,0.9527835845947266,1,0.7521068215370178,1
2026-02-09 22:37:59.266,0.8898655772209167,1,0.7041765451431274,1
2026-02-09 22:37:59.373,0.6138759255409241,1,0.6547109454870224,1
2026-02-09 22:37:59.480,0.22907263040542603,0,0.5774152770638465,1
2026-02-09 22:37:59.586,0.16280925273895264,0,0.4931480199098587,0
2026-02-09 22:37:59.693,0.32763367891311646,0,0.4068895861506462,0
2026-02-09 22:37:59.800,0.42900702357292175,0,0.3395348146557808,0
2026-02-09 22:37:59.906,0.2042754739522934,0,0.2550184693187475,0
2026-02-09 22:38:00.013,0.1502835899591446,0,0.19619650710374117,0
2026-02-09 22:38:00.120,0.10928912460803986,0,0.17504206504672765,0
2026-02-09 22:38:00.226,0.2792358696460724,0,0.15947672105394303,0
2026-02-09 22:38:00.333,0.04470212385058403,0,0.13230765513144432,0
2026-02-09 22:38:00.440,0.025656303390860558,0,0.09047118504531682,0
2026-02-09 22:38:00.546,0.01752820983529091,0,0.07311771237291395,0
2026-02-09 22:38:00.653,0.007155812811106443,0,0.06294485391117632,0
2026-02-09 22:38:00.760,0.055943019688129425,0,0.05790698216296732,0
2026-02-09 22:38:00.866,0.010642322711646557,0,0.03579877712763846,0
2026-02-09 22:38:00.973,0.03074074722826481,0,0.03535346672870219,0
2026-02-09 22:38:01.080,0.048555005341768265,0,0.03463134118355811,0
2026-02-09 22:38:01.186,0.05891040712594986,0,0.03360281968489289,0
2026-02-09 22:38:01.293,0.05815381929278374,0,0.03360138135030866,0
2026-02-09 22:38:01.400,0.040249019861221313,0,0.029061511717736722,0
2026-02-09 22:38:01.506,0.018435047939419746,0,0.03021638924255967,0
2026-02-09 22:38:01.613,0.007242994848638773,0,0.037292185332626106,0
2026-02-09 22:38:01.720,0.007141429465264082,0,0.04534148974344134,0
2026-02-09 22:38:01.826,0.010544323362410069,0,0.04573979107663036,0
2026-02-09 22:38:01.933,0.02219109795987606,0,0.04317797860130668,0
2026-02-09 22:38:02.040,0.10149870812892914,0,0.04121876629069447,0
2026-02-09 22:38:02.146,0.12904804944992065,0,0.04237938905134797,0
2026-02-09 22:38:02.253,0.06289342045783997,0,0.04792153523303568,0
2026-02-09 22:38:02.360,0.03253569453954697,0,0.05512560261413455,0
2026-02-09 22:38:02.466,0.020656896755099297,0,0.05961127895861864,0
2026-02-09 22:38:02.573,0.030041275545954704,0,0.06374553628265858,0
2026-02-09 22:38:02.680,0.0626644566655159,0,0.05569445565342903,0
2026-02-09 22:38:02.786,0.07918210327625275,0,0.04436021540313959,0
2026-02-09 22:38:02.893,0.05540108680725098,0,0.0431292599067092,0
2026-02-09 22:38:03.000,0.06353367120027542,0,0.06978200804442167,0
2026-02-09 22:38:03.106,0.020987901836633682,0,0.0912824809551239,0
2026-02-09 22:38:03.213,0.015705646947026253,0,0.14065922517329454,0
2026-02-09 22:38:03.320,0.050583865493535995,0,0.16800789777189493,0
2026-02-09 22:38:03.426,0.29906317591667175,0,0.1747789138928056,0
2026-02-09 22:38:03.533,0.23566162586212158,0,0.17936421204358338,0
2026-02-09 22:38:03.640,0.5238087177276611,1,0.19098029229789973,0
2026-02-09 22:38:03.746,0.3361511826515198,0,0.2225400572642684,0
2026-02-09 22:38:03.853,0.1468922644853592,0,0.2468565795570612,0
2026-02-09 22:38:03.960,0.10125406831502914,0,0.24944778606295587,0
2026-02-09 22:38:04.066,0.17969447374343872,0,0.22883183509111404,0
2026-02-09 22:38:04.173,0.33658555150032043,0,0.21212662383913994,0
2026-02-09 22:38:04.280,0.2588708698749542,0,0.167088520526886,0
2026-02-09 22:38:04.386,0.0764959305524826,0,0.13683376498520375,0
2026-02-09 22:38:04.493,0.09290366619825363,0,0.1258192267268896,0
2026-02-09 22:38:04.600,0.06860951334238052,0,0.1212322473526001,0
2026-02-09 22:38:04.706,0.07342768460512161,0,0.11144358441233634,0
2026-02-09 22:38:04.813,0.03360362723469734,0,0.09404161050915719,0
2026-02-09 22:38:04.920,0.036746881902217865,0,0.073546626791358,0
2026-02-09 22:38:05.026,0.05538427457213402,0,0.06946008019149304,0
2026-02-09 22:38:05.133,0.08180784434080124,0,0.06789274252951145,0
2026-02-09 22:38:05.240,0.16256581246852875,0,0.0706132348626852,0
2026-02-09 22:38:05.346,0.05392103269696236,0,0.08708313442766666,0
2026-02-09 22:38:05.453,0.03563046455383301,0,0.1135476216673851,0
2026-02-09 22:38:05.560,0.0772302895784378,0,0.13425987288355828,0
2026-02-09 22:38:05.666,0.09581443667411804,0,0.1620096292346716,0
2026-02-09 22:38:05.773,0.23812668025493622,0,0.21173531152307987,0
2026-02-09 22:38:05.880,0.2982484996318817,0,0.2655249822884798,0
2026-02-09 22:38:05.986,0.24386939406394958,0,0.33348250985145567,0
2026-02-09 22:38:06.093,0.3328818380832672,0,0.4128116488456726,0
2026-02-09 22:38:06.200,0.579064667224884,1,0.48897058218717576,0
2026-02-09 22:38:06.306,0.7004625201225281,1,0.5597509995102883,1
2026-02-09 22:38:06.413,0.7334963083267212,1,0.626411160826683,1
2026-02-09 22:38:06.520,0.8289218544960022,1,0.6435865670442581,1
2026-02-09 22:38:06.626,0.8388196229934692,1,0.6518673598766327,1
2026-02-09 22:38:06.733,0.8036186099052429,1,0.6536047637462616,1
2026-02-09 22:38:06.840,0.9047282934188843,1,0.6200654730200768,1
2026-02-09 22:38:06.946,0.47000256180763245,0,0.5873522385954857,1
2026-02-09 22:38:07.053,0.3266773223876953,0,0.5523391678929329,1
2026-02-09 22:38:07.160,0.3502558767795563,0,0.50100207477808,1
2026-02-09 22:38:07.266,0.24367175996303558,0,0.4376197993755341,0
2026-02-09 22:38:07.373,0.37333017587661743,0,0.3856504738330841,0
2026-02-09 22:38:07.480,0.38336560130119324,0,0.31402711272239686,0
2026-02-09 22:38:07.586,0.31555092334747314,0,0.27714660838246347,0
2026-02-09 22:38:07.693,0.20499686896800995,0,0.2570912651717663,0
2026-02-09 22:38:07.800,0.2839253544807434,0,0.23290513679385186,0
2026-02-09 22:38:07.906,0.18849468231201172,0,0.22408045306801797,0
2026-02-09 22:38:08.013,0.10119751840829849,0,0.22854164913296698,0
2026-02-09 22:38:08.120,0.12612389028072357,0,0.20609236881136894,0
2026-02-09 22:38:08.226,0.10839459300041199,0,0.18454927504062651,0
2026-02-09 22:38:08.333,0.15542492270469666,0,0.17013132236897946,0
2026-02-09 22:38:08.440,0.4179421365261078,0,0.14458016734570264,0
2026-02-09 22:38:08.546,0.1588727980852127,0,0.1295160824432969,0
2026-02-09 22:38:08.653,0.10011998564004898,0,0.1225926646962762,0
2026-02-09 22:38:08.760,0.06081734225153923,0,0.11420111302286387,0
2026-02-09 22:38:08.866,0.02841380424797535,0,0.10659586135298013,0
2026-02-09 22:38:08.973,0.03785383328795433,0,0.09381230045109987,0
2026-02-09 22:38:09.080,0.03196334093809128,0,0.05492193438112736,0
2026-02-09 22:38:09.186,0.04220837354660034,0,0.041614210605621337,0
2026-02-09 22:38:09.293,0.03234207630157471,0,0.03747824802994728,0
2026-02-09 22:38:09.400,0.027589313685894012,0,0.04293262474238872,0
2026-02-09 22:38:09.506,0.029038475826382637,0,0.055787783302366736,0
2026-02-09 22:38:09.613,0.02579556033015251,0,0.0967510698363185,0
2026-02-09 22:38:09.720,0.05876035988330841,0,0.1334661042317748,0
2026-02-09 22:38:09.826,0.11536110937595367,0,0.1823033070191741,0
2026-02-09 22:38:09.933,0.15696538984775543,0,0.24291568156331778,0
2026-02-09 22:38:10.040,0.4474866986274719,0,0.29526826571673154,0
2026-02-09 22:38:10.146,0.3991136848926544,0,0.3569717761129141,0
2026-02-09 22:38:10.253,0.5305804014205933,1,0.40932462364435196,0
2026-02-09 22:38:10.360,0.6384658217430115,1,0.44331531822681425,0
2026-02-09 22:38:10.466,0.5511151552200317,1,0.4764655604958534,0
2026-02-09 22:38:10.573,0.646073579788208,1,0.5080499947071075,1
2026-02-09 22:38:10.680,0.5493240356445312,1,0.4976046919822693,0
2026-02-09 22:38:10.786,0.3986673057079315,0,0.5003839313983918,1
2026-02-09 22:38:10.893,0.4468635320663452,0,0.4992652297019958,0
2026-02-09 22:38:11.000,0.47280973196029663,0,0.4904844880104065,0
2026-02-09 22:38:11.106,0.34303367137908936,0,0.512847101688385,1
2026-02-09 22:38:11.213,0.4269060790538788,0,0.5356761693954468,1
2026-02-09 22:38:11.320,0.5193933844566345,1,0.5370067238807679,1
2026-02-09 22:38:11.426,0.5506584048271179,1,0.5369317054748535,1
2026-02-09 22:38:11.533,0.7747412919998169,1,0.5355410486459732,1
2026-02-09 22:38:11.640,0.8743642568588257,1,0.52852823138237,1
2026-02-09 22:38:11.746,0.5626295804977417,1,0.541761064529419,1
2026-02-09 22:38:11.853,0.39791712164878845,0,0.5499615520238876,1
2026-02-09 22:38:11.960,0.4329569637775421,0,0.567679813504219,1
2026-02-09 22:38:12.066,0.4026815593242645,0,0.5666211515665054,1
2026-02-09 22:38:12.173,0.47536200284957886,0,0.5531263560056686,1
2026-02-09 22:38:12.280,0.5089109539985657,1,0.5246041208505631,1
2026-02-09 22:38:12.386,0.6965759992599487,1,0.5209843009710312,1
2026-02-09 22:38:12.493,0.5400717854499817,1,0.5466145217418671,1
2026-02-09 22:38:12.600,0.639793336391449,1,0.5711903005838395,1
2026-02-09 22:38:12.706,0.5891419053077698,1,0.6140233695507049,1
2026-02-09 22:38:12.813,0.5264313817024231,1,0.657887977361679,1
2026-02-09 22:38:12.920,0.6542193293571472,1,0.6487234026193619,1
2026-02-09 22:38:13.026,0.6787147521972656,1,0.5931688621640205,1
2026-02-09 22:38:13.133,0.8310122489929199,1,0.546265310049057,1
2026-02-09 22:38:13.240,0.9140080809593201,1,0.48550304770469666,0
2026-02-09 22:38:13.346,0.4172652065753937,0,0.4310961328446865,0
2026-02-09 22:38:13.453,0.14103059470653534,0,0.38175705187022685,0
2026-02-09 22:38:13.560,0.07103626430034637,0,0.31886343099176884,0
2026-02-09 22:38:13.666,0.03217071294784546,0,0.25241510588675736,0
2026-02-09 22:38:13.773,0.045072756707668304,0,0.17062699273228646,0
2026-02-09 22:38:13.880,0.033040571957826614,0,0.08064246149733663,0
2026-02-09 22:38:13.986,0.025283120572566986,0,0.039750946778804065,0
2026-02-09 22:38:14.093,0.014231501147150993,0,0.027572791557759047,0
2026-02-09 22:38:14.200,0.013131117448210716,0,0.0242261684499681,0
2026-02-09 22:38:14.306,0.014162768609821796,0,0.02623010715469718,0
2026-02-09 22:38:14.413,0.008350059390068054,0,0.024828693177551032,0
2026-02-09 22:38:14.520,0.019249042496085167,0,0.022286779712885618,0
2026-02-09 22:38:14.626,0.037570033222436905,0,0.02080433499068022,0
2026-02-09 22:38:14.733,0.05221009999513626,0,0.01976215625181794,0
2026-02-09 22:38:14.840,0.031058616936206818,0,0.01881018211133778,0
2026-02-09 22:38:14.946,0.007621437311172485,0,0.01792334234341979,0
2026-02-09 22:38:15.053,0.010458673350512981,0,0.017467833869159222,0
2026-02-09 22:38:15.160,0.0038097137585282326,0,0.01581609642598778,0
2026-02-09 22:38:15.266,0.003611376043409109,0,0.012208232202101498,0
2026-02-09 22:38:15.373,0.00529437093064189,0,0.007101113465614617,0
2026-02-09 22:38:15.480,0.003794974647462368,0,0.004047802789136768,0
2026-02-09 22:38:15.586,0.0027316680643707514,0,0.0033666089992038907,0
2026-02-09 22:38:15.693,0.0014913909835740924,0,0.002629377378616482,0
2026-02-09 22:38:15.800,0.0011389126302674413,0,0.002861997077707201,0
2026-02-09 22:38:15.906,0.0005255101714283228,0,0.004624559555668384,0
2026-02-09 22:38:16.013,0.0008094994118437171,0,0.005975539667997509,0
2026-02-09 22:38:16.120,0.003086357144638896,0,0.009174566494766622,0
2026-02-09 22:38:16.226,0.006135910749435425,0,0.011653756664600223,0
2026-02-09 22:38:16.333,0.021237000823020935,0,0.012433047266677022,0
2026-02-09 22:38:16.440,0.018804172053933144,0,0.013239246641751379,0
2026-02-09 22:38:16.546,0.0357852429151535,0,0.013564803579356521,0
2026-02-09 22:38:16.653,0.027523569762706757,0,0.013826002064161003,0
2026-02-09 22:38:16.760,0.00928429700434208,0,0.013935767160728574,0
2026-02-09 22:38:16.866,0.00920090638101101,0,0.01388034806586802,0
2026-02-09 22:38:16.973,0.0037810795474797487,0,0.013114652829244733,0
2026-02-09 22:38:17.080,0.0034214842598885298,0,0.013058870518580078,0
2026-02-09 22:38:17.186,0.004184008110314608,0,0.017224306846037506,0
2026-02-09 22:38:17.293,0.005581719800829887,0,0.0245115349534899,0
2026-02-09 22:38:17.400,0.013580048456788063,0,0.03539139931090176,0
2026-02-09 22:38:17.506,0.018246348947286606,0,0.08491857000626624,0
2026-02-09 22:38:17.613,0.07743960618972778,0,0.11167204037774354,0
2026-02-09 22:38:17.720,0.10039585083723068,0,0.1498317387420684,0
2026-02-09 22:38:17.826,0.1180829405784607,0,0.16923719011247157,0
2026-02-09 22:38:17.933,0.5044726133346558,1,0.1760646728798747,0
2026-02-09 22:38:18.040,0.2713157832622528,0,0.178266229480505,0
2026-02-09 22:38:18.146,0.3850184679031372,0,0.18067377880215646,0
2026-02-09 22:38:18.253,0.1982385218143463,0,0.176193081215024,0
2026-02-09 22:38:18.360,0.07385654747486115,0,0.17447007782757282,0
2026-02-09 22:38:18.466,0.0355956144630909,0,0.1742137510329485,0
2026-02-09 22:38:18.573,0.04232184216380119,0,0.14795319624245168,0
2026-02-09 22:38:18.680,0.032632630318403244,0,0.1409594316035509,0
2026-02-09 22:38:18.786,0.08316581696271896,0,0.13278780169785023,0
2026-02-09 22:38:18.893,0.11551967263221741,0,0.1640938926488161,0
2026-02-09 22:38:19.000,0.2418670654296875,0,0.21614724732935428,0
2026-02-09 22:38:19.106,0.20137813687324524,0,0.2990315452218056,0
2026-02-09 22:38:19.213,0.30330216884613037,0,0.3692799899727106,0
2026-02-09 22:38:19.320,0.5112994313240051,1,0.4379448466002941,0
2026-02-09 22:38:19.426,0.5943900942802429,1,0.5033301711082458,1
2026-02-09 22:38:19.533,0.8644385933876038,1,0.5845027178525924,1
2026-02-09 22:38:19.640,0.7448062896728516,1,0.6563257068395615,1
2026-02-09 22:38:19.746,0.7192811965942383,1,0.7331864833831787,1
2026-02-09 22:38:19.853,0.7370190620422363,1,0.8022951424121857,1
2026-02-09 22:38:19.960,0.9272451400756836,1,0.8509649217128754,1
2026-02-09 22:38:20.066,0.9600969552993774,1,0.8914485692977905,1
2026-02-09 22:38:20.173,0.9699859023094177,1,0.9048685312271119,1
2026-02-09 22:38:20.280,0.9943887591362,1,0.930293756723404,1
2026-02-09 22:38:20.386,0.9979972243309021,1,0.9583127617835998,1
2026-02-09 22:38:20.493,0.9992265701293945,1,0.984535938501358,1
2026-02-09 22:38:20.600,0.9986382126808167,1,0.9917553305625916,1
2026-02-09 22:38:20.706,0.9990585446357727,1,0.9957290410995483,1
2026-02-09 22:38:20.813,0.9994712471961975,1,0.9983210265636444,1
2026-02-09 22:38:20.920,0.9992508292198181,1,0.9978792250156403,1
2026-02-09 22:38:21.026,0.9994390606880188,1,0.9969510018825531,1
2026-02-09 22:38:21.133,0.9998340606689453,1,0.9950950443744659,1
2026-02-09 22:38:21.240,0.9959057569503784,1,0.991490489244461,1
2026-02-09 22:38:21.346,0.9899707436561584,1,0.9894645690917969,1
2026-02-09 22:38:21.453,0.9887149930000305,1,0.9880841612815857,1
2026-02-09 22:38:21.560,0.980666995048523,1,0.9839954912662506,1
2026-02-09 22:38:21.666,0.9625926613807678,1,0.973946726322174,1
2026-02-09 22:38:21.773,0.9787993431091309,1,0.9676751732826233,1
2026-02-09 22:38:21.880,0.9856671690940857,1,0.9602048575878144,1
2026-02-09 22:38:21.986,0.9583641290664673,1,0.9487008154392242,1
2026-02-09 22:38:22.093,0.8989514112472534,1,0.9435074269771576,1
2026-02-09 22:38:22.200,0.9371185302734375,1,0.9389657795429229,1
2026-02-09 22:38:22.306,0.9212026000022888,1,0.9409699857234954,1
2026-02-09 22:38:22.413,0.8749303221702576,1,0.9301823854446412,1
2026-02-09 22:38:22.520,0.936781108379364,1,0.9083159387111663,1
2026-02-09 22:38:22.626,0.9352505207061768,1,0.8681196093559265,1
2026-02-09 22:38:22.733,0.9826347231864929,1,0.7986911565065384,1
2026-02-09 22:38:22.840,0.8709233403205872,1,0.7333915263414383,1
2026-02-09 22:38:22.946,0.7670027017593384,1,0.6670575767755509,1
2026-02-09 22:38:23.053,0.5564008355140686,1,0.6035263240337372,1
2026-02-09 22:38:23.160,0.2046668827533722,0,0.5339858964085579,1
2026-02-09 22:38:23.266,0.2841222286224365,0,0.4630323931574821,0
2026-02-09 22:38:23.373,0.2578631043434143,0,0.3774216115474701,0
2026-02-09 22:38:23.480,0.23961779475212097,0,0.2978540316224098,0
2026-02-09 22:38:23.586,0.2413768321275711,0,0.23146038949489595,0
2026-02-09 22:38:23.693,0.2257154881954193,0,0.1913372814655304,0
2026-02-09 22:38:23.800,0.12652690708637238,0,0.21220560669898986,0
2026-02-09 22:38:23.906,0.07524754106998444,0,0.2678932785987854,0
2026-02-09 22:38:24.013,0.10306628048419952,0,0.3340243697166443,0
2026-02-09 22:38:24.120,0.1551697552204132,0,0.4089309900999069,0
2026-02-09 22:38:24.226,0.4133501350879669,0,0.484563048183918,0
2026-02-09 22:38:24.333,0.8409989476203918,1,0.5619070753455162,1
2026-02-09 22:38:24.440,0.9191740155220032,1,0.6492108434438706,1
2026-02-09 22:38:24.546,0.9886839985847473,1,0.7415704682469368,1
2026-02-09 22:38:24.653,0.9976974129676819,1,0.8311515033245087,1
2026-02-09 22:38:24.760,0.9991557598114014,1,0.9155585318803787,1
2026-02-09 22:38:24.866,0.9995645880699158,1,0.9739974021911622,1
2026-02-09 22:38:24.973,0.998843789100647,1,0.9863345861434937,1
2026-02-09 22:38:25.080,0.9988766312599182,1,0.9886236727237702,1
2026-02-09 22:38:25.186,0.9992400407791138,1,0.9865705728530884,1
2026-02-09 22:38:25.293,0.9977388381958008,1,0.9854878783226013,1
2026-02-09 22:38:25.400,0.9643707871437073,1,0.9851102232933044,1
2026-02-09 22:38:25.506,0.9420648813247681,1,0.985009765625,1
2026-02-09 22:38:25.613,0.9681529998779297,1,0.9849615871906281,1
2026-02-09 22:38:25.720,0.9868704676628113,1,0.9847469687461853,1
2026-02-09 22:38:25.826,0.9953792095184326,1,0.984120887517929,1
2026-02-09 22:38:25.933,0.9985600113868713,1,0.9825002551078796,1
2026-02-09 22:38:26.040,0.9983620047569275,1,0.9834572613239289,1
2026-02-09 22:38:26.146,0.9967304468154907,1,0.9861453890800476,1
2026-02-09 22:38:26.253,0.9929792284965515,1,0.9849893271923065,1
2026-02-09 22:38:26.360,0.9815325140953064,1,0.9831651210784912,1
2026-02-09 22:38:26.466,0.9739408493041992,1,0.9807447254657745,1
2026-02-09 22:38:26.573,0.9689461588859558,1,0.968446010351181,1
2026-02-09 22:38:26.680,0.9565923810005188,1,0.9549412608146668,1
2026-02-09 22:38:26.786,0.9686284065246582,1,0.941556316614151,1
2026-02-09 22:38:26.893,0.9711752533912659,1,0.9370192170143128,1
2026-02-09 22:38:27.000,0.8755728602409363,1,0.9359288096427918,1
2026-02-09 22:38:27.106,0.8633145093917847,1,0.9333869636058807,1
2026-02-09 22:38:27.213,0.8628810048103333,1,0.9315927624702454,1
2026-02-09 22:38:27.320,0.947608232498169,1,0.930451101064682,1
2026-02-09 22:38:27.426,0.9706284403800964,1,0.925682133436203,1
2026-02-09 22:38:27.533,0.9485223889350891,1,0.9194797396659851,1
2026-02-09 22:38:27.640,0.951004147529602,1,0.9286241054534912,1
2026-02-09 22:38:27.746,0.9451757669448853,1,0.9397361576557159,1
2026-02-09 22:38:27.853,0.9209387302398682,1,0.9504907608032227,1
2026-02-09 22:38:27.960,0.9091513156890869,1,0.9532204031944275,1
2026-02-09 22:38:28.066,0.9670165181159973,1,0.9541005194187164,1
2026-02-09 22:38:28.173,0.974435031414032,1,0.9570559382438659,1
2026-02-09 22:38:28.280,0.9704270362854004,1,0.959679800271988,1
2026-02-09 22:38:28.386,0.9749046564102173,1,0.9637454450130463,1
2026-02-09 22:38:28.493,0.9794296026229858,1,0.9669706702232361,1
2026-02-09 22:38:28.600,0.9780765771865845,1,0.9694349110126496,1
2026-02-09 22:38:28.706,0.9772427678108215,1,0.9411220669746398,1
2026-02-09 22:38:28.813,0.9858322143554688,1,0.8928149551153183,1
2026-02-09 22:38:28.920,0.9531909823417664,1,0.8341661602258682,1
2026-02-09 22:38:29.026,0.9337937235832214,1,0.7645182907581329,1
2026-02-09 22:38:29.133,0.6838880777359009,1,0.7305248260498047,1
2026-02-09 22:38:29.240,0.49136391282081604,0,0.7053015172481537,1
2026-02-09 22:38:29.346,0.38393908739089966,0,0.6838263273239136,1
2026-02-09 22:38:29.453,0.2784259617328644,0,0.6671505451202393,1
2026-02-09 22:38:29.560,0.6394949555397034,1,0.6587979078292847,1
2026-02-09 22:38:29.666,0.7258434891700745,1,0.6531864762306213,1
2026-02-09 22:38:29.773,0.7624908685684204,1,0.6722176849842072,1
2026-02-09 22:38:29.880,0.8190743923187256,1,0.7214352399110794,1
2026-02-09 22:38:29.986,0.8696646094322205,1,0.7825798660516738,1
2026-02-09 22:38:30.093,0.8776794075965881,1,0.854469645023346,1
2026-02-09 22:38:30.200,0.874200165271759,1,0.8904154360294342,1
2026-02-09 22:38:30.306,0.9835394620895386,1,0.9176206231117249,1
2026-02-09 22:38:30.413,0.9953853487968445,1,0.9408861339092255,1
2026-02-09 22:38:30.520,0.997323751449585,1,0.957781833410263,1
2026-02-09 22:38:30.626,0.9989528656005859,1,0.9670361459255219,1
2026-02-09 22:38:30.733,0.997895359992981,1,0.9692555606365204,1
2026-02-09 22:38:30.840,0.9951459765434265,1,0.9769072353839874,1
2026-02-09 22:38:30.946,0.9880313873291016,1,0.9775808155536652,1
2026-02-09 22:38:31.053,0.9622077345848083,1,0.977684485912323,1
2026-02-09 22:38:31.160,0.8998735547065735,1,0.9777067124843597,1
2026-02-09 22:38:31.266,0.9507169127464294,1,0.9771572709083557,1
2026-02-09 22:38:31.373,0.9902752637863159,1,0.9767221808433533,1
2026-02-09 22:38:31.480,0.9964220523834229,1,0.9769507765769958,1
2026-02-09 22:38:31.586,0.9975460171699524,1,0.978044331073761,1
2026-02-09 22:38:31.693,0.9934584498405457,1,0.981754356622696,1
2026-02-09 22:38:31.800,0.9935444593429565,1,0.9917130529880523,1
2026-02-09 22:38:31.906,0.9974319338798523,1,0.9965794086456299,1
2026-02-09 22:38:32.013,0.9989669322967529,1,0.9974589049816132,1
2026-02-09 22:38:32.120,0.9993079900741577,1,0.9976346552371979,1
2026-02-09 22:38:32.226,0.9994605183601379,1,0.9974760472774505,1
2026-02-09 22:38:32.333,0.9993804693222046,1,0.9973066031932831,1
2026-02-09 22:38:32.440,0.9990702271461487,1,0.9974382281303406,1
2026-02-09 22:38:32.546,0.99817955493927,1,0.9967754662036896,1
2026-02-09 22:38:32.653,0.9959599375724792,1,0.9960108518600463,1
2026-02-09 22:38:32.760,0.9917640089988708,1,0.9950821936130524,1
2026-02-09 22:38:32.866,0.9948607087135315,1,0.9941853821277619,1
2026-02-09 22:38:32.973,0.9908043146133423,1,0.9935782730579377,1
2026-02-09 22:38:33.080,0.991320788860321,1,0.9931836783885956,1
2026-02-09 22:38:33.186,0.9900214076042175,1,0.9925099730491638,1
2026-02-09 22:38:33.293,0.9904924035072327,1,0.9924335837364197,1
2026-02-09 22:38:33.400,0.9933093786239624,1,0.9931033909320831,1
2026-02-09 22:38:33.506,0.9951242804527283,1,0.9931644439697266,1
2026-02-09 22:38:33.613,0.9914425015449524,1,0.9933560907840728,1
2026-02-09 22:38:33.720,0.9951960444450378,1,0.9935880720615387,1
2026-02-09 22:38:33.826,0.9984620809555054,1,0.9938502609729767,1
2026-02-09 22:38:33.933,0.9954712390899658,1,0.9938052773475647,1
2026-02-09 22:38:34.040,0.9927207827568054,1,0.9936511039733886,1
2026-02-09 22:38:34.146,0.9936406016349792,1,0.9919772863388061,1
2026-02-09 22:38:34.253,0.9926432967185974,1,0.9884389579296112,1
2026-02-09 22:38:34.360,0.9900425672531128,1,0.9847969830036163,1
2026-02-09 22:38:34.466,0.9917676448822021,1,0.9829586088657379,1
2026-02-09 22:38:34.573,0.9783861041069031,1,0.9817935168743134,1
2026-02-09 22:38:34.680,0.9560592174530029,1,0.9816646814346314,1
2026-02-09 22:38:34.786,0.9587762951850891,1,0.981507682800293,1
2026-02-09 22:38:34.893,0.9800783395767212,1,0.9802484273910522,1
2026-02-09 22:38:35.000,0.9838203191757202,1,0.9798511385917663,1
2026-02-09 22:38:35.106,0.9914324283599854,1,0.9688499748706818,1
2026-02-09 22:38:35.213,0.9920706152915955,1,0.9572600841522216,1
2026-02-09 22:38:35.320,0.9800507426261902,1,0.9460381090641021,1
2026-02-09 22:38:35.426,0.9860696792602539,1,0.9269419252872467,1
2026-02-09 22:38:35.533,0.8817560076713562,1,0.9193265080451966,1
2026-02-09 22:38:35.640,0.8624871969223022,1,0.915816605091095,1
2026-02-09 22:38:35.746,0.8438394665718079,1,0.9128576636314392,1
2026-02-09 22:38:35.853,0.7678144574165344,1,0.9080440521240234,1
2026-02-09 22:38:35.960,0.9039241671562195,1,0.9048791110515595,1
2026-02-09 22:38:36.066,0.9487212896347046,1,0.900193578004837,1
2026-02-09 22:38:36.173,0.9618430137634277,1,0.9079284846782685,1
2026-02-09 22:38:36.280,0.9439345002174377,1,0.9202554941177368,1
2026-02-09 22:38:36.386,0.9484013319015503,1,0.9354183971881866,1
2026-02-09 22:38:36.493,0.9392143487930298,1,0.9583283066749573,1
2026-02-09 22:38:36.600,0.9591050744056702,1,0.9679000198841095,1
2026-02-09 22:38:36.706,0.9857572913169861,1,0.972897869348526,1
2026-02-09 22:38:36.813,0.9954684972763062,1,0.976291048526764,1
2026-02-09 22:38:36.920,0.9969135522842407,1,0.9796684861183167,1
2026-02-09 22:38:37.026,0.9996412992477417,1,0.9811432003974915,1
2026-02-09 22:38:37.133,0.9986997842788696,1,0.9745303511619567,1
2026-02-09 22:38:37.240,0.9957748055458069,1,0.9267021000385285,1
2026-02-09 22:38:37.346,0.9777088761329651,1,0.8561415612697602,1
2026-02-09 22:38:37.453,0.9631484746932983,1,0.8020773679018021,1
2026-02-09 22:38:37.560,0.8730858564376831,1,0.7492028325796127,1
2026-02-09 22:38:37.666,0.4808225631713867,0,0.666656406223774,1
2026-02-09 22:38:37.773,0.280151903629303,0,0.585176183283329,1
2026-02-09 22:38:37.880,0.45482656359672546,0,0.5235023930668831,1
2026-02-09 22:38:37.986,0.4681681990623474,0,0.46028016656637194,0
2026-02-09 22:38:38.093,0.17417703568935394,0,0.4101442024111748,0
2026-02-09 22:38:38.200,0.18389755487442017,0,0.3869608387351036,0
2026-02-09 22:38:38.306,0.37903690338134766,0,0.3962214574217796,0
2026-02-09 22:38:38.413,0.3454866111278534,0,0.42668991535902023,0
2026-02-09 22:38:38.520,0.4617888331413269,0,0.4158833011984825,0
2026-02-09 22:38:38.626,0.6412522196769714,1,0.39741354137659074,0
2026-02-09 22:38:38.733,0.573428750038147,1,0.4140165448188782,0
2026-02-09 22:38:38.840,0.584836483001709,1,0.42697155475616455,0
2026-02-09 22:38:38.946,0.34676042199134827,0,0.4277528375387192,0
2026-02-09 22:38:39.053,0.28347060084342957,0,0.4332762748003006,0
2026-02-09 22:38:39.160,0.3402070701122284,0,0.42672874331474303,0
2026-02-09 22:38:39.266,0.31344765424728394,0,0.3864720299839973,0
2026-02-09 22:38:39.373,0.3868497312068939,0,0.35879851430654525,0
2026-02-09 22:38:39.480,0.4007209837436676,0,0.36936929672956464,0
2026-02-09 22:38:39.586,0.39631351828575134,0,0.39651395827531816,0
2026-02-09 22:38:39.693,0.23868508636951447,0,0.4456916257739067,0
2026-02-09 22:38:39.800,0.2966935932636261,0,0.5020956054329873,1
2026-02-09 22:38:39.906,0.6905443072319031,1,0.567996759712696,1
2026-02-09 22:38:40.013,0.6182070374488831,1,0.6282415732741355,1
2026-02-09 22:38:40.120,0.7752472758293152,1,0.6874554350972175,1
2026-02-09 22:38:40.226,0.9042468667030334,1,0.7466633841395378,1
2026-02-09 22:38:40.333,0.9724591970443726,1,0.8214899986982346,1
2026-02-09 22:38:40.440,0.9892978668212891,1,0.8909245729446411,1
2026-02-09 22:38:40.546,0.9928596019744873,1,0.9216081738471985,1
2026-02-09 22:38:40.653,0.9883930087089539,1,0.9594296872615814,1
2026-02-09 22:38:40.760,0.9869512319564819,1,0.981583833694458,1
2026-02-09 22:38:40.866,0.9910393357276917,1,0.9909939467906952,1
2026-02-09 22:38:40.973,0.9973803162574768,1,0.9936655521392822,1
2026-02-09 22:38:41.080,0.9964221715927124,1,0.9946264266967774,1
2026-02-09 22:38:41.186,0.996788740158081,1,0.9952820539474487,1
2026-02-09 22:38:41.293,0.9983479976654053,1,0.9964230060577393,1
2026-02-09 22:38:41.400,0.9991752505302429,1,0.9977070033550263,1
2026-02-09 22:38:41.506,0.9989066123962402,1,0.998514038324356,1
2026-02-09 22:38:41.613,0.9994158744812012,1,0.9986853718757629,1
2026-02-09 22:38:41.720,0.9998025298118591,1,0.9985085368156433,1
2026-02-09 22:38:41.826,0.9997912049293518,1,0.9984440445899964,1
2026-02-09 22:38:41.933,0.99910968542099,1,0.9985414266586303,1
2026-02-09 22:38:42.040,0.9990936517715454,1,0.9986090362071991,1
2026-02-09 22:38:42.146,0.9946538209915161,1,0.9986891865730285,1
2026-02-09 22:38:42.253,0.9961438179016113,1,0.9987029612064362,1
2026-02-09 22:38:42.360,0.9993218183517456,1,0.9986629724502564,1
2026-02-09 22:38:42.466,0.9998513460159302,1,0.9985538780689239,1
2026-02-09 22:38:42.573,0.9997081160545349,1,0.9983348608016968,1
2026-02-09 22:38:42.680,0.9995536208152771,1,0.9973949015140533,1
2026-02-09 22:38:42.786,0.999402642250061,1,0.9954340815544128,1
2026-02-09 22:38:42.893,0.9987002611160278,1,0.9924932003021241,1
2026-02-09 22:38:43.000,0.9969195127487183,1,0.9651373147964477,1
2026-02-09 22:38:43.106,0.9896940588951111,1,0.9458020627498627,1
2026-02-09 22:38:43.213,0.9750456213951111,1,0.9260804533958436,1
2026-02-09 22:38:43.320,0.9667350053787231,1,0.9009375691413879,1
2026-02-09 22:38:43.426,0.7257629632949829,1,0.8820363521575928,1
2026-02-09 22:38:43.533,0.8064988255500793,1,0.862064516544342,1
2026-02-09 22:38:43.640,0.8024920225143433,1,0.8367253065109252,1
2026-02-09 22:38:43.746,0.7481247782707214,1,0.8135375440120697,1
2026-02-09 22:38:43.853,0.8103904724121094,1,0.794798743724823,1
2026-02-09 22:38:43.960,0.7989819049835205,1,0.7830036103725433,1
2026-02-09 22:38:44.066,0.7435274124145508,1,0.8020266056060791,1
2026-02-09 22:38:44.173,0.7578164339065552,1,0.8142886579036712,1
2026-02-09 22:38:44.280,0.787657618522644,1,0.823786062002182,1
2026-02-09 22:38:44.386,0.8487836718559265,1,0.8447942554950714,1
2026-02-09 22:38:44.493,0.9159929156303406,1,0.8632755815982819,1
2026-02-09 22:38:44.600,0.929119348526001,1,0.880623072385788,1
2026-02-09 22:38:44.706,0.8974660634994507,1,0.9020581007003784,1
2026-02-09 22:38:44.813,0.9582067131996155,1,0.9231862127780914,1
2026-02-09 22:38:44.920,0.9952037334442139,1,0.9420502007007598,1
2026-02-09 22:38:45.026,0.9724568128585815,1,0.9554024755954742,1
2026-02-09 22:38:45.133,0.9578776955604553,1,0.96143918633461,1
2026-02-09 22:38:45.240,0.9690975546836853,1,0.9667090535163879,1
2026-02-09 22:38:45.346,0.9762974977493286,1,0.9734822571277618,1
2026-02-09 22:38:45.453,0.9823064208030701,1,0.9684860169887543,1
2026-02-09 22:38:45.560,0.976360023021698,1,0.936728322505951,1
2026-02-09 22:38:45.666,0.9818180203437805,1,0.8894093453884124,1
2026-02-09 22:38:45.773,0.9651980996131897,1,0.8638874232769013,1
2026-02-09 22:38:45.880,0.9082443118095398,1,0.8478318929672242,1
2026-02-09 22:38:45.986,0.6776267886161804,1,0.8239234983921051,1
2026-02-09 22:38:46.093,0.499267041683197,0,0.81696035861969,1
2026-02-09 22:38:46.200,0.702658474445343,1,0.8072984993457795,1
2026-02-09 22:38:46.306,0.8085422515869141,1,0.7981753587722779,1
2026-02-09 22:38:46.413,0.7372135519981384,1,0.7840225577354432,1
2026-02-09 22:38:46.520,0.9126750230789185,1,0.7720251381397247,1
2026-02-09 22:38:46.626,0.8797414302825928,1,0.7747084856033325,1
2026-02-09 22:38:46.733,0.8905866146087646,1,0.8044685661792755,1
2026-02-09 22:38:46.840,0.8236700892448425,1,0.8047878563404083,1
2026-02-09 22:38:46.946,0.788270115852356,1,0.7782151341438294,1
2026-02-09 22:38:47.053,0.7044602632522583,1,0.7222027093172073,1
2026-02-09 22:38:47.160,0.796867847442627,1,0.6369175668805838,1
2026-02-09 22:38:47.266,0.7058513760566711,1,0.5532414086163044,1
2026-02-09 22:38:47.373,0.5428150296211243,1,0.4695137422531843,0
2026-02-09 22:38:47.480,0.17708930373191833,0,0.38908660840243103,0
2026-02-09 22:38:47.586,0.059823598712682724,0,0.3117733214981854,0
2026-02-09 22:38:47.693,0.04297984763979912,0,0.24359870264306666,0
2026-02-09 22:38:47.800,0.05330995097756386,0,0.16489842031151056,0
2026-02-09 22:38:47.906,0.019398750737309456,0,0.0949006426613778,0
2026-02-09 22:38:48.013,0.015137246809899807,0,0.04087068224325776,0
2026-02-09 22:38:48.120,0.022714074701070786,0,0.023270772688556464,0
2026-02-09 22:38:48.226,0.009865024127066135,0,0.01741341429296881,0
2026-02-09 22:38:48.333,0.0058735995553433895,0,0.013324328721500934,0
2026-02-09 22:38:48.440,0.0025154254399240017,0,0.008124504657462239,0
2026-02-09 22:38:48.546,0.0010902081849053502,0,0.006241224054247141,0
2026-02-09 22:38:48.653,0.0012500147568061948,0,0.004774646865553222,0
2026-02-09 22:38:48.760,0.0020889919251203537,0,0.0025489116087555885,0
2026-02-09 22:38:48.866,0.001311710337176919,0,0.0016169423644896597,0
2026-02-09 22:38:48.973,0.0005659447051584721,0,0.0010474516777321697,0
2026-02-09 22:38:49.080,0.0004714749229606241,0,0.0008091356736258604,0
2026-02-09 22:38:49.186,0.00045672213309444487,0,0.0007160722641856409,0
2026-02-09 22:38:49.293,0.0005453316844068468,0,0.0006431502304621972,0
2026-02-09 22:38:49.400,0.00017869268776848912,0,0.0005067637379397638,0
2026-02-09 22:38:49.506,0.00013226539886090904,0,0.000575563330494333,0
2026-02-09 22:38:49.613,0.00015957409050315619,0,0.0010372011645813472,0
2026-02-09 22:38:49.720,0.0005207944195717573,0,0.0018431611693813465,0
2026-02-09 22:38:49.826,0.0007251269998960197,0,0.002929680766828824,0
2026-02-09 22:38:49.933,0.0019997062627226114,0,0.004339085171523038,0
2026-02-09 22:38:50.040,0.005182323046028614,0,0.007245482732832898,0
2026-02-09 22:38:50.146,0.008531074970960617,0,0.020798842568183318,0
2026-02-09 22:38:50.253,0.011321918107569218,0,0.05848650654661469,0
2026-02-09 22:38:50.360,0.014639375731348991,0,0.11385673316544853,0
2026-02-09 22:38:50.466,0.02924266830086708,0,0.15484479332808404,0
2026-02-09 22:38:50.573,0.1356658637523651,0,0.21080383025109767,0
2026-02-09 22:38:50.680,0.3770362138748169,0,0.2806568621657789,0
2026-02-09 22:38:50.786,0.5542230606079102,1,0.3563626009039581,0
2026-02-09 22:38:50.893,0.4106057286262512,0,0.4369814457371831,0
2026-02-09 22:38:51.000,0.5615900754928589,1,0.5010840598493814,1
2026-02-09 22:38:51.106,0.7037126421928406,1,0.5680603712797165,1
2026-02-09 22:38:51.213,0.7655884623527527,1,0.6105415940284729,1
2026-02-09 22:38:51.320,0.8175103664398193,1,0.6418574512004852,1
2026-02-09 22:38:51.426,0.6556655168533325,1,0.677703058719635,1
2026-02-09 22:38:51.533,0.6990057826042175,1,0.7350334405899048,1
2026-02-09 22:38:51.640,0.5604780912399292,1,0.7783024907112122,1
2026-02-09 22:38:51.746,0.6901947855949402,1,0.8077227354049683,1
2026-02-09 22:38:51.853,0.912679135799408,1,0.8310727655887604,1
2026-02-09 22:38:51.960,0.983909547328949,1,0.8491805136203766,1
2026-02-09 22:38:52.066,0.9942805767059326,1,0.8835044085979462,1
2026-02-09 22:38:52.173,0.9979150891304016,1,0.9135606348514557,1
2026-02-09 22:38:52.280,0.9990887641906738,1,0.9574100434780121,1
2026-02-09 22:38:52.386,0.9985878467559814,1,0.9883012115955353,1
2026-02-09 22:38:52.493,0.9989044666290283,1,0.9966959834098816,1
2026-02-09 22:38:52.600,0.9995680451393127,1,0.9973197460174561,1
2026-02-09 22:38:52.706,0.9989721775054932,1,0.9964279294013977,1
2026-02-09 22:38:52.813,0.9991064667701721,1,0.993649011850357,1
2026-02-09 22:38:52.920,0.9966268539428711,1,0.9880451798439026,1
2026-02-09 22:38:53.026,0.9901471734046936,1,0.9860544741153717,1
2026-02-09 22:38:53.133,0.9853624105453491,1,0.9831192433834076,1
2026-02-09 22:38:53.240,0.9701259136199951,1,0.9743595063686371,1
2026-02-09 22:38:53.346,0.9430504441261292,1,0.946045058965683,1
2026-02-09 22:38:53.453,0.9786807894706726,1,0.9200878441333771,1
2026-02-09 22:38:53.560,0.9695521593093872,1,0.8765273690223694,1
2026-02-09 22:38:53.666,0.9119706749916077,1,0.8390170037746429,1
2026-02-09 22:38:53.773,0.7158277034759521,1,0.7920708775520324,1
2026-02-09 22:38:53.880,0.739534318447113,1,0.7486017942428589,1
2026-02-09 22:38:53.986,0.5610221028327942,1,0.7236149668693542,1
2026-02-09 22:38:54.093,0.6150435209274292,1,0.6470974996685982,1
2026-02-09 22:38:54.200,0.5159011483192444,1,0.5625561960041523,1
2026-02-09 22:38:54.306,0.5354350805282593,1,0.4917302466928959,0
2026-02-09 22:38:54.413,0.6931821703910828,1,0.44617966189980507,0
2026-02-09 22:38:54.520,0.21350611746311188,0,0.40692676678299905,0
2026-02-09 22:38:54.626,0.12413912266492844,0,0.3819687582552433,0
2026-02-09 22:38:54.733,0.20371118187904358,0,0.3470813103020191,0
2026-02-09 22:38:54.840,0.26032185554504395,0,0.3230998136103153,0
2026-02-09 22:38:54.946,0.34700536727905273,0,0.273404148966074,0
2026-02-09 22:38:55.053,0.3114420175552368,0,0.20702573340386152,0
2026-02-09 22:38:55.160,0.2661690413951874,0,0.19318082537502052,0
2026-02-09 22:38:55.266,0.2760861814022064,0,0.19688445013016462,0
2026-02-09 22:38:55.373,0.03847843408584595,0,0.1846870778128505,0
2026-02-09 22:38:55.480,0.029398014768958092,0,0.16596686374396086,0
2026-02-09 22:38:55.586,0.07505703717470169,0,0.1462337387725711,0
2026-02-09 22:38:55.693,0.16117537021636963,0,0.12202714588493109,0
2026-02-09 22:38:55.800,0.0817374587059021,0,0.10266034435480834,0
2026-02-09 22:38:55.906,0.07311971485614777,0,0.08171877320855855,0
2026-02-09 22:38:56.013,0.14967411756515503,0,0.08213225360959768,0
2026-02-09 22:38:56.120,0.06937608867883682,0,0.08115749135613441,0
2026-02-09 22:38:56.226,0.07250102609395981,0,0.07407436612993479,0
2026-02-09 22:38:56.333,0.06667046993970871,0,0.05847454979084432,0
2026-02-09 22:38:56.440,0.04261323809623718,0,0.05132981180213392,0
2026-02-09 22:38:56.546,0.01965039223432541,0,0.04543865765444934,0
2026-02-09 22:38:56.653,0.0042257849127054214,0,0.03137434436939657,0
2026-02-09 22:38:56.760,0.005177206825464964,0,0.026321752509102226,0
2026-02-09 22:38:56.866,0.010290078818798065,0,0.02768407776020467,0
2026-02-09 22:38:56.973,0.014208173379302025,0,0.03453098624013364,0
2026-02-09 22:38:57.080,0.009030984714627266,0,0.06891282587312161,0
2026-02-09 22:38:57.186,0.018850170075893402,0,0.14955229028128086,0
2026-02-09 22:38:57.293,0.08612427860498428,0,0.21472110669128597,0
2026-02-09 22:38:57.400,0.1351395547389984,0,0.2915706977248192,0
2026-02-09 22:38:57.506,0.38643163442611694,0,0.3692452900111675,0
2026-02-09 22:38:57.613,0.826045036315918,1,0.4441557602956891,0
2026-02-09 22:38:57.720,0.6559139490127563,1,0.5145274549722672,1
2026-02-09 22:38:57.826,0.7736731171607971,1,0.5871886499226093,1
2026-02-09 22:38:57.933,0.7870360016822815,1,0.6519135862588883,1
2026-02-09 22:38:58.040,0.7633128762245178,1,0.7150375068187713,1
2026-02-09 22:38:58.146,0.7127479314804077,1,0.7516464710235595,1
2026-02-09 22:38:58.253,0.7454621195793152,1,0.7434115290641785,1
2026-02-09 22:38:58.360,0.7333736419677734,1,0.7706883132457734,1
2026-02-09 22:38:58.466,0.7663787603378296,1,0.790573900938034,1
2026-02-09 22:38:58.573,0.752521276473999,1,0.8111188769340515,1
2026-02-09 22:38:58.680,0.7436956167221069,1,0.8341410219669342,1
2026-02-09 22:38:58.786,0.9286817908287048,1,0.862120634317398,1
2026-02-09 22:38:58.893,0.9725289940834045,1,0.8838577151298523,1
2026-02-09 22:38:59.000,0.992485761642456,1,0.9044763624668122,1
2026-02-09 22:38:59.106,0.9935343265533447,1,0.9189896047115326,1
2026-02-09 22:38:59.213,0.9925440549850464,1,0.9313189864158631,1
2026-02-09 22:38:59.320,0.9628329277038574,1,0.9451001644134521,1
2026-02-09 22:38:59.426,0.9395601153373718,1,0.941795963048935,1
2026-02-09 22:38:59.533,0.9115111827850342,1,0.9331658899784088,1
2026-02-09 22:38:59.640,0.8758150935173035,1,0.9233701348304748,1
2026-02-09 22:38:59.746,0.881507396697998,1,0.9122194349765778,1
2026-02-09 22:38:59.853,0.8956397771835327,1,0.9053941369056702,1
2026-02-09 22:38:59.960,0.8862282633781433,1,0.8964138567447663,1
2026-02-09 22:39:00.066,0.8945282101631165,1,0.889945924282074,1
2026-02-09 22:39:00.173,0.8820273280143738,1,0.8867338180541993,1
2026-02-09 22:39:00.280,0.9242910742759705,1,0.8919622719287872,1
2026-02-09 22:39:00.386,0.8730301260948181,1,0.8984111309051513,1
2026-02-09 22:39:00.493,0.8748807907104492,1,0.8989186227321625,1
2026-02-09 22:39:00.600,0.8793901205062866,1,0.8997644424438477,1
2026-02-09 22:39:00.706,0.9280996322631836,1,0.8660528659820557,1
2026-02-09 22:39:00.813,0.9459959864616394,1,0.8111165851354599,1
2026-02-09 22:39:00.920,0.9007146954536438,1,0.7637644141912461,1
2026-02-09 22:39:01.026,0.8946864604949951,1,0.7424883335828781,1
2026-02-09 22:39:01.133,0.5574124455451965,1,0.7215991944074631,1
2026-02-09 22:39:01.240,0.33266451954841614,0,0.6959224730730057,1
2026-02-09 22:39:01.346,0.4507693648338318,0,0.6560537129640579,1
2026-02-09 22:39:01.453,0.6602693200111389,1,0.5903643071651459,1
2026-02-09 22:39:01.560,0.6659893989562988,1,0.5351150959730149,1
2026-02-09 22:39:01.666,0.6226229071617126,1,0.48413594365119933,0
2026-02-09 22:39:01.773,0.529412031173706,1,0.4565511465072632,0
2026-02-09 22:39:01.880,0.2891019284725189,0,0.46366696059703827,0
2026-02-09 22:39:01.986,0.3482225835323334,0,0.5010831087827683,1
2026-02-09 22:39:02.093,0.3848949372768402,0,0.5116189986467361,1
2026-02-09 22:39:02.200,0.28156447410583496,0,0.50920350253582,1
2026-02-09 22:39:02.306,0.403822660446167,0,0.5050761431455613,1
2026-02-09 22:39:02.413,0.8249308466911316,1,0.5214797586202622,1
2026-02-09 22:39:02.520,0.7656282186508179,1,0.5456256806850434,1
2026-02-09 22:39:02.626,0.6418344378471375,1,0.5787235707044601,1
2026-02-09 22:39:02.733,0.5813493132591248,1,0.6102457642555237,1
2026-02-09 22:39:02.840,0.6934481859207153,1,0.6503186821937561,1
2026-02-09 22:39:02.946,0.5305611491203308,1,0.7006382584571839,1
2026-02-09 22:39:03.053,0.6792014837265015,1,0.709517526626587,1
2026-02-09 22:39:03.160,0.7001168727874756,1,0.7266279518604278,1
2026-02-09 22:39:03.266,0.6822936534881592,1,0.7580816805362701,1
2026-02-09 22:39:03.373,0.9070184230804443,1,0.7973066151142121,1
2026-02-09 22:39:03.480,0.9137235283851624,1,0.8264748930931092,1
2026-02-09 22:39:03.586,0.9367324709892273,1,0.8726763904094696,1
2026-02-09 22:39:03.693,0.9563717246055603,1,0.9040704786777496,1
2026-02-09 22:39:03.800,0.9735986590385437,1,0.9332148909568787,1
2026-02-09 22:39:03.906,0.9851309657096863,1,0.9643807470798492,1
2026-02-09 22:39:04.013,0.9925761222839355,1,0.9728633880615234,1
2026-02-09 22:39:04.120,0.9931423664093018,1,0.9810122430324555,1
2026-02-09 22:39:04.226,0.9915609955787659,1,0.9869487226009369,1
2026-02-09 22:39:04.333,0.993952214717865,1,0.9907605409622192,1
2026-02-09 22:39:04.440,0.9918448328971863,1,0.9925686478614807,1
2026-02-09 22:39:04.546,0.9952120780944824,1,0.9932332456111908,1
2026-02-09 22:39:04.653,0.9960972666740417,1,0.9930797696113587,1
2026-02-09 22:39:04.760,0.9944899082183838,1,0.992603063583374,1
2026-02-09 22:39:04.866,0.9916797280311584,1,0.9917101204395294,1
2026-02-09 22:39:04.973,0.9917769432067871,1,0.9898937940597534,1
2026-02-09 22:39:05.080,0.991041362285614,1,0.9866882681846618,1
2026-02-09 22:39:05.186,0.9883753061294556,1,0.9704676926136017,1
2026-02-09 22:39:05.293,0.9826315641403198,1,0.9524808168411255,1
2026-02-09 22:39:05.400,0.975788950920105,1,0.9257400631904602,1
2026-02-09 22:39:05.506,0.9597895741462708,1,0.8593074440956116,1
2026-02-09 22:39:05.613,0.8330063223838806,1,0.7979043304920197,1
2026-02-09 22:39:05.720,0.8162285089492798,1,0.7373266965150833,1
2026-02-09 22:39:05.826,0.727082371711731,1,0.6641911119222641,1
2026-02-09 22:39:05.933,0.3273535370826721,0,0.5874031960964203,1
2026-02-09 22:39:06.040,0.3777458071708679,0,0.5177550762891769,1
2026-02-09 22:39:06.146,0.3852650225162506,0,0.4449901834130287,0
2026-02-09 22:39:06.253,0.2570194602012634,0,0.386836601793766,0
2026-02-09 22:39:06.360,0.2147524058818817,0,0.32676526010036466,0
2026-02-09 22:39:06.466,0.2793077528476715,0,0.28544083535671233,0
2026-02-09 22:39:06.573,0.2321406453847885,0,0.282076421380043,0
2026-02-09 22:39:06.680,0.25147050619125366,0,0.29499657452106476,0
2026-02-09 22:39:06.786,0.21551509201526642,0,0.2921603977680206,0
2026-02-09 22:39:06.893,0.3138381242752075,0,0.2989554017782211,0
2026-02-09 22:39:07.000,0.293709397315979,0,0.30766094028949736,0
2026-02-09 22:39:07.106,0.5069473385810852,1,0.30752280056476594,0
2026-02-09 22:39:07.213,0.3569032549858093,0,0.30655445009469984,0
2026-02-09 22:39:07.320,0.32496950030326843,0,0.3018192246556282,0
2026-02-09 22:39:07.426,0.30180779099464417,0,0.29568754732608793,0
2026-02-09 22:39:07.533,0.27792635560035706,0,0.28066022545099256,0
2026-02-09 22:39:07.640,0.2224571406841278,0,0.28212529271841047,0
2026-02-09 22:39:07.746,0.2041182518005371,0,0.260208435356617,0
2026-02-09 22:39:07.853,0.1541983187198639,0,0.25851748138666153,0
2026-02-09 22:39:07.960,0.16356490552425385,0,0.2697887733578682,0
2026-02-09 22:39:08.066,0.3083600699901581,0,0.30853174775838854,0
2026-02-09 22:39:08.173,0.28777876496315,0,0.3548100546002388,0
2026-02-09 22:39:08.280,0.3399937152862549,0,0.4189751371741295,0
2026-02-09 22:39:08.386,0.4376824200153351,0,0.46585691422224046,0
2026-02-09 22:39:08.493,0.6892375349998474,1,0.511005075275898,1
2026-02-09 22:39:08.600,0.7407094240188599,1,0.5466316908597946,1
2026-02-09 22:39:08.706,0.8641079664230347,1,0.5371475830674172,1
2026-02-09 22:39:08.813,0.6729360222816467,1,0.516365996748209,1
2026-02-09 22:39:08.920,0.6056799292564392,1,0.48778556697070596,0
2026-02-09 22:39:09.026,0.5198310613632202,1,0.4488934475928545,0
2026-02-09 22:39:09.133,0.21351899206638336,0,0.38303554356098174,0
2026-02-09 22:39:09.240,0.07996290177106857,0,0.3109428249299526,0
2026-02-09 22:39:09.346,0.05418941751122475,0,0.2253920692950487,0
2026-02-09 22:39:09.453,0.04876122623682022,0,0.1589262079447508,0
2026-02-09 22:39:09.560,0.03065849468111992,0,0.09878247142769396,0
2026-02-09 22:39:09.666,0.019782237708568573,0,0.047084063827060166,0
2026-02-09 22:39:09.773,0.00860041007399559,0,0.025809154973831027,0
2026-02-09 22:39:09.880,0.00827740877866745,0,0.018182416853960603,0
2026-02-09 22:39:09.986,0.004242564085870981,0,0.013780784734990448,0
2026-02-09 22:39:10.093,0.0028469853568822145,0,0.010334076487924903,0
2026-02-09 22:39:10.200,0.0007699035340920091,0,0.008397728053387255,0
2026-02-09 22:39:10.306,0.0036955205723643303,0,0.007217876182403415,0
2026-02-09 22:39:10.413,0.01017309632152319,0,0.008045202621724456,0
2026-02-09 22:39:10.520,0.01429414376616478,0,0.011015853413846343,0
2026-02-09 22:39:10.626,0.011295010335743427,0,0.01720619712723419,0
2026-02-09 22:39:10.733,0.007983718998730183,0,0.03126780163729563,0
2026-02-09 22:39:10.840,0.016873674467206,0,0.04892366398125887,0
2026-02-09 22:39:10.946,0.03798391669988632,0,0.0654729857109487,0
2026-02-09 22:39:11.053,0.06614600121974945,0,0.09196715652942658,0
2026-02-09 22:39:11.160,0.14346303045749664,0,0.12060556448996067,0
2026-02-09 22:39:11.266,0.17732852697372437,0,0.1719633831642568,0
2026-02-09 22:39:11.373,0.1691887378692627,0,0.24253217969089746,0
2026-02-09 22:39:11.480,0.2751148045063019,0,0.3311660371720791,0
2026-02-09 22:39:11.586,0.30067822337150574,0,0.4212122917175293,0
2026-02-09 22:39:11.693,0.5248731970787048,1,0.5090269401669503,1
2026-02-09 22:39:11.800,0.7136716842651367,1,0.58055260181427,1
2026-02-09 22:39:11.906,0.9032122492790222,1,0.6463493347167969,1
2026-02-09 22:39:12.013,0.9384464621543884,1,0.7239274144172668,1
2026-02-09 22:39:12.120,0.9442924857139587,1,0.7949839025735855,1
2026-02-09 22:39:12.226,0.8587196469306946,1,0.8632907092571258,1
2026-02-09 22:39:12.333,0.8352958559989929,1,0.908297061920166,1
2026-02-09 22:39:12.440,0.9449695348739624,1,0.9315213739871979,1
2026-02-09 22:39:12.546,0.9856796860694885,1,0.9317253768444062,1
2026-02-09 22:39:12.653,0.9837462902069092,1,0.9261336743831634,1
2026-02-09 22:39:12.760,0.9749367237091064,1,0.9108919620513916,1
2026-02-09 22:39:12.866,0.9459148049354553,1,0.8865221321582795,1
2026-02-09 22:39:12.973,0.9052522778511047,1,0.8625664353370667,1
2026-02-09 22:39:13.080,0.8825294375419617,1,0.8070173919200897,1
2026-02-09 22:39:13.186,0.7918753623962402,1,0.7373232632875443,1
2026-02-09 22:39:13.293,0.6150213479995728,1,0.6673018366098404,1
2026-02-09 22:39:13.400,0.5957388877868652,1,0.5837418138980865,1
2026-02-09 22:39:13.506,0.3894791007041931,0,0.5040170207619667,1
2026-02-09 22:39:13.613,0.2887383997440338,0,0.44016558974981307,0
2026-02-09 22:39:13.720,0.2835320234298706,0,0.3939890757203102,0
2026-02-09 22:39:13.826,0.139336496591568,0,0.3769812598824501,0
2026-02-09 22:39:13.933,0.1486668735742569,0,0.39487571865320203,0
2026-02-09 22:39:14.040,0.2667379677295685,0,0.42464668303728104,0
2026-02-09 22:39:14.146,0.420764297246933,0,0.45823748260736463,0
2026-02-09 22:39:14.253,0.6217972040176392,1,0.5169219180941582,1
2026-02-09 22:39:14.360,0.7939659357070923,1,0.5791188821196556,1
2026-02-09 22:39:14.466,0.893448531627655,1,0.6593291714787484,1
2026-02-09 22:39:14.573,0.7253870964050293,1,0.7408053636550903,1
2026-02-09 22:39:14.680,0.875582754611969,1,0.8132495313882828,1
2026-02-09 22:39:14.786,0.905501663684845,1,0.8701368868350983,1
2026-02-09 22:39:14.893,0.9414393901824951,1,0.9071867406368256,1
2026-02-09 22:39:15.000,0.963428795337677,1,0.9269519329071045,1
2026-02-09 22:39:15.106,0.9911796450614929,1,0.9359508752822876,1
2026-02-09 22:39:15.213,0.9896378517150879,1,0.9625685453414917,1
2026-02-09 22:39:15.320,0.9922957420349121,1,0.9741525292396546,1
2026-02-09 22:39:15.426,0.9916178584098816,1,0.9831575393676758,1
2026-02-09 22:39:15.533,0.9834379553794861,1,0.9887636721134185,1
2026-02-09 22:39:15.640,0.9915637969970703,1,0.9922789931297302,1
2026-02-09 22:39:15.746,0.9914225935935974,1,0.9930215358734131,1
2026-02-09 22:39:15.853,0.9955517649650574,1,0.9939946711063385,1
2026-02-09 22:39:15.960,0.9975007176399231,1,0.9946982085704803,1
2026-02-09 22:39:16.066,0.9985820055007935,1,0.9953672885894775,1
2026-02-09 22:39:16.173,0.9986050724983215,1,0.9966905355453491,1
2026-02-09 22:39:16.280,0.999369204044342,1,0.9970075964927674,1
2026-02-09 22:39:16.386,0.9993311166763306,1,0.9970486462116241,1
2026-02-09 22:39:16.493,0.9983086585998535,1,0.996372789144516,1
2026-02-09 22:39:16.600,0.9966704249382019,1,0.9942911982536315,1
2026-02-09 22:39:16.706,0.9947344064712524,1,0.9922509908676147,1
2026-02-09 22:39:16.813,0.9918330907821655,1,0.9890923440456391,1
2026-02-09 22:39:16.920,0.9887931942939758,1,0.9801737368106842,1
2026-02-09 22:39:17.026,0.9766848087310791,1,0.9468033730983734,1
2026-02-09 22:39:17.133,0.978179931640625,1,0.8987112998962402,1
2026-02-09 22:39:17.240,0.9670186042785645,1,0.8264474421739578,1
2026-02-09 22:39:17.346,0.9101831316947937,1,0.736834742128849,1
2026-02-09 22:39:17.453,0.6656274795532227,1,0.6478639714419842,1
2026-02-09 22:39:17.560,0.5173879265785217,1,0.5610880181193352,1
2026-02-09 22:39:17.666,0.2740318477153778,0,0.4752743363380432,0
2026-02-09 22:39:17.773,0.09860740602016449,0,0.43084787130355834,0
2026-02-09 22:39:17.880,0.102125383913517,0,0.3736230909824371,0
2026-02-09 22:39:17.986,0.12103366106748581,0,0.3271750658750534,0
2026-02-09 22:39:18.093,0.11854799091815948,0,0.3018385529518127,0
2026-02-09 22:39:18.200,0.5339152812957764,1,0.29241659343242643,0
2026-02-09 22:39:18.306,0.3947708010673523,0,0.3126455992460251,0
2026-02-09 22:39:18.413,0.4457028806209564,0,0.34698076695203783,0
2026-02-09 22:39:18.520,0.41226235032081604,0,0.3857276029884815,0
2026-02-09 22:39:18.626,0.4231683313846588,0,0.4416393950581551,0
2026-02-09 22:39:18.733,0.47632190585136414,0,0.509063321352005,1
2026-02-09 22:39:18.840,0.44195908308029175,0,0.5393261194229126,1
2026-02-09 22:39:18.946,0.4895937442779541,0,0.5824226379394531,1
2026-02-09 22:39:19.053,0.6801515817642212,1,0.6320218712091445,1
2026-02-09 22:39:19.160,0.7927872538566589,1,0.6884360015392303,1
2026-02-09 22:39:19.266,0.8365432620048523,1,0.7445383101701737,1
2026-02-09 22:39:19.373,0.8257359862327576,1,0.796776431798935,1
2026-02-09 22:39:19.480,0.9416952133178711,1,0.851975429058075,1
2026-02-09 22:39:19.586,0.9764036536216736,1,0.9025526523590088,1
2026-02-09 22:39:19.693,0.9841914176940918,1,0.9336872875690461,1
2026-02-09 22:39:19.800,0.998703122138977,1,0.9514776289463043,1
2026-02-09 22:39:19.906,0.9939490556716919,1,0.9651264905929565,1
2026-02-09 22:39:20.013,0.9953659772872925,1,0.9812147974967956,1
2026-02-09 22:39:20.120,0.9914979338645935,1,0.9849909722805024,1
2026-02-09 22:39:20.226,0.9706906676292419,1,0.9847528338432312,1
2026-02-09 22:39:20.333,0.9730318784713745,1,0.9841004967689514,1
2026-02-09 22:39:20.440,0.9866190552711487,1,0.9817883610725403,1
2026-02-09 22:39:20.546,0.9794569611549377,1,0.9774007558822632,1
2026-02-09 22:39:20.653,0.9740222692489624,1,0.9734084904193878,1
2026-02-09 22:39:20.760,0.977668046951294,1,0.9699556708335877,1
2026-02-09 22:39:20.866,0.9755817651748657,1,0.9662768483161926,1
2026-02-09 22:39:20.973,0.9500730037689209,1,0.9648604929447174,1
2026-02-09 22:39:21.080,0.9554433226585388,1,0.9475707054138184,1
2026-02-09 22:39:21.186,0.9569697380065918,1,0.9094222605228424,1
2026-02-09 22:39:21.293,0.9339024424552917,1,0.8492188572883606,1
2026-02-09 22:39:21.400,0.9588683247566223,1,0.7623412691056728,1
2026-02-09 22:39:21.506,0.8137211799621582,1,0.6711455479264259,1
2026-02-09 22:39:21.613,0.5979725122451782,1,0.5803926020860672,1
2026-02-09 22:39:21.720,0.3719882369041443,0,0.4874119359999895,0
2026-02-09 22:39:21.826,0.10889216512441635,0,0.3939519189298153,0
2026-02-09 22:39:21.933,0.0636245533823967,0,0.3024054076522589,0
2026-02-09 22:39:22.040,0.04254354536533356,0,0.20828437749296427,0
2026-02-09 22:39:22.146,0.025636661797761917,0,0.12788939690217377,0
2026-02-09 22:39:22.253,0.022369567304849625,0,0.06916823126375675,0
2026-02-09 22:39:22.360,0.018437329679727554,0,0.033879251964390275,0
2026-02-09 22:39:22.466,0.017658023163676262,0,0.025699072517454624,0
2026-02-09 22:39:22.573,0.009771374054253101,0,0.027840750850737096,0
2026-02-09 22:39:22.680,0.010760855861008167,0,0.039030435122549535,0
2026-02-09 22:39:22.786,0.019098443910479546,0,0.08266896959394217,0
2026-02-09 22:39:22.893,0.027090370655059814,0,0.1532745273783803,0
2026-02-09 22:39:23.000,0.0850413367152214,0,0.235506203584373,0
2026-02-09 22:39:23.106,0.15444038808345795,0,0.3212109565734863,0
2026-02-09 22:39:23.213,0.46202200651168823,0,0.41225691167637707,0
2026-02-09 22:39:23.320,0.728425145149231,1,0.5040352901443839,1
2026-02-09 22:39:23.426,0.8407540917396545,1,0.593715576082468,1
2026-02-09 22:39:23.533,0.8747055530548096,1,0.6722931958734989,1
2026-02-09 22:39:23.640,0.9202309250831604,1,0.7201797291636467,1
2026-02-09 22:39:23.746,0.9285446405410767,1,0.7558706820011138,1
2026-02-09 22:39:23.853,0.9159013032913208,1,0.783794230222702,1
2026-02-09 22:39:23.960,0.8128665685653687,1,0.794637817144394,1
2026-02-09 22:39:24.066,0.5639066696166992,1,0.8015503227710724,1
2026-02-09 22:39:24.173,0.5113499164581299,1,0.8130708575248718,1
2026-02-09 22:39:24.280,0.7412574887275696,1,0.8163502454757691,1
2026-02-09 22:39:24.386,0.8368610143661499,1,0.8185490012168884,1
2026-02-09 22:39:24.493,0.9098791480064392,1,0.8203010022640228,1
2026-02-09 22:39:24.600,0.989910900592804,1,0.8313212752342224,1
2026-02-09 22:39:24.706,0.9530248045921326,1,0.8652024626731872,1
2026-02-09 22:39:24.813,0.9505321979522705,1,0.9061362445354462,1
2026-02-09 22:39:24.920,0.9334213137626648,1,0.907541960477829,1
2026-02-09 22:39:25.026,0.9230692982673645,1,0.8810767114162446,1
2026-02-09 22:39:25.133,0.9027185440063477,1,0.855419647693634,1
2026-02-09 22:39:25.240,0.920687735080719,1,0.8169704854488373,1
2026-02-09 22:39:25.346,0.7553146481513977,1,0.7998145997524262,1
2026-02-09 22:39:25.453,0.5722085237503052,1,0.7841387987136841,1
2026-02-09 22:39:25.560,0.6533085107803345,1,0.7712513864040375,1
2026-02-09 22:39:25.666,0.6054192781448364,1,0.7739698052406311,1
2026-02-09 22:39:25.773,0.7814659476280212,1,0.7818194925785065,1
2026-02-09 22:39:25.880,0.7937741875648499,1,0.788181620836258,1
2026-02-09 22:39:25.986,0.8045471906661987,1,0.8114109814167023,1
2026-02-09 22:39:26.093,0.9502534866333008,1,0.8526880741119385,1
2026-02-09 22:39:26.200,0.9812154173851013,1,0.8852245271205902,1
2026-02-09 22:39:26.306,0.9843090176582336,1,0.9213466882705689,1
2026-02-09 22:39:26.413,0.9876082539558411,1,0.9412875592708587,1
2026-02-09 22:39:26.520,0.9849794507026672,1,0.9603771090507507,1
2026-02-09 22:39:26.626,0.9786730408668518,1,0.9786987602710724,1
2026-02-09 22:39:26.733,0.9666408896446228,1,0.9830306351184845,1
2026-02-09 22:39:26.840,0.9808746576309204,1,0.9839457154273987,1
2026-02-09 22:39:26.946,0.9846696853637695,1,0.9839705049991607,1
2026-02-09 22:39:27.053,0.9877637028694153,1,0.9846911728382111,1
2026-02-09 22:39:27.160,0.9935722351074219,1,0.9859821259975433,1
2026-02-09 22:39:27.266,0.9903662204742432,1,0.9880222916603089,1
2026-02-09 22:39:27.373,0.9845569133758545,1,0.9912461638450623,1
2026-02-09 22:39:27.480,0.994814932346344,1,0.9926599323749542,1
2026-02-09 22:39:27.586,0.99788898229599,1,0.9938988029956818,1
2026-02-09 22:39:27.693,0.9990746974945068,1,0.9943728685379029,1
2026-02-09 22:39:27.800,0.998879611492157,1,0.9936218202114105,1
2026-02-09 22:39:27.906,0.9950123429298401,1,0.993812644481659,1
2026-02-09 22:39:28.013,0.9970583915710449,1,0.9942083060741425,1
2026-02-09 22:39:28.120,0.992504358291626,1,0.9921388030052185,1
2026-02-09 22:39:28.226,0.9860617518424988,1,0.9881557106971741,1
2026-02-09 22:39:28.333,0.9922744631767273,1,0.9827091872692109,1
2026-02-09 22:39:28.440,0.9885135293006897,1,0.9707816302776336,1
2026-02-09 22:39:28.546,0.9741199016571045,1,0.9628616631031036,1
2026-02-09 22:39:28.653,0.9580580592155457,1,0.9587530732154846,1
2026-02-09 22:39:28.760,0.9446094632148743,1,0.955786156654358,1
2026-02-09 22:39:28.866,0.8796040415763855,1,0.9526992499828338,1
2026-02-09 22:39:28.973,0.9158126711845398,1,0.9503348350524903,1
2026-02-09 22:39:29.080,0.9559724926948547,1,0.9484217584133148,1
2026-02-09 22:39:29.186,0.9628351926803589,1,0.9443297028541565,1
2026-02-09 22:39:29.293,0.9551926851272583,1,0.9428946852684021,1
2026-02-09 22:39:29.400,0.968630313873291,1,0.9422660946846009,1
2026-02-09 22:39:29.506,0.9693827629089355,1,0.9457639873027801,1
2026-02-09 22:39:29.613,0.9331993460655212,1,0.9477570235729218,1
2026-02-09 22:39:29.720,0.9437078833580017,1,0.948343139886856,1
2026-02-09 22:39:29.826,0.9383235573768616,1,0.9461626529693603,1
2026-02-09 22:39:29.933,0.9145829677581787,1,0.9402545034885407,1
2026-02-09 22:39:30.040,0.9357430338859558,1,0.9340619206428528,1
2026-02-09 22:39:30.146,0.961833655834198,1,0.9351461827754974,1
2026-02-09 22:39:30.253,0.9410303235054016,1,0.9405898988246918,1
2026-02-09 22:39:30.360,0.8961111903190613,1,0.944511079788208,1
2026-02-09 22:39:30.466,0.9067044854164124,1,0.9494244575500488,1
2026-02-09 22:39:30.573,0.9802253842353821,1,0.9562586367130279,1
2026-02-09 22:39:30.680,0.9876365065574646,1,0.9615265548229217,1
2026-02-09 22:39:30.786,0.9829196929931641,1,0.9643999993801117,1
2026-02-09 22:39:30.893,0.9874573349952698,1,0.9685415267944336,1
2026-02-09 22:39:31.000,0.98292475938797,1,0.9761268854141235,1
2026-02-09 22:39:31.106,0.9884222149848938,1,0.9829731464385987,1
2026-02-09 22:39:31.213,0.9905681014060974,1,0.9811431586742401,1
2026-02-09 22:39:31.320,0.9824455976486206,1,0.9791716516017914,1
2026-02-09 22:39:31.426,0.9719647765159607,1,0.9754602015018463,1
2026-02-09 22:39:31.533,0.9751670956611633,1,0.9712923407554627,1
2026-02-09 22:39:31.640,0.9619255065917969,1,0.9698040246963501,1
2026-02-09 22:39:31.746,0.9679214358329773,1,0.9683712363243103,1
2026-02-09 22:39:31.853,0.9458051919937134,1,0.9678039491176605,1
2026-02-09 22:39:31.960,0.9457787275314331,1,0.9687379360198974,1
2026-02-09 22:39:32.066,0.9680415987968445,1,0.9697171568870544,1
2026-02-09 22:39:32.173,0.9740943312644958,1,0.970240718126297,1
2026-02-09 22:39:32.280,0.9848952293395996,1,0.9685287415981293,1
2026-02-09 22:39:32.386,0.99178546667099,1,0.9651563286781311,1
2026-02-09 22:39:32.493,0.9817569851875305,1,0.9661089777946472,1
2026-02-09 22:39:32.600,0.9804027080535889,1,0.9686644792556762,1
2026-02-09 22:39:32.706,0.9448057413101196,1,0.9674376487731934,1
2026-02-09 22:39:32.813,0.9341973066329956,1,0.9669570803642273,1
2026-02-09 22:39:32.920,0.9553316831588745,1,0.9646716237068176,1
2026-02-09 22:39:33.026,0.9713337421417236,1,0.9616220474243165,1
2026-02-09 22:39:33.133,0.9557732939720154,1,0.9564337134361267,1
2026-02-09 22:39:33.240,0.9692886471748352,1,0.9528236329555512,1
2026-02-09 22:39:33.346,0.9620406627655029,1,0.9543644785881042,1
2026-02-09 22:39:33.453,0.9612897038459778,1,0.9580883800983429,1
2026-02-09 22:39:33.560,0.9298736453056335,1,0.9604635596275329,1
2026-02-09 22:39:33.666,0.9443019032478333,1,0.9622832000255584,1
2026-02-09 22:39:33.773,0.9602141976356506,1,0.9607313692569732,1
2026-02-09 22:39:33.880,0.9714363217353821,1,0.936400157213211,1
2026-02-09 22:39:33.986,0.9790834784507751,1,0.8617683321237564,1
2026-02-09 22:39:34.093,0.9895301461219788,1,0.7711534220725298,1
2026-02-09 22:39:34.200,0.9402549862861633,1,0.6807323517277837,1
2026-02-09 22:39:34.306,0.7259765267372131,1,0.5887019641697406,1
2026-02-09 22:39:34.413,0.21572241187095642,0,0.49459645468741653,0
2026-02-09 22:39:34.520,0.055140603333711624,0,0.3983556223101914,0
2026-02-09 22:39:34.626,0.025662941858172417,0,0.30102662607096137,0
2026-02-09 22:39:34.733,0.02399802766740322,0,0.20265603852458297,0
2026-02-09 22:39:34.840,0.0191591028124094,0,0.10911642177961767,0
2026-02-09 22:39:34.946,0.009027997963130474,0,0.03697973592206836,0
2026-02-09 22:39:35.053,0.005793516058474779,0,0.015840714424848558,0
2026-02-09 22:39:35.160,0.005824270658195019,0,0.010844637360423803,0
2026-02-09 22:39:35.266,0.004858818836510181,0,0.008881123457103967,0
2026-02-09 22:39:35.373,0.0046096681617200375,0,0.00671663680113852,0
2026-02-09 22:39:35.480,0.004332196898758411,0,0.004997417656704783,0
2026-02-09 22:39:35.586,0.005179832689464092,0,0.004159580153645948,0
2026-02-09 22:39:35.693,0.00602780282497406,0,0.003644880198407918,0
2026-02-09 22:39:35.800,0.002353161107748747,0,0.0031745558837428687,0
2026-02-09 22:39:35.906,0.001966911368072033,0,0.0027679947845172135,0
2026-02-09 22:39:36.013,0.0006496229325421154,0,0.0023718014534097167,0
2026-02-09 22:39:36.120,0.0006465165060944855,0,0.001977609083405696,0
2026-02-09 22:39:36.226,0.0011210275115445256,0,0.00148795202258043,0
2026-02-09 22:39:36.333,0.0007932078442536294,0,0.0008998540724860504,0
2026-02-09 22:39:36.440,0.0006477348506450653,0,0.0006898413907038048,0
2026-02-09 22:39:36.546,0.0003902731987182051,0,0.0005296981398714706,0
2026-02-09 22:39:36.653,0.0002832620812114328,0,0.0005092857056297362,0
2026-02-09 22:39:36.760,0.0001468233240302652,0,0.0005015018046833575,0
2026-02-09 22:39:36.866,0.0002530342899262905,0,0.0004548101162072271,0
2026-02-09 22:39:36.973,0.0003654788597486913,0,0.0003806147498835344,0
2026-02-09 22:39:37.080,0.000445498590124771,0,0.00032090511813294144,0
2026-02-09 22:39:37.186,0.0005686774966306984,0,0.000283332891012833,0
2026-02-09 22:39:37.293,0.000654110626783222,0,0.0002564400533628941,0
2026-02-09 22:39:37.400,5.1254181016702205e-05,0,0.0002441971440021007,0
2026-02-09 22:39:37.506,5.063853313913569e-05,0,0.00022191348152773572,0
2026-02-09 22:39:37.613,1.4550927517120726e-05,0,0.00018950494568343857,0
2026-02-09 22:39:37.720,1.4333704712043982e-05,0,0.00015499375231229351,0
2026-02-09 22:39:37.826,2.439423042233102e-05,0,0.0001098146030017233,0
2026-02-09 22:39:37.933,3.0197665182640776e-05,0,5.567768685068586e-05,0
2026-02-09 22:39:38.040,4.139350130571984e-05,0,6.250973247006187e-05,0
2026-02-09 22:39:38.146,0.00010038665641332045,0,0.00010176451696679578,0
2026-02-09 22:39:38.253,0.00011688600352499634,0,0.0003989741896475607,0
2026-02-09 22:39:38.360,0.00011274146527284756,0,0.0018842562141799136,0
2026-02-09 22:39:38.466,0.00011957463721046224,0,0.004099017003318295,0
2026-02-09 22:39:38.573,0.0004431863781064749,0,0.00469524245163484,0
2026-02-09 22:39:38.680,0.00298664765432477,0,0.005029498157819034,0
2026-02-09 22:39:38.786,0.014867153950035572,0,0.005174491336219944,0
2026-02-09 22:39:38.893,0.022172002121806145,0,0.005291671470331494,0
2026-02-09 22:39:39.000,0.005992452148348093,0,0.005438244800461689,0
2026-02-09 22:39:39.106,0.003383950563147664,0,0.005543467530515045,0
2026-02-09 22:39:39.213,0.0015503184404224157,0,0.005550321389455349,0
2026-02-09 22:39:39.320,0.0012886873446404934,0,0.005278143164468929,0
2026-02-09 22:39:39.426,0.0015784747665748,0,0.003800857184251072,0
2026-02-09 22:39:39.533,0.0011718019377440214,0,0.0015900002625130582,0
2026-02-09 22:39:39.640,0.0005117249675095081,0,0.0009988480058382265,0
2026-02-09 22:39:39.746,0.00026486540446057916,0,0.0006902644512592815,0
2026-02-09 22:39:39.853,9.429414785699919e-05,0,0.0005570444554905407,0
2026-02-09 22:39:39.960,6.343290442600846e-05,0,0.0004522287475992925,0
2026-02-09 22:39:40.066,8.09295815997757e-05,0,0.00030670545384055005,0
2026-02-09 22:39:40.173,0.00029811501735821366,0,0.00019663074344862254,0
2026-02-09 22:39:40.280,0.000218118482735008,0,0.000150436911280849,0
2026-02-09 22:39:40.386,0.00024053026572801173,0,0.00012795079965144396,0
2026-02-09 22:39:40.493,0.0001232418289873749,0,0.0001221242837345926,0
2026-02-09 22:39:40.600,7.105483382474631e-05,0,0.00013656525952683297,0
2026-02-09 22:39:40.706,4.978664583177306e-05,0,0.00013746559379796964,0
2026-02-09 22:39:40.813,4.000428816652857e-05,0,0.00011443626317486633,0
2026-02-09 22:39:40.920,3.60289886884857e-05,0,9.984980824810919e-05,0
2026-02-09 22:39:41.026,0.00020784266234841198,0,8.71539148647571e-05,0
2026-02-09 22:39:41.133,8.993292431114241e-05,0,0.00010926427821686958,0
2026-02-09 22:39:41.240,6.78217111271806e-05,0,0.00024691717298992445,0
2026-02-09 22:39:41.346,7.225393346743658e-05,0,0.0005483003056724556,0
2026-02-09 22:39:41.453,0.00011357133189449087,0,0.0010926437495072604,0
2026-02-09 22:39:41.560,0.0003443454625084996,0,0.003404426117776893,0
2026-02-09 22:39:41.666,0.001447583781555295,0,0.005698736918566283,0
2026-02-09 22:39:41.773,0.0030636179726570845,0,0.008051616418379126,0
2026-02-09 22:39:41.880,0.005483438726514578,0,0.009412158465420362,0
2026-02-09 22:39:41.986,0.02315385267138481,0,0.010209101523651043,0
2026-02-09 22:39:42.093,0.02315095067024231,0,0.011124959646258504,0
2026-02-09 22:39:42.200,0.023618727922439575,0,0.013727215910330414,0
2026-02-09 22:39:42.306,0.013673242181539536,0,0.019754852284677327,0
2026-02-09 22:39:42.413,0.00804168451577425,0,0.0258462302852422,0
2026-02-09 22:39:42.520,0.009272152557969093,0,0.03430949104949832,0
2026-02-09 22:39:42.626,0.026366908103227615,0,0.05526951691135764,0
2026-02-09 22:39:42.733,0.061723947525024414,0,0.12697132071480155,0
2026-02-09 22:39:42.840,0.06397739797830582,0,0.21290753623470665,0
2026-02-09 22:39:42.946,0.09011604636907578,0,0.3003603774122894,0
2026-02-09 22:39:43.053,0.23275411128997803,0,0.38850121628493073,0
2026-02-09 22:39:43.160,0.7401689887046814,1,0.4844538826495409,0
2026-02-09 22:39:43.266,0.8829808831214905,1,0.5737991452217102,1
2026-02-09 22:39:43.373,0.8882016539573669,1,0.6572708785533905,1
2026-02-09 22:39:43.480,0.8894500732421875,1,0.7372266493737698,1
2026-02-09 22:39:43.586,0.968798816204071,1,0.8140335500240325,1
2026-02-09 22:39:43.693,0.9198195338249207,1,0.8778752088546753,1
2026-02-09 22:39:43.800,0.8964412808418274,1,0.8992803514003753,1
2026-02-09 22:39:43.906,0.8635351061820984,1,0.9071258723735809,1
2026-02-09 22:39:44.013,0.8581850528717041,1,0.914818161725998,1
2026-02-09 22:39:44.120,0.871170699596405,1,0.9211850523948669,1
2026-02-09 22:39:44.226,0.9542204141616821,1,0.9033104419708252,1
2026-02-09 22:39:44.333,0.9614360928535461,1,0.8532827317714691,1
2026-02-09 22:39:44.440,0.9651245474815369,1,0.7873041883111,1
2026-02-09 22:39:44.546,0.9531189799308777,1,0.7184302896261215,1
2026-02-09 22:39:44.653,0.7900527119636536,1,0.6466697454452515,1
2026-02-09 22:39:44.760,0.41954243183135986,0,0.5752265527844429,1
2026-02-09 22:39:44.866,0.2366558462381363,0,0.4820829568430781,0
2026-02-09 22:39:44.973,0.17479611933231354,0,0.38716148138046264,0
2026-02-09 22:39:45.080,0.14057961106300354,0,0.29111664462834597,0
2026-02-09 22:39:45.186,0.1567387729883194,0,0.1960185897303745,0
2026-02-09 22:39:45.293,0.022784454748034477,0,0.11708302007755264,0
2026-02-09 22:39:45.400,0.012221338227391243,0,0.07520155013189651,0
2026-02-09 22:39:45.506,0.004676179960370064,0,0.05160572283202782,0
2026-02-09 22:39:45.613,0.0021384309511631727,0,0.034186267340555784,0
2026-02-09 22:39:45.720,0.0006970154354348779,0,0.020198531408095733,0
2026-02-09 22:39:45.826,0.0007277323747985065,0,0.004572129787993618,0
2026-02-09 22:39:45.933,0.0006975732394494116,0,0.002351699923747219,0
2026-02-09 22:39:46.040,0.0006015644175931811,0,0.0012600623100297525,0
2026-02-09 22:39:46.146,0.0007022517384029925,0,0.0009560468985000625,0
2026-02-09 22:39:46.253,0.0004747567872982472,0,0.0010155348718399182,0
2026-02-09 22:39:46.360,0.0005801561055704951,0,0.001762556008179672,0
2026-02-09 22:39:46.466,0.001304962090216577,0,0.0021993147529428825,0
2026-02-09 22:39:46.573,0.0016360258450731635,0,0.0025992570706875997,0
2026-02-09 22:39:46.680,0.0027333106845617294,0,0.0028028857806930317,0
2026-02-09 22:39:46.786,0.008167226798832417,0,0.002861878028488718,0
2026-02-09 22:39:46.893,0.005095319822430611,0,0.002986798598431051,0
2026-02-09 22:39:47.000,0.004696996416896582,0,0.00322666090214625,0
2026-02-09 22:39:47.106,0.002637851517647505,0,0.003225477470550686,0
2026-02-09 22:39:47.213,0.0012921742163598537,0,0.003140059649012983,0
2026-02-09 22:39:47.320,0.0017239624867215753,0,0.00292909067356959,0
2026-02-09 22:39:47.426,0.0029787791427224874,0,0.0021554232487687843,0
2026-02-09 22:39:47.533,0.0012931277742609382,0,0.0016897847090149298,0
2026-02-09 22:39:47.640,0.0007818476296961308,0,0.001268210110720247,0
2026-02-09 22:39:47.746,0.0006236209301277995,0,0.0010551246639806777,0
2026-02-09 22:39:47.853,0.00043055255082435906,0,0.0009427607350517064,0
2026-02-09 22:39:47.960,0.0004389344248920679,0,0.0007941484363982454,0
2026-02-09 22:39:48.066,0.00048125043394975364,0,0.0005151771649252624,0
2026-02-09 22:39:48.173,0.0005069970502518117,0,0.00040029670344665647,0
2026-02-09 22:39:48.280,0.00016853492707014084,0,0.00032689798572391735,0
2026-02-09 22:39:48.386,0.00023783950018696487,0,0.000268528496962972,0
2026-02-09 22:39:48.493,0.00018906642799265683,0,0.0002290228057972854,0
2026-02-09 22:39:48.600,0.0001443231594748795,0,0.00018965092167491093,0
2026-02-09 22:39:48.706,4.786045246873982e-05,0,0.00014919521709089167,0
2026-02-09 22:39:48.813,3.992604251834564e-05,0,0.00012416387689881959,0
2026-02-09 22:39:48.920,3.549563916749321e-05,0,0.00015290940718841738,0
2026-02-09 22:39:49.026,4.5215583668323234e-05,0,0.0001606279176485259,0
2026-02-09 22:39:49.133,7.669338810956106e-05,0,0.00022313159788609483,0
2026-02-09 22:39:49.240,0.0002566836483310908,0,0.00044603273054235617,0
2026-02-09 22:39:49.346,0.00045599022996611893,0,0.0009805761936149792,0
2026-02-09 22:39:49.453,0.00031502460478805006,0,0.002224277373898076,0
2026-02-09 22:39:49.560,0.000814103230368346,0,0.003746481546477298,0
2026-02-09 22:39:49.666,0.0023733344860374928,0,0.004342536481999559,0
2026-02-09 22:39:49.773,0.005393295083194971,0,0.004846731855650432,0
2026-02-09 22:39:49.880,0.012476937845349312,0,0.005330568464705721,0
2026-02-09 22:39:49.986,0.015257537364959717,0,0.00562033052847255,0
2026-02-09 22:39:50.093,0.006005764938890934,0,0.00576504766358994,0
2026-02-09 22:39:50.200,0.005118647124618292,0,0.005984693579375744,0
2026-02-09 22:39:50.306,0.005095049738883972,0,0.005947253480553627,0
2026-02-09 22:39:50.413,0.0033536108676344156,0,0.005560991482343525,0
2026-02-09 22:39:50.520,0.0017621959559619427,0,0.004386198613792658,0
2026-02-09 22:39:50.626,0.00301056238822639,0,0.0029606688534840942,0
2026-02-09 22:39:50.733,0.0019989334978163242,0,0.002474959869869053,0
2026-02-09 22:39:50.840,0.0015306751010939479,0,0.002075570577289909,0
2026-02-09 22:39:50.946,0.0007290091598406434,0,0.0016506603336893023,0
2026-02-09 22:39:51.053,0.0010022397618740797,0,0.0013707551639527082,0
2026-02-09 22:39:51.160,0.0011486751027405262,0,0.0012188638414954767,0
2026-02-09 22:39:51.266,0.0011247541988268495,0,0.0009336803472251631,0
2026-02-09 22:39:51.373,0.000845947302877903,0,0.0007518189158872701,0
2026-02-09 22:39:51.480,0.000554559170268476,0,0.0006036630362359574,0
2026-02-09 22:39:51.586,0.00024328273138962686,0,0.000532791945443023,0
2026-02-09 22:39:51.693,0.00015872744552325457,0,0.0004379097619676031,0
2026-02-09 22:39:51.800,0.00018031918443739414,0,0.00032906505875871515,0
2026-02-09 22:39:51.906,4.9116304580820724e-05,0,0.00022165274385770316,0
2026-02-09 22:39:52.013,2.0298251911299303e-05,0,0.0001453560162190115,0
2026-02-09 22:39:52.120,5.3417927119880915e-05,0,0.00010467701176821719,0
2026-02-09 22:39:52.226,6.0228070651646703e-05,0,9.518332044535782e-05,0
2026-02-09 22:39:52.333,5.06310498167295e-05,0,0.0001261547480680747,0
2026-02-09 22:39:52.440,8.298002649098635e-05,0,0.00020571495224430691,0
2026-02-09 22:39:52.546,0.00014776912576053292,0,0.0003862015437334776,0
2026-02-09 22:39:52.653,0.0001483458181610331,0,0.001091475870271097,0
2026-02-09 22:39:52.760,0.0004684417217504233,0,0.0016632920462143375,0
2026-02-09 22:39:52.866,0.0009759212261997163,0,0.00300247780578502,0
2026-02-09 22:39:52.973,0.0018539822194725275,0,0.004499314751592464,0
2026-02-09 22:39:53.080,0.007073041517287493,0,0.005168169192620553,0
2026-02-09 22:39:53.186,0.005771579686552286,0,0.006307503419520799,0
2026-02-09 22:39:53.293,0.013452085666358471,0,0.0071941169124329464,0
2026-02-09 22:39:53.400,0.015019000507891178,0,0.007878300332231447,0
2026-02-09 22:39:53.506,0.00677152443677187,0,0.008105257502757012,0
2026-02-09 22:39:53.613,0.011541111394762993,0,0.008267924073152244,0
2026-02-09 22:39:53.720,0.009014480747282505,0,0.0080471450695768,0
2026-02-09 22:39:53.826,0.007310275919735432,0,0.008157200389541685,0
2026-02-09 22:39:53.933,0.0032454929314553738,0,0.007455631322227418,0
2026-02-09 22:39:54.040,0.00348064792342484,0,0.007078920281492174,0
2026-02-09 22:39:54.146,0.0048652514815330505,0,0.007750338292680681,0
2026-02-09 22:39:54.253,0.006872132886201143,0,0.0112427526852116,0
2026-02-09 22:39:54.360,0.006436394993215799,0,0.012025221134535968,0
2026-02-09 22:39:54.466,0.01125189010053873,0,0.012947034440003335,0
2026-02-09 22:39:54.573,0.01348570454865694,0,0.013826755271293224,0
2026-02-09 22:39:54.680,0.046465255320072174,0,0.015528119634836912,0
2026-02-09 22:39:54.786,0.0168391652405262,0,0.016571944765746593,0
2026-02-09 22:39:54.893,0.016528408974409103,0,0.023712196713313462,0
2026-02-09 22:39:55.000,0.012042701244354248,0,0.04667940093204379,0
2026-02-09 22:39:55.106,0.020494291558861732,0,0.07932677287608385,0
2026-02-09 22:39:55.213,0.015303502790629864,0,0.11889743180945515,0
2026-02-09 22:39:55.320,0.07827465236186981,0,0.14785655038431286,0
2026-02-09 22:39:55.426,0.2361084371805191,0,0.20919168302789332,0
2026-02-09 22:39:55.533,0.33772560954093933,0,0.3043121804483235,0
2026-02-09 22:39:55.640,0.40919229388237,0,0.40149205224588513,0
2026-02-09 22:39:55.746,0.3360564410686493,0,0.4986815850250423,0
2026-02-09 22:39:55.853,0.6301904916763306,1,0.5970068782567978,1
2026-02-09 22:39:55.960,0.9677333831787109,1,0.68870699852705,1
2026-02-09 22:39:56.066,0.9838414192199707,1,0.7646532982587815,1
2026-02-09 22:39:56.173,0.9923896193504333,1,0.8295220255851745,1
2026-02-09 22:39:56.280,0.9985564351081848,1,0.8819332450628281,1
2026-02-09 22:39:56.386,0.9952758550643921,1,0.9126526117324829,1
2026-02-09 22:39:56.493,0.9955714344978333,1,0.9123238563537598,1
2026-02-09 22:39:56.600,0.9864128828048706,1,0.8604356229305268,1
2026-02-09 22:39:56.706,0.933304488658905,1,0.7874655425548553,1
2026-02-09 22:39:56.813,0.6432501077651978,1,0.7045082375407219,1
2026-02-09 22:39:56.920,0.6269029378890991,1,0.6163858652114869,1
2026-02-09 22:39:57.026,0.4488510489463806,0,0.5238980144262314,1
2026-02-09 22:39:57.133,0.25414061546325684,0,0.4327280208468437,0
2026-02-09 22:39:57.240,0.16281656920909882,0,0.33979788832366464,0
2026-02-09 22:39:57.346,0.11733271181583405,0,0.2491691678762436,0
2026-02-09 22:39:57.453,0.07039734721183777,0,0.18782510291785,0
2026-02-09 22:39:57.560,0.0838714987039566,0,0.12714019883424044,0
2026-02-09 22:39:57.666,0.05711155757308006,0,0.08477593138813973,0
2026-02-09 22:39:57.773,0.02701728418469429,0,0.062019357457756996,0
2026-02-09 22:39:57.880,0.029809458181262016,0,0.046941385790705684,0
2026-02-09 22:39:57.986,0.02005389705300331,0,0.03603121433407068,0
2026-02-09 22:39:58.093,0.025208374485373497,0,0.029912431444972753,0
2026-02-09 22:39:58.200,0.02657487615942955,0,0.022016998985782264,0
2026-02-09 22:39:58.306,0.012036852538585663,0,0.016618386190384627,0
2026-02-09 22:39:58.413,0.008230997249484062,0,0.014466892229393125,0
2026-02-09 22:39:58.520,0.009209518320858479,0,0.012220062175765633,0
2026-02-09 22:39:58.626,0.004917174112051725,0,0.01298695751465857,0
2026-02-09 22:39:58.733,0.00312542961910367,0,0.017292491020634772,0
2026-02-09 22:39:58.840,0.005502344574779272,0,0.03332521696574986,0
2026-02-09 22:39:58.946,0.007341157644987106,0,0.07567128990776836,0
2026-02-09 22:39:59.053,0.027722850441932678,0,0.15584645592607557,0
2026-02-09 22:39:59.160,0.0682637095451355,0,0.24496093071065844,0
2026-02-09 22:39:59.266,0.18690213561058044,0,0.3328843114897609,0
2026-02-09 22:39:59.373,0.43549758195877075,0,0.42817932344041765,0
2026-02-09 22:39:59.480,0.8099826574325562,1,0.5248172875493765,1
2026-02-09 22:39:59.586,0.900354266166687,1,0.6239190146327018,1
2026-02-09 22:39:59.693,0.8841509819030762,1,0.720988753437996,1
2026-02-09 22:39:59.800,0.9560755491256714,1,0.8138828426599503,1
2026-02-09 22:39:59.906,0.9718819856643677,1,0.8947647988796235,1
2026-02-09 22:40:00.013,0.998358428478241,1,0.950588482618332,1
2026-02-09 22:40:00.120,0.998420238494873,1,0.9685167133808136,1
2026-02-09 22:40:00.226,0.997204601764679,1,0.9768398821353912,1
2026-02-09 22:40:00.333,0.995721697807312,1,0.9874384820461273,1
2026-02-09 22:40:00.440,0.9937344193458557,1,0.9912412405014038,1
2026-02-09 22:40:00.546,0.989264965057373,1,0.9933113813400268,1
2026-02-09 22:40:00.653,0.9835859537124634,1,0.9931376993656158,1
2026-02-09 22:40:00.760,0.990136981010437,1,0.9923079490661622,1
2026-02-09 22:40:00.866,0.9941031336784363,1,0.991255122423172,1
2026-02-09 22:40:00.973,0.9925833940505981,1,0.9901595413684845,1
2026-02-09 22:40:01.080,0.9966216087341309,1,0.9885117769241333,1
2026-02-09 22:40:01.186,0.9901227355003357,1,0.9878141045570373,1
2026-02-09 22:40:01.293,0.9866763353347778,1,0.9875894844532013,1
2026-02-09 22:40:01.400,0.984765887260437,1,0.9853397130966186,1
2026-02-09 22:40:01.506,0.9772567749023438,1,0.983895742893219,1
2026-02-09 22:40:01.613,0.9822882413864136,1,0.9824620842933655,1
2026-02-09 22:40:01.720,0.9813397526741028,1,0.979832547903061,1
2026-02-09 22:40:01.826,0.9676392674446106,1,0.9746416091918946,1
2026-02-09 22:40:01.933,0.9796634316444397,1,0.9691715955734252,1
2026-02-09 22:40:02.040,0.978246808052063,1,0.9646738111972809,1
2026-02-09 22:40:02.146,0.9703262448310852,1,0.9593089640140533,1
2026-02-09 22:40:02.253,0.9382133483886719,1,0.9584622621536255,1
2026-02-09 22:40:02.360,0.9319761991500854,1,0.9557405829429626,1
2026-02-09 22:40:02.466,0.9397880434989929,1,0.9543561458587646,1
2026-02-09 22:40:02.573,0.9236083030700684,1,0.952152156829834,1
2026-02-09 22:40:02.680,0.973821222782135,1,0.9487965047359467,1
2026-02-09 22:40:02.786,0.9541229605674744,1,0.9490281343460083,1
2026-02-09 22:40:02.893,0.9537948966026306,1,0.949997079372406,1
2026-02-09 22:40:03.000,0.9576235413551331,1,0.9522771179676056,1
2026-02-09 22:40:03.106,0.9446902871131897,1,0.9553982496261597,1
2026-02-09 22:40:03.213,0.9726425409317017,1,0.9594704508781433,1
2026-02-09 22:40:03.320,0.9479027986526489,1,0.9590716004371643,1
2026-02-09 22:40:03.426,0.9547765851020813,1,0.9587436378002167,1
2026-02-09 22:40:03.533,0.9709993600845337,1,0.9593217074871063,1
2026-02-09 22:40:03.640,0.9643303155899048,1,0.9603148102760315,1
2026-02-09 22:40:03.746,0.969832718372345,1,0.963356226682663,1
2026-02-09 22:40:03.853,0.950843334197998,1,0.9634585857391358,1
2026-02-09 22:40:03.960,0.9595755934715271,1,0.9629777193069458,1
2026-02-09 22:40:04.066,0.9675545692443848,1,0.9624228537082672,1
2026-02-09 22:40:04.173,0.9751044511795044,1,0.9604992210865021,1
2026-02-09 22:40:04.280,0.9736661314964294,1,0.960291588306427,1
2026-02-09 22:40:04.386,0.9430941343307495,1,0.9617437779903412,1
2026-02-09 22:40:04.493,0.9492279291152954,1,0.9648673474788666,1
2026-02-09 22:40:04.600,0.9517630338668823,1,0.964360111951828,1
2026-02-09 22:40:04.706,0.962253987789154,1,0.9600536286830902,1
2026-02-09 22:40:04.813,0.9843546152114868,1,0.9543129682540894,1
2026-02-09 22:40:04.920,0.982079029083252,1,0.9397150337696075,1
2026-02-09 22:40:05.026,0.9545032382011414,1,0.9196743607521057,1
2026-02-09 22:40:05.133,0.9244897365570068,1,0.9079796731472015,1
2026-02-09 22:40:05.240,0.9176978468894958,1,0.8912990868091584,1
2026-02-09 22:40:05.346,0.8276867866516113,1,0.8780189752578735,1
2026-02-09 22:40:05.453,0.7426874041557312,1,0.8448126912117004,1
2026-02-09 22:40:05.560,0.8322810530662537,1,0.7648248031735421,1
2026-02-09 22:40:05.666,0.7849571704864502,1,0.6806670546531677,1
2026-02-09 22:40:05.773,0.8294528722763062,1,0.6003575958311558,1
2026-02-09 22:40:05.880,0.6522917747497559,1,0.520619385689497,1
2026-02-09 22:40:05.986,0.18220014870166779,0,0.44875152260065077,0
2026-02-09 22:40:06.093,0.11292575299739838,0,0.3794493958353996,0
2026-02-09 22:40:06.200,0.12139514833688736,0,0.2977519712410867,0
2026-02-09 22:40:06.306,0.12031574547290802,0,0.22030464569106697,0
2026-02-09 22:40:06.413,0.10900815576314926,0,0.13773594906087966,0
2026-02-09 22:40:06.520,0.049666136503219604,0,0.07279635518789292,0
2026-02-09 22:40:06.626,0.0153068071231246,0,0.05487565449438989,0
2026-02-09 22:40:06.733,0.010483914986252785,0,0.043890980118885634,0
2026-02-09 22:40:06.840,0.003765905974432826,0,0.0320923381485045,0
2026-02-09 22:40:06.946,0.0028958360198885202,0,0.020747557189315556,0
2026-02-09 22:40:07.053,0.0029931417666375637,0,0.010119562596082687,0
2026-02-09 22:40:07.160,0.0030790092423558235,0,0.005604364071041345,0
2026-02-09 22:40:07.266,0.0034087286330759525,0,0.00432292353361845,0
2026-02-09 22:40:07.373,0.006867935881018639,0,0.0033989103394560516,0
2026-02-09 22:40:07.480,0.0027282098308205605,0,0.0031252208980731668,0
2026-02-09 22:40:07.586,0.004514151252806187,0,0.0029610324651002883,0
2026-02-09 22:40:07.693,0.002492401748895645,0,0.002863247017376125,0
2026-02-09 22:40:07.800,0.001243783044628799,0,0.0028964435448870065,0
2026-02-09 22:40:07.906,0.0010290115606039762,0,0.002886364609003067,0
2026-02-09 22:40:08.013,0.001253951690159738,0,0.0027457162737846374,0
2026-02-09 22:40:08.120,0.0020152872893959284,0,0.002881233673542738,0
2026-02-09 22:40:08.226,0.0034109745174646378,0,0.0028565716464072468,0
2026-02-09 22:40:08.333,0.00330793927423656,0,0.0030597219243645667,0
2026-02-09 22:40:08.440,0.005461452528834343,0,0.0036069197696633635,0
2026-02-09 22:40:08.546,0.0040833838284015656,0,0.005050175765063614,0
2026-02-09 22:40:08.653,0.004267530981451273,0,0.005296921031549573,0
2026-02-09 22:40:08.760,0.004523904528468847,0,0.0053021110827103255,0
2026-02-09 22:40:08.866,0.006715761497616768,0,0.0051113002002239226,0
2026-02-09 22:40:08.973,0.015461571514606476,0,0.004932647862005979,0
2026-02-09 22:40:09.080,0.003721404355019331,0,0.0044771859247703105,0
2026-02-09 22:40:09.186,0.002067187801003456,0,0.004205997585086152,0
2026-02-09 22:40:09.293,0.0015028656926006079,0,0.0038331537158228456,0
2026-02-09 22:40:09.400,0.0015214158920571208,0,0.0034040498110698538,0
2026-02-09 22:40:09.506,0.0009068331564776599,0,0.002752297601546161,0
2026-02-09 22:40:09.613,0.00137150043155998,0,0.0012141486775362864,0
2026-02-09 22:40:09.720,0.0005390922888182104,0,0.0008520825431332923,0
2026-02-09 22:40:09.826,0.00023286548093892634,0,0.0006598502222914249,0
2026-02-09 22:40:09.933,0.0001982394023798406,0,0.0005227819725405425,0
2026-02-09 22:40:10.040,8.00822745077312e-05,0,0.0003869991560350172,0
2026-02-09 22:40:10.146,0.00010074301098939031,0,0.0003646987534011714,0
2026-02-09 22:40:10.253,0.00014486459258478135,0,0.00024326075363205745,0
2026-02-09 22:40:10.360,0.000132183195091784,0,0.00020296479924581946,0
2026-02-09 22:40:10.466,0.0001635877270018682,0,0.0001936920525622554,0
2026-02-09 22:40:10.573,0.0006838291301392019,0,0.0001915541390189901,0
2026-02-09 22:40:10.680,0.00015712043386884034,0,0.00022957869805395603,0
2026-02-09 22:40:10.786,0.00013613274495583028,0,0.00026889012224273756,0
2026-02-09 22:40:10.893,0.00014013801410328597,0,0.0003230122063541785,0
2026-02-09 22:40:11.000,0.00017686026694718748,0,0.00041206865862477573,0
2026-02-09 22:40:11.106,0.0004603278648573905,0,0.0005429048600490205,0
2026-02-09 22:40:11.213,0.0004938572528772056,0,0.0005740485488786362,0
2026-02-09 22:40:11.320,0.0006860854336991906,0,0.0007946049401653,0
2026-02-09 22:40:11.426,0.0010227477177977562,0,0.0011213995894649997,0
2026-02-09 22:40:11.533,0.001471949741244316,0,0.0013281643492518923,0
2026-02-09 22:40:11.640,0.000995266018435359,0,0.0015639704040950164,0
2026-02-09 22:40:11.746,0.0023626843467354774,0,0.0017126441875007004,0
2026-02-09 22:40:11.853,0.0034040792379528284,0,0.0017885217326693236,0
2026-02-09 22:40:11.960,0.002207785611972213,0,0.001831855659838766,0
2026-02-09 22:40:12.066,0.0025349208153784275,0,0.0017887608089949935,0
2026-02-09 22:40:12.173,0.0019470656989142299,0,0.0018374546139966696,0
2026-02-09 22:40:12.280,0.001252632704563439,0,0.0019259540305938572,0
2026-02-09 22:40:12.386,0.0011194247053936124,0,0.00192293316940777,0
2026-02-09 22:40:12.493,0.0005917992093600333,0,0.0017545278940815478,0
2026-02-09 22:40:12.600,0.001958887791261077,0,0.0018553193716797979,0
2026-02-09 22:40:12.706,0.0018802601844072342,0,0.0019741502648685126,0
2026-02-09 22:40:12.813,0.002332475734874606,0,0.0021350816765334456,0
2026-02-09 22:40:12.920,0.0017200264846906066,0,0.002492017234908417,0
2026-02-09 22:40:13.026,0.003215700387954712,0,0.0031253538734745236,0
2026-02-09 22:40:13.133,0.0037232297472655773,0,0.004762866732198745,0
2026-02-09 22:40:13.240,0.0035563798155635595,0,0.006239391898270696,0
2026-02-09 22:40:13.346,0.00482198828831315,0,0.007594069594051689,0
2026-02-09 22:40:13.453,0.007452791091054678,0,0.007732459006365389,0
2026-02-09 22:40:13.560,0.01696692779660225,0,0.007903376989997924,0
2026-02-09 22:40:13.666,0.01672413945198059,0,0.007837688527069986,0
2026-02-09 22:40:13.773,0.01542703714221716,0,0.007710202410817146,0
2026-02-09 22:40:13.880,0.0037163698580116034,0,0.007531119859777391,0
2026-02-09 22:40:13.986,0.003429206321015954,0,0.007243600534275174,0
2026-02-09 22:40:14.093,0.002558815758675337,0,0.0066708690719679,0
2026-02-09 22:40:14.200,0.0024483685847371817,0,0.005181752447970212,0
2026-02-09 22:40:14.306,0.001765554305166006,0,0.0037988334661349654,0
2026-02-09 22:40:14.413,0.0019467950332909822,0,0.00315462255384773,0
2026-02-09 22:40:14.520,0.0017254764679819345,0,0.0037024939432740212,0
2026-02-09 22:40:14.626,0.002075761556625366,0,0.0039991097757592796,0
2026-02-09 22:40:14.733,0.00289494963362813,0,0.004903958435170353,0
2026-02-09 22:40:14.840,0.008984928019344807,0,0.005348141537979245,0
2026-02-09 22:40:14.946,0.009195083752274513,0,0.005502096517011524,0
2026-02-09 22:40:15.053,0.00639536464586854,0,0.005770235904492438,0
2026-02-09 22:40:15.160,0.011607302352786064,0,0.006136830057948827,0
2026-02-09 22:40:15.266,0.006890199612826109,0,0.006419770792126656,0
2026-02-09 22:40:15.373,0.0033051040954887867,0,0.006313913827762007,0
2026-02-09 22:40:15.480,0.004628188908100128,0,0.005607444001361728,0
2026-02-09 22:40:15.586,0.005391418002545834,0,0.004937418713234365,0
2026-02-09 22:40:15.693,0.0049051688984036446,0,0.0044782035169191655,0
2026-02-09 22:40:15.800,0.0018363799899816513,0,0.0035168515401892363,0
2026-02-09 22:40:15.906,0.0019202297553420067,0,0.00305577163817361,0
2026-02-09 22:40:16.013,0.002494830871000886,0,0.0028284841449931265,0
2026-02-09 22:40:16.120,0.0018032126827165484,0,0.002581199584528804,0
2026-02-09 22:40:16.226,0.0019937825854867697,0,0.0022835056064650417,0
2026-02-09 22:40:16.333,0.0022794005926698446,0,0.0018169308619690127,0
2026-02-09 22:40:16.440,0.001032229163683951,0,0.0016434746263257693,0
2026-02-09 22:40:16.546,0.0021553433034569025,0,0.0014591300932806917,0
2026-02-09 22:40:16.653,0.0024144782219082117,0,0.0012192756483273115,0
2026-02-09 22:40:16.760,0.00023942145344335586,0,0.0010514276604226326,0
2026-02-09 22:40:16.866,0.00010181763354921713,0,0.0008667286812851672,0
2026-02-09 22:40:16.973,7.678442489122972e-05,0,0.0006542308481584768,0
2026-02-09 22:40:17.080,9.628642146708444e-05,0,0.0005637132526317146,0
2026-02-09 22:40:17.186,0.00012473280366975814,0,0.00035917766945203766,0
2026-02-09 22:40:17.293,0.0001467927941121161,0,0.000133923752582632,0
2026-02-09 22:40:17.400,0.00015442226140294224,0,0.00014887586439726874,0
2026-02-09 22:40:17.506,0.00012705320841632783,0,0.0002576342267275322,0
2026-02-09 22:40:17.613,0.00010998747166013345,0,0.0008671178293297999,0
2026-02-09 22:40:17.720,0.00016193905321415514,0,0.0043494716323039025,0
2026-02-09 22:40:17.826,0.00038894257158972323,0,0.01683049325001775,0
2026-02-09 22:40:17.933,0.001189401256851852,0,0.041753169488947604,0
2026-02-09 22:40:18.040,0.006171620450913906,0,0.07858609650356811,0
2026-02-09 22:40:18.146,0.034919824451208115,0,0.1217933628395258,0
2026-02-09 22:40:18.253,0.12493494898080826,0,0.18153447075892473,0
2026-02-09 22:40:18.360,0.24937355518341064,0,0.25658065311436073,0
2026-02-09 22:40:18.466,0.36848369240760803,0,0.33296068318886685,0
2026-02-09 22:40:18.573,0.43219971656799316,0,0.39903587801381946,0
2026-02-09 22:40:18.680,0.5975210666656494,1,0.4627260658890009,0
2026-02-09 22:40:18.786,0.7506237626075745,1,0.5026767231523991,1
2026-02-09 22:40:18.893,0.7641892433166504,1,0.5092309951782227,1
2026-02-09 22:40:19.000,0.6619413495063782,1,0.49104506969451905,0
2026-02-09 22:40:19.106,0.6430734992027283,1,0.45587643329054117,0
2026-02-09 22:40:19.213,0.4344263970851898,0,0.41369793759658935,0
2026-02-09 22:40:19.320,0.1904776692390442,0,0.35480111837387085,0
2026-02-09 22:40:19.426,0.06751430034637451,0,0.2803996298927814,0
2026-02-09 22:40:19.533,0.016797328367829323,0,0.20426298512611538,0
2026-02-09 22:40:19.640,0.010414759628474712,0,0.13825032513123006,0
2026-02-09 22:40:19.746,0.008552874438464642,0,0.07401017407537439,0
2026-02-09 22:40:19.853,0.006608877796679735,0,0.030596881272504105,0
2026-02-09 22:40:19.960,0.0028227956499904394,0,0.011555916054203409,0
2026-02-09 22:40:20.066,0.0018147495575249195,0,0.00480726714595221,0
2026-02-09 22:40:20.173,0.0006719886441715062,0,0.0031315225292928516,0
2026-02-09 22:40:20.280,0.00029346905648708344,0,0.0020998900625272656,0
2026-02-09 22:40:20.386,6.80170560372062e-05,0,0.0012622262773220427,0
2026-02-09 22:40:20.493,2.7811263862531632e-05,0,0.0006137587712146342,0
2026-02-09 22:40:20.600,3.988220123574138e-05,0,0.00033721486943250056,0
2026-02-09 22:40:20.706,9.84349608188495e-05,0,0.00016035297412599902,0
2026-02-09 22:40:20.813,0.0001762365864124149,0,9.70782813965343e-05,0
2026-02-09 22:40:20.920,0.00012420273560564965,0,7.178608975664247e-05,0
2026-02-09 22:40:21.026,5.735663216910325e-05,0,6.947726942598819e-05,0
2026-02-09 22:40:21.133,4.6130604459904134e-05,0,7.118042485672049e-05,0
2026-02-09 22:40:21.240,3.9241716876858845e-05,0,7.593811606056988e-05,0
2026-02-09 22:40:21.346,4.054714008816518e-05,0,6.941626706975512e-05,0
2026-02-09 22:40:21.453,4.492885273066349e-05,0,5.5216409964486954e-05,0
2026-02-09 22:40:21.560,4.484281816985458e-05,0,4.41480479821621e-05,0
2026-02-09 22:40:21.666,8.745911327423528e-05,0,3.882743271788058e-05,0
2026-02-09 22:40:21.773,3.32164709107019e-05,0,3.451210384355363e-05,0
2026-02-09 22:40:21.880,3.4238015359733254e-05,0,3.097775713740702e-05,0
2026-02-09 22:40:21.986,1.3519115782401059e-05,0,2.730064613842842e-05,0
2026-02-09 22:40:22.093,4.150479526288109e-06,0,2.3556329529128563e-05,0
2026-02-09 22:40:22.200,2.977315716634621e-06,0,1.9901599284821713e-05,0
2026-02-09 22:40:22.306,3.898249815392774e-06,0,1.210781504141778e-05,0
2026-02-09 22:40:22.413,3.776030098379124e-06,0,1.104958794257982e-05,0
2026-02-09 22:40:22.520,7.485686637664912e-06,0,1.0598904577818757e-05,0
2026-02-09 22:40:22.626,8.295515726786107e-06,0,1.2162462667220098e-05,0
2026-02-09 22:40:22.733,9.521270840195939e-06,0,1.4207524941411975e-05,0
2026-02-09 22:40:22.840,2.2634199922322296e-05,0,1.6880244356798357e-05,0
2026-02-09 22:40:22.946,2.9731181712122634e-05,0,1.8126881559510367e-05,0
2026-02-09 22:40:23.053,2.915469667641446e-05,0,1.9270957773187546e-05,0
2026-02-09 22:40:23.160,2.4601102268206887e-05,0,2.393059421592625e-05,0
2026-02-09 22:40:23.266,2.970450987049844e-05,0,2.7828062411572318e-05,0
2026-02-09 22:40:23.373,1.636462184251286e-05,0,2.9612702564918437e-05,0
2026-02-09 22:40:23.480,1.5216792235150933e-05,0,3.164718164043734e-05,0
2026-02-09 22:40:23.586,5.408205106505193e-05,0,3.463462471700041e-05,0
2026-02-09 22:40:23.693,4.7270197683246806e-05,0,4.561563164315885e-05,0
2026-02-09 22:40:23.800,2.7367672373657115e-05,0,7.809840099071153e-05,0
2026-02-09 22:40:23.906,4.297899067751132e-05,0,9.395466495334403e-05,0
2026-02-09 22:40:24.013,5.960561247775331e-05,0,0.00017135672078438802,0
2026-02-09 22:40:24.120,0.0001389647659379989,0,0.0004438430651134695,0
2026-02-09 22:40:24.226,0.00034942879574373364,0,0.0005923941231230856,0
2026-02-09 22:40:24.333,0.00018826714949682355,0,0.0007003853655987768,0
2026-02-09 22:40:24.440,0.0007903851801529527,0,0.0009913037330989028,0
2026-02-09 22:40:24.546,0.0027400802355259657,0,0.0011510737305798103,0
2026-02-09 22:40:24.653,0.001539592631161213,0,0.0012393813725793735,0
2026-02-09 22:40:24.760,0.0011271826224401593,0,0.001282670721411705,0
2026-02-09 22:40:24.866,0.002936551347374916,0,0.0012799678690498695,0
2026-02-09 22:40:24.973,0.001640678965486586,0,0.0012766412080964073,0
2026-02-09 22:40:25.080,0.0009426820324733853,0,0.0012108533541322687,0
2026-02-09 22:40:25.186,0.0005718582542613149,0,0.0009804001645534299,0
2026-02-09 22:40:25.293,0.00032240027212537825,0,0.0009160740053630434,0
2026-02-09 22:40:25.400,0.0001550005399622023,0,0.001410004599893,0
2026-02-09 22:40:25.506,0.0001325066405115649,0,0.003236995181941893,0
2026-02-09 22:40:25.613,0.0004355483397375792,0,0.00865516117628431,0
2026-02-09 22:40:25.720,0.0008963310392573476,0,0.02114212814340135,0
2026-02-09 22:40:25.826,0.006066488567739725,0,0.03791898528434103,0
2026-02-09 22:40:25.933,0.021206457167863846,0,0.06495927028154255,0
2026-02-09 22:40:26.040,0.05582233890891075,0,0.10904172426235163,0
2026-02-09 22:40:26.146,0.1258123517036438,0,0.1323748678987613,0
2026-02-09 22:40:26.253,0.16834042966365814,0,0.1653139724046923,0
2026-02-09 22:40:26.360,0.2707252502441406,0,0.20179699831642212,0
2026-02-09 22:40:26.466,0.440979540348053,0,0.2335216522216797,0
2026-02-09 22:40:26.573,0.23346394300460815,0,0.25603053979575635,0
2026-02-09 22:40:26.680,0.32982659339904785,0,0.2908106103539467,0
2026-02-09 22:40:26.786,0.3657265901565552,0,0.30424432307481764,0
2026-02-09 22:40:26.893,0.32331302762031555,0,0.31348244845867157,0
2026-02-09 22:40:27.000,0.24629533290863037,0,0.32307671904563906,0
2026-02-09 22:40:27.106,0.4036230444908142,0,0.3004873350262642,0
2026-02-09 22:40:27.213,0.2601494789123535,0,0.2967811867594719,0
2026-02-09 22:40:27.320,0.26072168350219727,0,0.3117494598031044,0
2026-02-09 22:40:27.426,0.3666679561138153,0,0.3241036579012871,0
2026-02-09 22:40:27.533,0.2150857001543045,0,0.32346546798944475,0
2026-02-09 22:40:27.640,0.19640246033668518,0,0.3507423236966133,0
2026-02-09 22:40:27.746,0.4795093238353729,0,0.3324721857905388,0
2026-02-09 22:40:27.853,0.48926857113838196,0,0.3224730432033539,0
2026-02-09 22:40:27.960,0.3169311285018921,0,0.3063760533928871,0
2026-02-09 22:40:28.066,0.5190638899803162,1,0.2746263794600964,0
2026-02-09 22:40:28.173,0.22092166543006897,0,0.2573559392243624,0
2026-02-09 22:40:28.280,0.16015805304050446,0,0.24301996938884257,0
2026-02-09 22:40:28.386,0.0997517853975296,0,0.19715097825974226,0
2026-02-09 22:40:28.493,0.049171216785907745,0,0.14930245121940972,0
2026-02-09 22:40:28.600,0.042381297796964645,0,0.11830343948677183,0
2026-02-09 22:40:28.706,0.053042761981487274,0,0.0669810005929321,0
2026-02-09 22:40:28.813,0.020819412544369698,0,0.04551025852560997,0
2026-02-09 22:40:28.920,0.0107833007350564,0,0.03010714501142502,0
2026-02-09 22:40:29.026,0.0069410111755132675,0,0.020486191264353693,0
2026-02-09 22:40:29.133,0.005839501041918993,0,0.01567592255305499,0
2026-02-09 22:40:29.240,0.00621424475684762,0,0.011487371689872817,0
2026-02-09 22:40:29.346,0.006126917898654938,0,0.0062064551122603005,0
2026-02-09 22:40:29.453,0.0035422479268163443,0,0.004139760379621294,0
2026-02-09 22:40:29.560,0.0010685296729207039,0,0.003077714207756799,0
2026-02-09 22:40:29.666,0.0004957891651429236,0,0.002406964806141332,0
2026-02-09 22:40:29.773,0.00023359620536211878,0,0.001856523158494383,0
2026-02-09 22:40:29.880,0.00015246521797962487,0,0.001272684260038659,0
2026-02-09 22:40:29.986,0.00016283901641145349,0,0.0007083529169904068,0
2026-02-09 22:40:30.093,0.0002335171593585983,0,0.0004072314623044804,0
2026-02-09 22:40:30.200,0.00033508456544950604,0,0.00041302688478026537,0
2026-02-09 22:40:30.306,0.0003758557722903788,0,0.0004330665949964896,0
2026-02-09 22:40:30.413,0.0004836044681724161,0,0.0005083327894681133,0
2026-02-09 22:40:30.520,0.0005310333799570799,0,0.000735476658155676,0
2026-02-09 22:40:30.626,0.001126483897678554,0,0.000965851305227261,0
2026-02-09 22:40:30.733,0.0006961862673051655,0,0.0013119122973876073,0
2026-02-09 22:40:30.840,0.0009862581500783563,0,0.002046047171461396,0
2026-02-09 22:40:30.946,0.0024239039048552513,0,0.0035393816564464942,0
2026-02-09 22:40:31.053,0.002466585487127304,0,0.006405806058319285,0
2026-02-09 22:40:31.160,0.003694127080962062,0,0.008744970528641715,0
2026-02-09 22:40:31.266,0.007676433306187391,0,0.010092896426795051,0
2026-02-09 22:40:31.373,0.015309200622141361,0,0.010982116020750254,0
2026-02-09 22:40:31.480,0.02914784848690033,0,0.012071935669519007,0
2026-02-09 22:40:31.586,0.02392267808318138,0,0.01257458773907274,0
2026-02-09 22:40:31.693,0.014605742879211903,0,0.01751461063977331,0
2026-02-09 22:40:31.800,0.009588382206857204,0,0.02392194652929902,0
2026-02-09 22:40:31.906,0.011884454637765884,0,0.03688086098991335,0
2026-02-09 22:40:32.013,0.00745042460039258,0,0.058782426686957476,0
2026-02-09 22:40:32.120,0.051866814494132996,0,0.08716314700432122,0
2026-02-09 22:40:32.226,0.06776748597621918,0,0.11888133590109647,0
2026-02-09 22:40:32.333,0.13726557791233063,0,0.16995720150880517,0
2026-02-09 22:40:32.440,0.2343248575925827,0,0.21610518959350883,0
2026-02-09 22:40:32.546,0.3129550516605377,0,0.2710700415540487,0
2026-02-09 22:40:32.653,0.34110456705093384,0,0.3321704030036926,0
2026-02-09 22:40:32.760,0.5253643989562988,1,0.40068531781435013,0
2026-02-09 22:40:32.866,0.47106826305389404,0,0.47274470031261445,0
2026-02-09 22:40:32.973,0.5615329742431641,1,0.5365126088261605,1
2026-02-09 22:40:33.080,0.6184540390968323,1,0.5938564151525497,1
2026-02-09 22:40:33.186,0.737015962600708,1,0.6434413969516755,1
2026-02-09 22:40:33.293,0.7883613109588623,1,0.6857963025569915,1
2026-02-09 22:40:33.400,0.7749446630477905,1,0.7063943684101105,1
2026-02-09 22:40:33.506,0.8077629208564758,1,0.7065328598022461,1
2026-02-09 22:40:33.613,0.8088048696517944,1,0.6832934379577636,1
2026-02-09 22:40:33.720,0.7646536231040955,1,0.6442917466163636,1
2026-02-09 22:40:33.826,0.7313450574874878,1,0.5895072788000106,1
2026-02-09 22:40:33.933,0.47245317697525024,0,0.5375972807407379,1
2026-02-09 22:40:34.040,0.32913875579833984,0,0.46527257896959784,0
2026-02-09 22:40:34.146,0.2284371256828308,0,0.3864036763086915,0
2026-02-09 22:40:34.253,0.18917128443717957,0,0.30656300028786065,0
2026-02-09 22:40:34.360,0.26926133036613464,0,0.2307853174395859,0
2026-02-09 22:40:34.466,0.05169764533638954,0,0.15783546627499162,0
2026-02-09 22:40:34.573,0.01907389424741268,0,0.11067292769439518,0
2026-02-09 22:40:34.680,0.010398109443485737,0,0.07786783023038879,0
2026-02-09 22:40:34.786,0.006876794621348381,0,0.055082659260369836,0
2026-02-09 22:40:34.893,0.0018465458415448666,0,0.036186489606916436,0
2026-02-09 22:40:35.000,0.0008277911692857742,0,0.009265327198954764,0
2026-02-09 22:40:35.106,0.0010877811582759023,0,0.0041045224264962595,0
2026-02-09 22:40:35.213,0.0005854159826412797,0,0.002200081372029672,0
2026-02-09 22:40:35.320,0.00020958790264558047,0,0.0011669099776554503,0
2026-02-09 22:40:35.426,4.970628651790321e-05,0,0.00048361192984884837,0
2026-02-09 22:40:35.533,8.959761180449277e-05,0,0.0003617235104684369,0
2026-02-09 22:40:35.640,2.948370274680201e-05,0,0.0002896067120673251,0
2026-02-09 22:40:35.746,6.639549974352121e-05,0,0.00019069233185291522,0
2026-02-09 22:40:35.853,4.381414328236133e-05,0,0.000143035555993265,0
2026-02-09 22:40:35.960,0.0006276616477407515,0,0.00012999389091419288,0
2026-02-09 22:40:36.066,0.00010662318527465686,0,0.00012885881897091168,0
2026-02-09 22:40:36.173,9.863735613180324e-05,0,0.00012290041231608484,0
2026-02-09 22:40:36.280,0.00010884822404477745,0,0.00012240622636454644,0
2026-02-09 22:40:36.386,7.917125185485929e-05,0,0.00011693331789501827,0
2026-02-09 22:40:36.493,3.8355567085091025e-05,0,0.00011406015655666125,0
2026-02-09 22:40:36.600,3.001354525622446e-05,0,5.2989894174970684e-05,0
2026-02-09 22:40:36.706,2.454184323141817e-05,0,5.0403919158270585e-05,0
2026-02-09 22:40:36.813,1.1666415048239287e-05,0,5.728713149437681e-05,0
2026-02-09 22:40:36.920,1.5082529898791108e-05,0,6.819125119363889e-05,0
2026-02-09 22:40:37.026,1.695902392384596e-05,0,8.615173283033073e-05,0
2026-02-09 22:40:37.133,8.076343510765582e-05,0,0.00017191713195643387,0
2026-02-09 22:40:37.240,0.0001674694794928655,0,0.00020399690893100342,0
2026-02-09 22:40:37.346,0.00021788942103739828,0,0.0002525374959077453,0
2026-02-09 22:40:37.453,0.0002587760682217777,0,0.0003555388769200363,0
2026-02-09 22:40:37.560,0.0008960095583461225,0,0.0005116461896250257,0
2026-02-09 22:40:37.666,0.00035081131500191987,0,0.0009116271525272168,0
2026-02-09 22:40:37.773,0.0005099477129988372,0,0.004653477197280154,0
2026-02-09 22:40:37.880,0.0010416802251711488,0,0.01342331543128239,0
2026-02-09 22:40:37.986,0.0015761556569486856,0,0.06277007190219593,0
2026-02-09 22:40:38.093,0.004016768652945757,0,0.1404635608458193,0
2026-02-09 22:40:38.200,0.037499263882637024,0,0.23466670786438043,0
2026-02-09 22:40:38.306,0.08786585181951523,0,0.333103959687287,0
2026-02-09 22:40:38.413,0.49368545413017273,0,0.43258606385206805,0
2026-02-09 22:40:38.520,0.7771936655044556,1,0.5322561611188575,1
2026-02-09 22:40:38.626,0.9429274797439575,1,0.6318566341418773,1
2026-02-09 22:40:38.733,0.9847233295440674,1,0.7313409097492695,1
2026-02-09 22:40:38.840,0.9953309893608093,1,0.8269961588084698,1
2026-02-09 22:40:38.946,0.9977426528930664,1,0.9171279162168503,1
2026-02-09 22:40:39.053,0.997580885887146,1,0.9669052839279175,1
2026-02-09 22:40:39.160,0.9988595247268677,1,0.9877949953079224,1
2026-02-09 22:40:39.266,0.9940517544746399,1,0.9910520613193512,1
2026-02-09 22:40:39.373,0.9891834259033203,1,0.9892285704612732,1
2026-02-09 22:40:39.480,0.9914591312408447,1,0.9868854522705078,1
2026-02-09 22:40:39.586,0.9860907793045044,1,0.9833038032054902,1
2026-02-09 22:40:39.693,0.9754981398582458,1,0.9772295415401459,1
2026-02-09 22:40:39.800,0.9664884209632874,1,0.9706427931785584,1
2026-02-09 22:40:39.906,0.9718998074531555,1,0.9532544016838074,1
2026-02-09 22:40:40.013,0.9619261622428894,1,0.9315159022808075,1
2026-02-09 22:40:40.120,0.9368382692337036,1,0.910148149728775,1
2026-02-09 22:40:40.226,0.9329920411109924,1,0.8797033488750458,1
2026-02-09 22:40:40.333,0.8201678395271301,1,0.8209663659334183,1
2026-02-09 22:40:40.440,0.7717984318733215,1,0.7397737577557564,1
2026-02-09 22:40:40.546,0.77778160572052,1,0.6640904650092125,1
2026-02-09 22:40:40.653,0.6816427707672119,1,0.5903940320014953,1
2026-02-09 22:40:40.760,0.3881283104419708,0,0.5231619834899902,1
2026-02-09 22:40:40.866,0.1545623391866684,0,0.4881305992603302,0
2026-02-09 22:40:40.973,0.21506687998771667,0,0.47951985001564024,0
2026-02-09 22:40:41.080,0.22496183216571808,0,0.46716700196266175,0
2026-02-09 22:40:41.186,0.26451778411865234,0,0.4461080849170685,0
2026-02-09 22:40:41.293,0.5826781988143921,1,0.4308654487133026,0
2026-02-09 22:40:41.400,0.7340603470802307,1,0.4350446790456772,0
2026-02-09 22:40:41.506,0.6482699513435364,1,0.4784785553812981,0
2026-02-09 22:40:41.613,0.5671924352645874,1,0.5422057583928108,1
2026-02-09 22:40:41.720,0.5292164087295532,1,0.6092911720275879,1
2026-02-09 22:40:41.826,0.42992061376571655,0,0.6813696265220642,1
2026-02-09 22:40:41.933,0.5889011025428772,1,0.72205348610878,1
2026-02-09 22:40:42.040,0.8523389101028442,1,0.7469129145145417,1
2026-02-09 22:40:42.146,0.8958159685134888,1,0.7763744354248047,1
2026-02-09 22:40:42.253,0.9853023290634155,1,0.8018976747989655,1
2026-02-09 22:40:42.360,0.9895167946815491,1,0.8063949167728424,1
2026-02-09 22:40:42.466,0.9826546311378479,1,0.8020439356565475,1
2026-02-09 22:40:42.573,0.942885160446167,1,0.8038228243589401,1
2026-02-09 22:40:42.680,0.8224248290061951,1,0.7969002515077591,1
2026-02-09 22:40:42.786,0.5741888284683228,1,0.7877612441778183,1
2026-02-09 22:40:42.893,0.38641080260276794,0,0.7447511345148087,1
2026-02-09 22:40:43.000,0.606689989566803,1,0.6930876016616822,1
2026-02-09 22:40:43.106,0.7831131815910339,1,0.667883425951004,1
2026-02-09 22:40:43.213,0.8044258952140808,1,0.6604324042797088,1
2026-02-09 22:40:43.320,0.5552012324333191,1,0.6632786214351654,1
2026-02-09 22:40:43.426,0.4728814661502838,0,0.7009787023067474,1
2026-02-09 22:40:43.533,0.7306128740310669,1,0.7539231508970261,1
2026-02-09 22:40:43.640,0.8683749437332153,1,0.7865697354078293,1
2026-02-09 22:40:43.746,0.8508870005607605,1,0.79620461165905,1
2026-02-09 22:40:43.853,0.9511896371841431,1,0.807859817147255,1
2026-02-09 22:40:43.960,0.9158552885055542,1,0.8460868388414383,1
2026-02-09 22:40:44.066,0.9331558346748352,1,0.8957679212093353,1
2026-02-09 22:40:44.173,0.879461944103241,1,0.9178651750087738,1
2026-02-09 22:40:44.280,0.9209779500961304,1,0.9268937051296234,1
2026-02-09 22:40:44.386,0.9374714493751526,1,0.9345089554786682,1
2026-02-09 22:40:44.493,0.9696922898292542,1,0.9269942760467529,1
2026-02-09 22:40:44.600,0.9515854120254517,1,0.9067267000675201,1
2026-02-09 22:40:44.706,0.9586602449417114,1,0.9029776871204376,1
2026-02-09 22:40:44.813,0.9270395040512085,1,0.9032403707504273,1
2026-02-09 22:40:44.920,0.8760428428649902,1,0.9028189182281494,1
2026-02-09 22:40:45.026,0.7131795287132263,1,0.9016213238239288,1
2026-02-09 22:40:45.133,0.89566570520401,1,0.885113000869751,1
2026-02-09 22:40:45.240,0.8820887804031372,1,0.8671271443367005,1
2026-02-09 22:40:45.346,0.916763424873352,1,0.8455208003520965,1
2026-02-09 22:40:45.453,0.9254955053329468,1,0.8319314956665039,1
2026-02-09 22:40:45.560,0.8046090602874756,1,0.803457748889923,1
2026-02-09 22:40:45.666,0.7717268466949463,1,0.7655752420425415,1
2026-02-09 22:40:45.773,0.7425968050956726,1,0.6941274583339692,1
2026-02-09 22:40:45.880,0.791146457195282,1,0.6202753767371177,1
2026-02-09 22:40:45.986,0.5913053750991821,1,0.53816007822752,1
2026-02-09 22:40:46.093,0.3343544602394104,0,0.450033874809742,0
2026-02-09 22:40:46.200,0.18118786811828613,0,0.37184052001684903,0
2026-02-09 22:40:46.306,0.14356796443462372,0,0.29789070319384336,0
2026-02-09 22:40:46.413,0.09561043977737427,0,0.22879871372133492,0
2026-02-09 22:40:46.520,0.044233471155166626,0,0.16061014924198388,0
2026-02-09 22:40:46.626,0.022675512358546257,0,0.12135076019912958,0
2026-02-09 22:40:46.733,0.032228678464889526,0,0.11520674619823694,0
2026-02-09 22:40:46.840,0.0516769103705883,0,0.15183405075222253,0
2026-02-09 22:40:46.946,0.10926081240177155,0,0.18876764122396708,0
2026-02-09 22:40:47.053,0.19871148467063904,0,0.23469777051359414,0
2026-02-09 22:40:47.160,0.272914320230484,0,0.2799991125240922,0
2026-02-09 22:40:47.266,0.5474609136581421,1,0.35709987245500086,0
2026-02-09 22:40:47.373,0.5129038691520691,1,0.4349367585033178,0
2026-02-09 22:40:47.480,0.554911732673645,1,0.48227943032979964,0
2026-02-09 22:40:47.586,0.4972468912601471,0,0.5001694679260253,1
2026-02-09 22:40:47.693,0.7936831116676331,1,0.4936318755149841,0
2026-02-09 22:40:47.800,0.8105975389480591,1,0.47294277101755144,0
2026-02-09 22:40:47.906,0.5251036286354065,1,0.42103429306298495,0
2026-02-09 22:40:48.013,0.28816118836402893,0,0.37126515367999674,0
2026-02-09 22:40:48.120,0.13333556056022644,0,0.3164824233856052,0
2026-02-09 22:40:48.226,0.06602327525615692,0,0.26704638476949183,0
2026-02-09 22:40:48.333,0.028376134112477303,0,0.18779744401108472,0
2026-02-09 22:40:48.440,0.015212475322186947,0,0.10711139384657145,0
2026-02-09 22:40:48.546,0.007084429729729891,0,0.055106648989021775,0
2026-02-09 22:40:48.653,0.0028865050990134478,0,0.02667359048500657,0
2026-02-09 22:40:48.760,0.0011937040835618973,0,0.013573827128857375,0
2026-02-09 22:40:48.866,0.0037370373029261827,0,0.007243404630571604,0
2026-02-09 22:40:48.973,0.0050561800599098206,0,0.004525816009845585,0
2026-02-09 22:40:49.080,0.0038306033238768578,0,0.0031644540722481906,0
2026-02-09 22:40:49.186,0.002337926998734474,0,0.0025406707369256764,0
2026-02-09 22:40:49.293,0.0027190502732992172,0,0.0022742508590454236,0
2026-02-09 22:40:49.400,0.0012002479052171111,0,0.002180694503476843,0
2026-02-09 22:40:49.506,0.001598855946213007,0,0.0018390360550256447,0
2026-02-09 22:40:49.613,0.0008465963765047491,0,0.0014048536511836573,0
2026-02-09 22:40:49.720,0.00022230632021091878,0,0.0012713141477433965,0
2026-02-09 22:40:49.826,0.000258140527876094,0,0.005890575583907776,0
2026-02-09 22:40:49.933,0.00032045281841419637,0,0.016197879586252385,0
2026-02-09 22:40:50.040,0.000714356021489948,0,0.05217417435196694,0
2026-02-09 22:40:50.146,0.002495208289474249,0,0.10022751138021704,0
2026-02-09 22:40:50.253,0.048530541360378265,0,0.1731892677868018,0
2026-02-09 22:40:50.360,0.1057920902967453,0,0.25390475907479415,0
2026-02-09 22:40:50.466,0.36096319556236267,0,0.352199160962482,0
2026-02-09 22:40:50.573,0.482132226228714,0,0.45060825752443634,0
2026-02-09 22:40:50.680,0.7304641604423523,1,0.5497373388614506,1
2026-02-09 22:40:50.786,0.8073772192001343,1,0.6487047500908375,1
2026-02-09 22:40:50.893,0.9832021594047546,1,0.7423921629786492,1
2026-02-09 22:40:51.000,0.9844114184379578,1,0.8306021094322205,1
2026-02-09 22:40:51.106,0.9920051693916321,1,0.8941321581602096,1
2026-02-09 22:40:51.213,0.9921693205833435,1,0.9457186579704284,1
2026-02-09 22:40:51.320,0.9854046702384949,1,0.9725205421447753,1
2026-02-09 22:40:51.426,0.9878915548324585,1,0.991644537448883,1
2026-02-09 22:40:51.533,0.9962636828422546,1,0.9930945038795471,1
2026-02-09 22:40:51.640,0.9979972243309021,1,0.9943400621414185,1
2026-02-09 22:40:51.746,0.9984830021858215,1,0.9943375408649444,1
2026-02-09 22:40:51.853,0.9986171722412109,1,0.9938677012920379,1
2026-02-09 22:40:51.960,0.9977018237113953,1,0.9938954293727875,1
2026-02-09 22:40:52.066,0.9968670010566711,1,0.9934349119663238,1
2026-02-09 22:40:52.173,0.9919799566268921,1,0.9845560252666473,1
2026-02-09 22:40:52.280,0.9874709248542786,1,0.9592352747917176,1
2026-02-09 22:40:52.386,0.98568195104599,1,0.9219216585159302,1
2026-02-09 22:40:52.493,0.9832863807678223,1,0.8755428552627563,1
2026-02-09 22:40:52.600,0.9074748158454895,1,0.8132691532373428,1
2026-02-09 22:40:52.706,0.744789719581604,1,0.7416360229253769,1
2026-02-09 22:40:52.813,0.625346839427948,1,0.670772933959961,1
2026-02-09 22:40:52.920,0.5348291397094727,1,0.5901268199086189,1
2026-02-09 22:40:53.026,0.37496480345726013,0,0.5177752897143364,1
2026-02-09 22:40:53.133,0.2805356979370117,0,0.4485088810324669,0
2026-02-09 22:40:53.240,0.28334906697273254,0,0.3793629691004753,0
2026-02-09 22:40:53.346,0.18100978434085846,0,0.32070188224315643,0
2026-02-09 22:40:53.453,0.2621666491031647,0,0.2626973047852516,0
2026-02-09 22:40:53.560,0.2906222939491272,0,0.21151520479470493,0
2026-02-09 22:40:53.666,0.21601569652557373,0,0.17645056899636985,0
2026-02-09 22:40:53.773,0.15817885100841522,0,0.15097747817635537,0
2026-02-09 22:40:53.880,0.04530106484889984,0,0.12475939784199,0
2026-02-09 22:40:53.986,0.023008139804005623,0,0.10795914297923445,0
2026-02-09 22:40:54.093,0.024318445473909378,0,0.08295458192005753,0
2026-02-09 22:40:54.200,0.02580478973686695,0,0.05547469230368733,0
2026-02-09 22:40:54.306,0.021168263629078865,0,0.037487920839339495,0
2026-02-09 22:40:54.413,0.01300723571330309,0,0.03340334119275212,0
2026-02-09 22:40:54.520,0.012121038511395454,0,0.03954290123656392,0
2026-02-09 22:40:54.626,0.015823397785425186,0,0.05536785675212741,0
2026-02-09 22:40:54.733,0.03614798188209534,0,0.06647622352465987,0
2026-02-09 22:40:54.840,0.1173330545425415,0,0.10310751544311643,0
2026-02-09 22:40:54.946,0.10669666528701782,0,0.14411701885983347,0
2026-02-09 22:40:55.053,0.1812576949596405,0,0.22205963935703038,0
2026-02-09 22:40:55.160,0.135402113199234,0,0.3103453818708658,0
2026-02-09 22:40:55.266,0.3921177089214325,0,0.39575469195842744,0
2026-02-09 22:40:55.373,0.4312632977962494,0,0.47883095145225524,0
2026-02-09 22:40:55.480,0.7924334406852722,1,0.5586287140846252,1
2026-02-09 22:40:55.586,0.8949784636497498,1,0.626833838224411,1
2026-02-09 22:40:55.693,0.8699164986610413,1,0.6764287263154983,1
2026-02-09 22:40:55.800,0.8669105768203735,1,0.7218421876430512,1
2026-02-09 22:40:55.906,0.9153106808662415,1,0.7512479096651077,1
2026-02-09 22:40:56.013,0.7887479066848755,1,0.7566084027290344,1
2026-02-09 22:40:56.120,0.6772065758705139,1,0.7294797658920288,1
2026-02-09 22:40:56.226,0.589536726474762,1,0.674598553776741,1
2026-02-09 22:40:56.333,0.6861749291419983,1,0.6066776394844056,1
2026-02-09 22:40:56.440,0.48486822843551636,0,0.5397369861602783,1
2026-02-09 22:40:56.546,0.5211470723152161,1,0.45406248681247235,0
2026-02-09 22:40:56.653,0.34616634249687195,0,0.3798872582614422,0
2026-02-09 22:40:56.760,0.19070735573768616,0,0.32432507947087286,0
2026-02-09 22:40:56.866,0.19750404357910156,0,0.27608199045062065,0
2026-02-09 22:40:56.973,0.058565687388181686,0,0.2202862910926342,0
2026-02-09 22:40:57.080,0.0469956211745739,0,0.18175556510686874,0
2026-02-09 22:40:57.186,0.12158478796482086,0,0.13747498393058777,0
2026-02-09 22:40:57.293,0.10710583627223969,0,0.10861916020512581,0
2026-02-09 22:40:57.400,0.1282179355621338,0,0.0986516796052456,0
2026-02-09 22:40:57.506,0.09956096857786179,0,0.08347047008574009,0
2026-02-09 22:40:57.613,0.07834126055240631,0,0.07978631295263768,0
2026-02-09 22:40:57.720,0.05760810524225235,0,0.0830531932413578,0
2026-02-09 22:40:57.826,0.09103254973888397,0,0.07486996650695801,0
2026-02-09 22:40:57.933,0.045691948384046555,0,0.06847399733960628,0
2026-02-09 22:40:58.040,0.021724116057157516,0,0.05783087275922298,0
2026-02-09 22:40:58.146,0.07966442406177521,0,0.04840696863830089,0
2026-02-09 22:40:58.253,0.039752520620822906,0,0.04133651372976601,0
2026-02-09 22:40:58.360,0.04314614459872246,0,0.036596112931147215,0
2026-02-09 22:40:58.466,0.02178668975830078,0,0.029267471702769398,0
2026-02-09 22:40:58.573,0.0053219273686409,0,0.030010687233880163,0
2026-02-09 22:40:58.680,0.0076367114670574665,0,0.06798531194217503,0
2026-02-09 22:40:58.786,0.010204097256064415,0,0.10627827872522175,0
2026-02-09 22:40:58.893,0.01774613745510578,0,0.14115051184780897,0
2026-02-09 22:40:59.000,0.05312410369515419,0,0.19509157580323516,0
2026-02-09 22:40:59.106,0.4014703631401062,0,0.2473978464026004,0
2026-02-09 22:40:59.213,0.46259409189224243,0,0.3060727354604751,0
2026-02-09 22:40:59.320,0.38847485184669495,0,0.38860349766910074,0
2026-02-09 22:40:59.426,0.5825567841529846,1,0.4502122988924384,0
2026-02-09 22:40:59.533,0.5448493957519531,1,0.5066651586443186,1
2026-02-09 22:40:59.640,0.5920708179473877,1,0.5494797885417938,1
2026-02-09 22:40:59.746,0.8329443335533142,1,0.5587198257446289,1
2026-02-09 22:40:59.853,0.6262921094894409,1,0.5676859498023987,1
2026-02-09 22:40:59.960,0.5822747349739075,1,0.5828650444746017,1
2026-02-09 22:41:00.066,0.4812704026699066,0,0.5970002561807632,1
2026-02-09 22:41:00.173,0.49387073516845703,0,0.6154772251844406,1
2026-02-09 22:41:00.280,0.5522553324699402,1,0.6301402598619461,1
2026-02-09 22:41:00.386,0.5402657985687256,1,0.5725941866636276,1
2026-02-09 22:41:00.493,0.7239089012145996,1,0.5300059631466866,1
2026-02-09 22:41:00.600,0.7296190857887268,1,0.48952157944440844,0
2026-02-09 22:41:00.706,0.7387011647224426,1,0.45878034979105,0
2026-02-09 22:41:00.813,0.2574836015701294,0,0.4185130298137665,0
2026-02-09 22:41:00.920,0.2004098743200302,0,0.3865320488810539,0
2026-02-09 22:41:01.026,0.1774308979511261,0,0.3594365790486336,0
2026-02-09 22:41:01.133,0.17385810613632202,0,0.3170858547091484,0
2026-02-09 22:41:01.240,0.09119753539562225,0,0.26449314057826995,0
2026-02-09 22:41:01.346,0.23244552314281464,0,0.20974760204553605,0
2026-02-09 22:41:01.453,0.2693111002445221,0,0.203594870865345,0
2026-02-09 22:41:01.560,0.3004016578197479,0,0.20052866488695145,0
2026-02-09 22:41:01.666,0.20369194447994232,0,0.2011348381638527,0
2026-02-09 22:41:01.773,0.19124577939510345,0,0.20806948989629745,0
2026-02-09 22:41:01.880,0.195956289768219,0,0.22223473191261292,0
2026-02-09 22:41:01.986,0.16974781453609467,0,0.2232556238770485,0
2026-02-09 22:41:02.093,0.18349263072013855,0,0.23613580614328383,0
2026-02-09 22:41:02.200,0.24320462346076965,0,0.26499140113592146,0
2026-02-09 22:41:02.306,0.23284995555877686,0,0.3074422299861908,0
2026-02-09 22:41:02.413,0.2426544427871704,0,0.36286883503198625,0
2026-02-09 22:41:02.520,0.3981129229068756,0,0.4346638396382332,0
2026-02-09 22:41:02.626,0.5889576077461243,1,0.50832499563694,1
2026-02-09 22:41:02.733,0.6282002329826355,1,0.5822645127773285,1
2026-02-09 22:41:02.840,0.7455118298530579,1,0.6469835191965103,1
2026-02-09 22:41:02.946,0.9139063358306885,1,0.7016694217920303,1
2026-02-09 22:41:03.053,0.9063593745231628,1,0.765791192650795,1
2026-02-09 22:41:03.160,0.9228878021240234,1,0.8179977655410766,1
2026-02-09 22:41:03.266,0.8903946876525879,1,0.8534525215625763,1
2026-02-09 22:41:03.373,0.779708981513977,1,0.8825740456581116,1
2026-02-09 22:41:03.480,0.8838721513748169,1,0.8973166823387146,1
2026-02-09 22:41:03.586,0.9201786518096924,1,0.8972100794315339,1
2026-02-09 22:41:03.693,0.9435051679611206,1,0.8873417496681213,1
2026-02-09 22:41:03.800,0.9194154739379883,1,0.8727934956550598,1
2026-02-09 22:41:03.906,0.8929381966590881,1,0.8500654578208924,1
2026-02-09 22:41:04.013,0.9128403067588806,1,0.7994437515735626,1
2026-02-09 22:41:04.120,0.8076760768890381,1,0.7252632603049278,1
2026-02-09 22:41:04.226,0.7774052619934082,1,0.6432157061994076,1
2026-02-09 22:41:04.333,0.6631143093109131,1,0.5545268081128597,1
2026-02-09 22:41:04.440,0.27349191904067993,0,0.46445568054914477,0
2026-02-09 22:41:04.546,0.14206723868846893,0,0.3774871902540326,0
2026-02-09 22:41:04.653,0.0997031107544899,0,0.29309339094907044,0
2026-02-09 22:41:04.760,0.05661618709564209,0,0.22316629830747842,0
2026-02-09 22:41:04.866,0.01870419830083847,0,0.15719590652734042,0
2026-02-09 22:41:04.973,0.023253293707966805,0,0.10119720492511988,0
2026-02-09 22:41:05.080,0.06890231370925903,0,0.07976045440882444,0
2026-02-09 22:41:05.186,0.10840515047311783,0,0.07074334044009448,0
2026-02-09 22:41:05.293,0.11770134419202805,0,0.07398301903158426,0
2026-02-09 22:41:05.400,0.10312729328870773,0,0.08333943877369165,0
2026-02-09 22:41:05.506,0.0591244138777256,0,0.10254659671336412,0
2026-02-09 22:41:05.613,0.051896099001169205,0,0.12928914427757263,0
2026-02-09 22:41:05.720,0.13209989666938782,0,0.15007040202617644,0
2026-02-09 22:41:05.826,0.150180384516716,0,0.16867773458361626,0
2026-02-09 22:41:05.933,0.21077577769756317,0,0.1719189926981926,0
2026-02-09 22:41:06.040,0.2906787693500519,0,0.1672114860266447,0
2026-02-09 22:41:06.146,0.27671489119529724,0,0.16557400152087212,0
2026-02-09 22:41:06.253,0.29447847604751587,0,0.1675494398921728,0
2026-02-09 22:41:06.360,0.15011392533779144,0,0.16113584004342557,0
2026-02-09 22:41:06.466,0.056052226573228836,0,0.15749951265752316,0
2026-02-09 22:41:06.573,0.042749568819999695,0,0.14649688340723516,0
2026-02-09 22:41:06.680,0.07165048271417618,0,0.1268517706543207,0
2026-02-09 22:41:06.786,0.06796389818191528,0,0.11791739352047444,0
2026-02-09 22:41:06.893,0.11381711065769196,0,0.10496834106743336,0
2026-02-09 22:41:07.000,0.10074948519468307,0,0.09914405234158039,0
2026-02-09 22:41:07.106,0.09422764182090759,0,0.1046810083091259,0
2026-02-09 22:41:07.213,0.1873711198568344,0,0.11851372197270393,0
2026-02-09 22:41:07.320,0.1649879515171051,0,0.12084974721074104,0
2026-02-09 22:41:07.426,0.09187103807926178,0,0.12101504355669021,0
2026-02-09 22:41:07.533,0.11142178624868393,0,0.11385280899703502,0
2026-02-09 22:41:07.640,0.18107670545578003,0,0.10498960297554731,0
2026-02-09 22:41:07.746,0.09501073509454727,0,0.09620238016359509,0
2026-02-09 22:41:07.853,0.06961686164140701,0,0.07793522584252059,0
2026-02-09 22:41:07.960,0.04219476506114006,0,0.061735436250455675,0
2026-02-09 22:41:08.066,0.012117424979805946,0,0.05285070368554443,0
2026-02-09 22:41:08.173,0.00635541370138526,0,0.04184929282637313,0
2026-02-09 22:41:08.280,0.004699576646089554,0,0.02378749046183657,0
2026-02-09 22:41:08.386,0.0029900555964559317,0,0.014307951340742874,0
2026-02-09 22:41:08.493,0.003023712430149317,0,0.007368137022422161,0
2026-02-09 22:41:08.600,0.0014076776569709182,0,0.003175432475109119,0
2026-02-09 22:41:08.706,0.0004586818104144186,0,0.0020102227936149575,0
2026-02-09 22:41:08.813,0.00021534388361033052,0,0.0014971954529755748,0
2026-02-09 22:41:08.920,0.00021871845819987357,0,0.001123711206309963,0
2026-02-09 22:41:09.026,0.0002677195880096406,0,0.0009288472661864944,0
2026-02-09 22:41:09.133,0.0004653281648643315,0,0.0008183799523976632,0
2026-02-09 22:41:09.240,0.0012251402949914336,0,0.0009739295768667944,0
2026-02-09 22:41:09.346,0.0009647341794334352,0,0.0012456416952772997,0
2026-02-09 22:41:09.453,0.0010414161952212453,0,0.0016895259846933185,0
2026-02-09 22:41:09.560,0.0019190392922610044,0,0.002727764562587254,0
2026-02-09 22:41:09.666,0.0029631739016622305,0,0.005054011498577893,0
2026-02-09 22:41:09.773,0.003175802994519472,0,0.00924953976063989,0
2026-02-09 22:41:09.880,0.004654186777770519,0,0.015101314015919343,0
2026-02-09 22:41:09.986,0.010601104237139225,0,0.026981872424948962,0
2026-02-09 22:41:10.093,0.02353018894791603,0,0.05421118112280965,0
2026-02-09 22:41:10.200,0.042420610785484314,0,0.09665279577020555,0
2026-02-09 22:41:10.306,0.05974288284778595,0,0.1644214302767068,0
2026-02-09 22:41:10.413,0.11977031826972961,0,0.24730485901236535,0
2026-02-09 22:41:10.520,0.2733345031738281,0,0.3282576506026089,0
2026-02-09 22:41:10.626,0.4263351857662201,0,0.41096192635595796,0
2026-02-09 22:41:10.733,0.6806495189666748,1,0.4929611623287201,0
2026-02-09 22:41:10.840,0.8320100903511047,1,0.5579068854451179,1
2026-02-09 22:41:10.946,0.8141821026802063,1,0.6207999408245086,1
2026-02-09 22:41:11.053,0.8376438617706299,1,0.6548007488250732,1
2026-02-09 22:41:11.160,0.8435225486755371,1,0.64462960511446,1
2026-02-09 22:41:11.266,0.6918778419494629,1,0.6090191476047039,1
2026-02-09 22:41:11.373,0.6886734366416931,1,0.5449270911514759,1
2026-02-09 22:41:11.480,0.45977839827537537,0,0.4640623426064849,0
2026-02-09 22:41:11.586,0.17162306606769562,0,0.38707054425030946,0
2026-02-09 22:41:11.693,0.07023061066865921,0,0.31605686265975236,0
2026-02-09 22:41:11.800,0.039728954434394836,0,0.27130508739501236,0
2026-02-09 22:41:11.906,0.023362604901194572,0,0.24761882442981004,0
2026-02-09 22:41:12.013,0.04426411911845207,0,0.23272820729762317,0
2026-02-09 22:41:12.120,0.1275070458650589,0,0.21263486463576556,0
2026-02-09 22:41:12.226,0.3960047960281372,0,0.20581210050731896,0
2026-02-09 22:41:12.333,0.4550152122974396,0,0.20271967779845,0
2026-02-09 22:41:12.440,0.5397672653198242,1,0.2004335978999734,0
2026-02-09 22:41:12.546,0.2588449716567993,0,0.19816961513133718,0
2026-02-09 22:41:12.653,0.10339542478322983,0,0.19380085658631288,0
2026-02-09 22:41:12.760,0.039306383579969406,0,0.18112501983996482,0
2026-02-09 22:41:12.866,0.01686815544962883,0,0.1417075516539626,0
2026-02-09 22:41:12.973,0.0007227772148326039,0,0.09636045966763049,0
2026-02-09 22:41:13.080,0.0005765336682088673,0,0.042638916592113676,0
2026-02-09 22:41:13.186,0.0007486784015782177,0,0.017156129260547458,0
2026-02-09 22:41:13.293,0.0018301141681149602,0,0.007528470107354223,0
2026-02-09 22:41:13.400,0.001544292434118688,0,0.005644079321064055,0
2026-02-09 22:41:13.506,0.002551834564656019,0,0.008770235278643668,0
2026-02-09 22:41:13.613,0.004017098341137171,0,0.027540531021077185,0
2026-02-09 22:41:13.720,0.007118833251297474,0,0.04339521823567338,0
2026-02-09 22:41:13.826,0.02046247571706772,0,0.09030982409603894,0
2026-02-09 22:41:13.933,0.04812971502542496,0,0.1399335952824913,0
2026-02-09 22:41:14.040,0.18842573463916779,0,0.19887420302256942,0
2026-02-09 22:41:14.146,0.15912340581417084,0,0.2603614206891507,0
2026-02-09 22:41:14.253,0.46989473700523376,0,0.33442103387787936,0
2026-02-09 22:41:14.360,0.49806782603263855,0,0.4141283452510834,0
2026-02-09 22:41:14.466,0.5909503698348999,1,0.4954469777643681,0
2026-02-09 22:41:14.573,0.6174240112304688,1,0.584682685136795,1
2026-02-09 22:41:14.680,0.7446132302284241,1,0.6614318057894707,1
2026-02-09 22:41:14.786,0.8041919469833374,1,0.7429616749286652,1
2026-02-09 22:41:14.893,0.8336488008499146,1,0.7941637724637985,1
2026-02-09 22:41:15.000,0.9404867887496948,1,0.8422739207744598,1
2026-02-09 22:41:15.106,0.9559169411659241,1,0.8777722537517547,1
2026-02-09 22:41:15.213,0.9744220972061157,1,0.9129140615463257,1
2026-02-09 22:41:15.320,0.9819157123565674,1,0.9226231634616852,1
2026-02-09 22:41:15.426,0.9791693091392517,1,0.9209783971309662,1
2026-02-09 22:41:15.533,0.9459336996078491,1,0.9161377310752868,1
2026-02-09 22:41:15.640,0.968842089176178,1,0.8825664639472961,1
2026-02-09 22:41:15.746,0.841704249382019,1,0.8700273990631103,1
2026-02-09 22:41:15.853,0.7877442836761475,1,0.8667625248432159,1
2026-02-09 22:41:15.960,0.7852421402931213,1,0.8652323126792908,1
2026-02-09 22:41:16.066,0.6047741174697876,1,0.8652623236179352,1
2026-02-09 22:41:16.173,0.8305262923240662,1,0.86806401014328,1
2026-02-09 22:41:16.280,0.9417733550071716,1,0.8685232400894165,1
2026-02-09 22:41:16.386,0.9666135907173157,1,0.8825140058994293,1
2026-02-09 22:41:16.493,0.9794694185256958,1,0.902532410621643,1
2026-02-09 22:41:16.600,0.9739505648612976,1,0.9235164940357208,1
2026-02-09 22:41:16.706,0.9734343886375427,1,0.9626737475395203,1
2026-02-09 22:41:16.813,0.9816119074821472,1,0.9793104231357574,1
2026-02-09 22:41:16.920,0.9879283308982849,1,0.9841974556446076,1
2026-02-09 22:41:17.026,0.9950829744338989,1,0.9857194066047669,1
2026-02-09 22:41:17.133,0.996346652507782,1,0.9834031283855438,1
2026-02-09 22:41:17.240,0.996893048286438,1,0.9669379770755768,1
2026-02-09 22:41:17.346,0.9906436800956726,1,0.912243777513504,1
2026-02-09 22:41:17.453,0.9818331003189087,1,0.8290112525224685,1
2026-02-09 22:41:17.560,0.9563066363334656,1,0.7370398715138435,1
2026-02-09 22:41:17.666,0.8092990517616272,1,0.6466007806360722,1
2026-02-09 22:41:17.773,0.4264923930168152,0,0.5503737013787031,1
2026-02-09 22:41:17.880,0.1492866575717926,0,0.4521302658133209,0
2026-02-09 22:41:17.986,0.0682145208120346,0,0.3537803485058248,0
2026-02-09 22:41:18.093,0.09069206565618515,0,0.25777747174724935,0
2026-02-09 22:41:18.200,0.03407585993409157,0,0.16266301646828651,0
2026-02-09 22:41:18.306,0.014458692632615566,0,0.08307787124067545,0
2026-02-09 22:41:18.413,0.007144507020711899,0,0.041141318855807185,0
2026-02-09 22:41:18.520,0.021804332733154297,0,0.026473189960233866,0
2026-02-09 22:41:18.626,0.0051620835438370705,0,0.01977224190486595,0
2026-02-09 22:41:18.733,0.013447599485516548,0,0.010726397745020221,0
2026-02-09 22:41:18.840,0.0071268691681325436,0,0.007416892673063558,0
2026-02-09 22:41:18.946,0.0026053686160594225,0,0.006075841972779017,0
2026-02-09 22:41:19.053,0.0012050402583554387,0,0.005428624628984835,0
2026-02-09 22:41:19.160,0.00023362405772786587,0,0.0033437801685067825,0
2026-02-09 22:41:19.266,0.0009808092145249248,0,0.002940592092636507,0
2026-02-09 22:41:19.373,0.0010481856297701597,0,0.001727505102462601,0
2026-02-09 22:41:19.480,0.0006723335827700794,0,0.0013072287940303795,0
2026-02-09 22:41:19.586,0.0009558881283737719,0,0.0016236365350778214,0
2026-02-09 22:41:19.693,0.0011302027851343155,0,0.0019248659184086137,0
2026-02-09 22:41:19.800,0.0013167295837774873,0,0.002083809161558747,0
2026-02-09 22:41:19.906,0.0029241060838103294,0,0.0023694626172073184,0
2026-02-09 22:41:20.013,0.005769446026533842,0,0.002407829917501658,0
2026-02-09 22:41:20.120,0.004217334091663361,0,0.002565014216816053,0
2026-02-09 22:41:20.226,0.0018230564892292023,0,0.0027777012786827982,0
2026-02-09 22:41:20.333,0.0038373437710106373,0,0.0028474377235397697,0
2026-02-09 22:41:20.440,0.0014318586327135563,0,0.002870038605760783,0
2026-02-09 22:41:20.546,0.0022441765759140253,0,0.00264501721248962,0
2026-02-09 22:41:20.653,0.0030827587470412254,0,0.0021744416269939395,0
2026-02-09 22:41:20.760,0.0018275672337040305,0,0.0018953268125187605,0
2026-02-09 22:41:20.866,0.0015427384059876204,0,0.0018707449838984759,0
2026-02-09 22:41:20.973,0.0006738921510986984,0,0.0016032847051974386,0
2026-02-09 22:41:21.080,0.0010636901715770364,0,0.0018375648593064397,0
2026-02-09 22:41:21.186,0.0014261859469115734,0,0.0026199863466899844,0
2026-02-09 22:41:21.293,0.0015772382030263543,0,0.003954047540901229,0
2026-02-09 22:41:21.400,0.0011627409840002656,0,0.004868861270369962,0
2026-02-09 22:41:21.506,0.003774660173803568,0,0.009662948275217787,0
2026-02-09 22:41:21.613,0.01006839144974947,0,0.011053451139014214,0
2026-02-09 22:41:21.720,0.01642337068915367,0,0.01154832097236067,0
2026-02-09 22:41:21.826,0.010975704528391361,0,0.011712433421052992,0
2026-02-09 22:41:21.933,0.049483608454465866,0,0.01260063765803352,0
2026-02-09 22:41:22.040,0.014578920789062977,0,0.015328636672347785,0
2026-02-09 22:41:22.146,0.006012388505041599,0,0.019349411549046635,0
2026-02-09 22:41:22.253,0.003067310433834791,0,0.031032171798869967,0
2026-02-09 22:41:22.360,0.01045928057283163,0,0.05922323795966804,0
2026-02-09 22:41:22.466,0.028442731127142906,0,0.09491230421699584,0
2026-02-09 22:41:22.573,0.043982408940792084,0,0.11262418390251697,0
2026-02-09 22:41:22.680,0.1268959939479828,0,0.15147164999507368,0
2026-02-09 22:41:22.786,0.2983340322971344,0,0.21555709694512187,0
2026-02-09 22:41:22.893,0.3678663671016693,0,0.2991226901300251,0
2026-02-09 22:41:23.000,0.22660240530967712,0,0.38304547797888516,0
2026-02-09 22:41:23.106,0.4030535817146301,0,0.4189708136022091,0
2026-02-09 22:41:23.213,0.6468668580055237,1,0.4802366256713867,0
2026-02-09 22:41:23.320,0.8387232422828674,1,0.5293590217828751,1
2026-02-09 22:41:23.426,0.8496871590614319,1,0.5865897059440612,1
2026-02-09 22:41:23.533,0.3876960873603821,0,0.6346038192510605,1
2026-02-09 22:41:23.640,0.6566405296325684,1,0.695181941986084,1
2026-02-09 22:41:23.746,0.6181199550628662,1,0.7508801579475403,1
2026-02-09 22:41:23.853,0.8706408739089966,1,0.7833464086055756,1
2026-02-09 22:41:23.960,0.8480075001716614,1,0.7981315672397613,1
2026-02-09 22:41:24.066,0.8323836326599121,1,0.8121360957622528,1
2026-02-09 22:41:24.173,0.9600357413291931,1,0.8725366652011871,1
2026-02-09 22:41:24.280,0.9715293645858765,1,0.9063040852546692,1
2026-02-09 22:41:24.386,0.9865748286247253,1,0.9437843799591065,1
2026-02-09 22:41:24.493,0.9897324442863464,1,0.9561318635940552,1
2026-02-09 22:41:24.600,0.9917017817497253,1,0.9704511880874633,1
2026-02-09 22:41:24.706,0.9943147301673889,1,0.9862207293510437,1
2026-02-09 22:41:24.813,0.9929229021072388,1,0.9886953175067902,1
2026-02-09 22:41:24.920,0.9941157102584839,1,0.989132696390152,1
2026-02-09 22:41:25.026,0.9912007451057434,1,0.9862633943557739,1
2026-02-09 22:41:25.133,0.9900790452957153,1,0.9643955051898956,1
2026-02-09 22:41:25.240,0.9847816228866577,1,0.9259114563465118,1
2026-02-09 22:41:25.346,0.9759031534194946,1,0.8853161633014679,1
2026-02-09 22:41:25.453,0.9578818082809448,1,0.8670746564865113,1
2026-02-09 22:41:25.560,0.7710535526275635,1,0.8411764144897461,1
2026-02-09 22:41:25.666,0.6068612933158875,1,0.81260547041893,1
2026-02-09 22:41:25.773,0.5883617997169495,1,0.7866544127464294,1
2026-02-09 22:41:25.880,0.8105078339576721,1,0.7519085228443145,1
2026-02-09 22:41:25.986,0.7351332902908325,1,0.7211542725563049,1
2026-02-09 22:41:26.093,0.705491304397583,1,0.7042391657829284,1
2026-02-09 22:41:26.200,0.7305684685707092,1,0.7166384637355805,1
2026-02-09 22:41:26.306,0.637322723865509,1,0.7535272121429444,1
2026-02-09 22:41:26.413,0.6683606505393982,1,0.7908059358596802,1
2026-02-09 22:41:26.520,0.7887307405471802,1,0.8035421788692474,1
2026-02-09 22:41:26.626,0.8950465321540833,1,0.8125576257705689,1
2026-02-09 22:41:26.733,0.9757487773895264,1,0.7967532575130463,1
2026-02-09 22:41:26.840,0.9611490368843079,1,0.7493139356374741,1
2026-02-09 22:41:26.946,0.9378702640533447,1,0.6915247466415166,1
2026-02-09 22:41:27.053,0.8252877593040466,1,0.6274068761616945,1
2026-02-09 22:41:27.160,0.5474476218223572,1,0.5497965943068266,1
2026-02-09 22:41:27.266,0.2561752498149872,0,0.46249048337340354,0
2026-02-09 22:41:27.373,0.05943083390593529,0,0.365682892780751,0
2026-02-09 22:41:27.480,0.027181945741176605,0,0.2718705949373543,0
2026-02-09 22:41:27.586,0.012627921998500824,0,0.19761107387021185,0
2026-02-09 22:41:27.693,0.02198542281985283,0,0.14003143580630423,0
2026-02-09 22:41:27.800,0.007672871463000774,0,0.13262562723830343,0
2026-02-09 22:41:27.906,0.023026058450341225,0,0.19442826183512807,0
2026-02-09 22:41:28.013,0.19527505338191986,0,0.26070356080308554,0
2026-02-09 22:41:28.120,0.2494913786649704,0,0.30704812789335845,0
2026-02-09 22:41:28.226,0.47338953614234924,0,0.34753621378913524,0
2026-02-09 22:41:28.333,0.8742015957832336,1,0.36124686943367124,0
2026-02-09 22:41:28.440,0.7221838235855103,1,0.364121456630528,0
2026-02-09 22:41:28.546,0.49062761664390564,0,0.3640777364373207,0
2026-02-09 22:41:28.653,0.4175087809562683,0,0.3463847231119871,0
2026-02-09 22:41:28.760,0.159091979265213,0,0.32363087851554156,0
2026-02-09 22:41:28.866,0.036418743431568146,0,0.279095508903265,0
2026-02-09 22:41:28.973,0.022588856518268585,0,0.19558222442865372,0
2026-02-09 22:41:29.080,0.018344920128583908,0,0.12728357277810573,0
2026-02-09 22:41:29.186,0.021952932700514793,0,0.0946255337446928,0
2026-02-09 22:41:29.293,0.028035840019583702,0,0.08787588588893414,0
2026-02-09 22:41:29.400,0.03906875103712082,0,0.09625191502273082,0
2026-02-09 22:41:29.506,0.03919730708003044,0,0.09972830228507519,0
2026-02-09 22:41:29.613,0.1640472263097763,0,0.1022996712476015,0
2026-02-09 22:41:29.720,0.35001230239868164,0,0.1082569681107998,0
2026-02-09 22:41:29.826,0.24285227060317993,0,0.11063958946615457,0
2026-02-09 22:41:29.933,0.07118261605501175,0,0.11108769774436951,0
2026-02-09 22:41:30.040,0.0483025461435318,0,0.11457258015871048,0
2026-02-09 22:41:30.146,0.07791788876056671,0,0.11806730441749096,0
2026-02-09 22:41:30.253,0.04577914625406265,0,0.10627809055149555,0
2026-02-09 22:41:30.360,0.03251692280173302,0,0.07322527430951595,0
2026-02-09 22:41:30.466,0.07391757518053055,0,0.05605555362999439,0
2026-02-09 22:41:30.573,0.07414454966783524,0,0.054427942261099815,0
2026-02-09 22:41:30.680,0.046155087649822235,0,0.055432983115315436,0
2026-02-09 22:41:30.786,0.01948413997888565,0,0.06132795847952366,0
2026-02-09 22:41:30.893,0.07115506380796432,0,0.08050074838101864,0
2026-02-09 22:41:31.000,0.05490650236606598,0,0.1168777197599411,0
2026-02-09 22:41:31.106,0.05835295468568802,0,0.13915990814566612,0
2026-02-09 22:41:31.213,0.13686764240264893,0,0.1537206918001175,0
2026-02-09 22:41:31.320,0.23750704526901245,0,0.1874835528433323,0
2026-02-09 22:41:31.426,0.39628663659095764,0,0.2146705448627472,0
2026-02-09 22:41:31.533,0.29673945903778076,0,0.24099766090512276,0
2026-02-09 22:41:31.640,0.21975238621234894,0,0.2713424228131771,0
2026-02-09 22:41:31.746,0.3837836980819702,0,0.32177299410104754,0
2026-02-09 22:41:31.853,0.29135406017303467,0,0.3744215086102486,0
2026-02-09 22:41:31.960,0.33442622423171997,0,0.4181085005402565,0
2026-02-09 22:41:32.066,0.3583541214466095,0,0.4275960072875023,0
2026-02-09 22:41:32.173,0.5626586675643921,1,0.4474272295832634,0
2026-02-09 22:41:32.280,0.6633527874946594,1,0.49309785664081573,0
2026-02-09 22:41:32.386,0.6743769645690918,1,0.5189219266176224,1
2026-02-09 22:41:32.493,0.4911617040634155,0,0.5451988607645035,1
2026-02-09 22:41:32.600,0.49505168199539185,0,0.5862296372652054,1
2026-02-09 22:41:32.706,0.6764586567878723,1,0.6094677865505218,1
2026-02-09 22:41:32.813,0.6420243978500366,1,0.6109485268592835,1
2026-02-09 22:41:32.920,0.5541234016418457,1,0.5912718266248703,1
2026-02-09 22:41:33.026,0.744733989238739,1,0.5533804655075073,1
2026-02-09 22:41:33.133,0.5907356142997742,1,0.5087041426450014,1
2026-02-09 22:41:33.240,0.5774660706520081,1,0.4632274717092514,0
2026-02-09 22:41:33.346,0.46658578515052795,0,0.4014079514890909,0
2026-02-09 22:41:33.453,0.29546335339546204,0,0.35029581673443316,0
2026-02-09 22:41:33.560,0.0443984754383564,0,0.3093484524637461,0
2026-02-09 22:41:33.666,0.04028497263789177,0,0.2506648276001215,0
2026-02-09 22:41:33.773,0.05826345458626747,0,0.20936044938862325,0
2026-02-09 22:41:33.880,0.13090305030345917,0,0.18079675920307636,0
2026-02-09 22:41:33.986,0.14464975893497467,0,0.17243690975010395,0
2026-02-09 22:41:34.093,0.1578977406024933,0,0.2036606151610613,0
2026-02-09 22:41:34.200,0.17769183218479156,0,0.2841058760881424,0
2026-02-09 22:41:34.306,0.2918291687965393,0,0.36082587726414206,0
2026-02-09 22:41:34.413,0.38298729062080383,0,0.425594736635685,0
2026-02-09 22:41:34.520,0.6077004075050354,1,0.4779889315366745,0
2026-02-09 22:41:34.626,0.8488510847091675,1,0.5068031206727028,1
2026-02-09 22:41:34.733,0.8074849843978882,1,0.530638937652111,1
2026-02-09 22:41:34.840,0.7059520483016968,1,0.5714783221483231,1
2026-02-09 22:41:34.946,0.6548449993133545,1,0.5902491003274918,1
2026-02-09 22:41:35.053,0.43279165029525757,0,0.610180675983429,1
2026-02-09 22:41:35.160,0.3962559103965759,0,0.6068734765052796,1
2026-02-09 22:41:35.266,0.5860856771469116,1,0.6177547991275787,1
2026-02-09 22:41:35.373,0.4795369505882263,0,0.635801762342453,1
2026-02-09 22:41:35.480,0.5823030471801758,1,0.6644648134708404,1
2026-02-09 22:41:35.586,0.5746284127235413,1,0.6983836412429809,1
2026-02-09 22:41:35.693,0.9576643109321594,1,0.7545061647891999,1
2026-02-09 22:41:35.800,0.9879546165466309,1,0.8147194027900696,1
2026-02-09 22:41:35.906,0.9925825595855713,1,0.8551759362220764,1
2026-02-09 22:41:36.013,0.9940332770347595,1,0.9060523211956024,1
2026-02-09 22:41:36.120,0.9940168857574463,1,0.9460197567939759,1
2026-02-09 22:41:36.226,0.9983882904052734,1,0.9830824196338653,1
2026-02-09 22:41:36.333,0.99065101146698,1,0.9761269092559814,1
2026-02-09 22:41:36.440,0.9883008003234863,1,0.9529067814350128,1
2026-02-09 22:41:36.546,0.9819774031639099,1,0.8760651648044586,1
2026-02-09 22:41:36.653,0.9452550411224365,1,0.7809027835726738,1
2026-02-09 22:41:36.760,0.8881092071533203,1,0.6840739073231816,1
2026-02-09 22:41:36.866,0.7557533383369446,1,0.5873937280848622,1
2026-02-09 22:41:36.973,0.2241663932800293,0,0.4899017300456762,0
2026-02-09 22:41:37.080,0.042409464716911316,0,0.3927096415311098,0
2026-02-09 22:41:37.186,0.025728123262524605,0,0.2954938949085772,0
2026-02-09 22:41:37.293,0.03158649802207947,0,0.201843008864671,0
2026-02-09 22:41:37.400,0.015731031075119972,0,0.11678795898333191,0
2026-02-09 22:41:37.506,0.016379915177822113,0,0.04412987800315023,0
2026-02-09 22:41:37.613,0.00981993693858385,0,0.023135714698582888,0
2026-02-09 22:41:37.720,0.008746180683374405,0,0.019732819870114326,0
2026-02-09 22:41:37.826,0.03755870833992958,0,0.018277942016720772,0
2026-02-09 22:41:37.933,0.02917252853512764,0,0.015831867745146156,0
2026-02-09 22:41:38.040,0.014224760234355927,0,0.014836928527802228,0
2026-02-09 22:41:38.146,0.008380516432225704,0,0.014099666755646468,0
2026-02-09 22:41:38.253,0.011179344728589058,0,0.014333910122513772,0
2026-02-09 22:41:38.360,0.0071257553063333035,0,0.014809412602335214,0
2026-02-09 22:41:38.466,0.005781638901680708,0,0.011711477767676115,0
2026-02-09 22:41:38.573,0.009007297456264496,0,0.009974616672843694,0
2026-02-09 22:41:38.680,0.01216237060725689,0,0.012099350895732641,0
2026-02-09 22:41:38.786,0.01350120548158884,0,0.025626012682914735,0
2026-02-09 22:41:38.893,0.006579359993338585,0,0.040466795675456524,0
2026-02-09 22:41:39.000,0.011803917586803436,0,0.056562454300001265,0
2026-02-09 22:41:39.106,0.03547210246324539,0,0.06321225361898541,0
2026-02-09 22:41:39.213,0.14364713430404663,0,0.06907637612894177,0
2026-02-09 22:41:39.320,0.15958717465400696,0,0.08185746734961867,0
2026-02-09 22:41:39.426,0.1680823415517807,0,0.089113431237638,0
2026-02-09 22:41:39.533,0.07227963209152222,0,0.09195013120770454,0
2026-02-09 22:41:39.640,0.0676485225558281,0,0.09414812624454498,0
2026-02-09 22:41:39.746,0.13997328281402588,0,0.09368223324418068,0
2026-02-09 22:41:39.853,0.08606084436178207,0,0.08206584490835667,0
2026-02-09 22:41:39.960,0.03494635969400406,0,0.06824926473200321,0
2026-02-09 22:41:40.066,0.033783867955207825,0,0.054316974431276324,0
2026-02-09 22:41:40.173,0.030813172459602356,0,0.04894800577312708,0
2026-02-09 22:41:40.280,0.027483250945806503,0,0.04257474597543478,0
2026-02-09 22:41:40.386,0.021421372890472412,0,0.02905187467113137,0
2026-02-09 22:41:40.493,0.028759438544511795,0,0.021504510100930928,0
2026-02-09 22:41:40.600,0.018589945510029793,0,0.019112866930663587,0
2026-02-09 22:41:40.706,0.003915924578905106,0,0.016832692082971334,0
2026-02-09 22:41:40.813,0.004744569770991802,0,0.015185979846864938,0
2026-02-09 22:41:40.920,0.010587198659777641,0,0.01410441668704152,0
2026-02-09 22:41:41.026,0.011029927991330624,0,0.014555915910750627,0
2026-02-09 22:41:41.133,0.010982119478285313,0,0.012797744665294885,0
2026-02-09 22:41:41.240,0.014346050098538399,0,0.012048669904470444,0
2026-02-09 22:41:41.346,0.016667619347572327,0,0.012284071277827024,0
2026-02-09 22:41:41.453,0.025936365127563477,0,0.012381518306210638,0
2026-02-09 22:41:41.560,0.011177726089954376,0,0.011849520867690444,0
2026-02-09 22:41:41.666,0.011099197901785374,0,0.011229372350499034,0
2026-02-09 22:41:41.773,0.006269938312470913,0,0.01096250549890101,0
2026-02-09 22:41:41.880,0.0057190400548279285,0,0.011921282904222608,0
2026-02-09 22:41:41.986,0.00526722427457571,0,0.012332517141476273,0
2026-02-09 22:41:42.093,0.004828442819416523,0,0.014132460067048668,0
2026-02-09 22:41:42.200,0.008313450962305069,0,0.02013330296613276,0
2026-02-09 22:41:42.306,0.02393382415175438,0,0.02765468559227884,0
2026-02-09 22:41:42.413,0.020779961720108986,0,0.030603126669302583,0
2026-02-09 22:41:42.520,0.04393579438328743,0,0.032864284701645374,0
2026-02-09 22:41:42.626,0.07118615508079529,0,0.03290581582114101,0
2026-02-09 22:41:42.733,0.08631302416324615,0,0.03293691319413483,0
2026-02-09 22:41:42.840,0.03575434908270836,0,0.0328880553599447,0
2026-02-09 22:41:42.946,0.028330620378255844,0,0.031058546621352434,0
2026-02-09 22:41:43.053,0.005682535469532013,0,0.0291777771897614,0
2026-02-09 22:41:43.160,0.005139416549354792,0,0.024872739508282393,0
2026-02-09 22:41:43.266,0.007824872620403767,0,0.01782376993796788,0
2026-02-09 22:41:43.373,0.005638736765831709,0,0.009272781078470871,0
2026-02-09 22:41:43.480,0.0019722674041986465,0,0.005828536191256717,0
2026-02-09 22:41:43.586,0.0008854175684973598,0,0.00316972840228118,0
2026-02-09 22:41:43.693,0.0006964593776501715,0,0.0028366280545014887,0
2026-02-09 22:41:43.800,0.0008031355682760477,0,0.002412321890005842,0
2026-02-09 22:41:43.906,0.0013119002105668187,0,0.0017205156094860286,0
2026-02-09 22:41:44.013,0.0017425424885004759,0,0.0012215508613735437,0
2026-02-09 22:41:44.120,0.0023515319917351007,0,0.0010498193907551468,0
2026-02-09 22:41:44.226,0.0008963549043983221,0,0.0009785792077309451,0
2026-02-09 22:41:44.333,0.0009068098152056336,0,0.0009394397333380766,0
2026-02-09 22:41:44.440,0.0006490892847068608,0,0.0008956820369348861,0
2026-02-09 22:41:44.546,0.00025495269801467657,0,0.0008036609287955798,0
2026-02-09 22:41:44.653,0.00017301573825534433,0,0.000667827700090129,0
2026-02-09 22:41:44.760,0.00030506463372148573,0,0.0004440071519638877,0
2026-02-09 22:41:44.866,0.00036555860424414277,0,0.0003619399707531556,0
2026-02-09 22:41:44.973,0.00039168912917375565,0,0.00027758158394135534,0
2026-02-09 22:41:45.080,0.00038421020144596696,0,0.00021752433603978717,0
2026-02-09 22:41:45.186,0.00011332651047268882,0,0.0001951585873030126,0
2026-02-09 22:41:45.293,7.568309229100123e-05,0,0.0001875294248748105,0
2026-02-09 22:41:45.400,6.322594708763063e-05,0,0.00017242618851014412,0
2026-02-09 22:41:45.506,4.851680569117889e-05,0,0.00015988288432708942,0
2026-02-09 22:41:45.613,3.129521064693108e-05,0,0.00013466190357576125,0
2026-02-09 22:41:45.720,9.672411397332326e-05,0,0.00010891902275034226,0
2026-02-09 22:41:45.826,0.000154032270074822,0,0.00011471735488157719,0
2026-02-09 22:41:45.933,0.00024012556241359562,0,0.00016649852550472134,0
2026-02-09 22:41:46.040,0.00013947932166047394,0,0.00026234397300868296,0
2026-02-09 22:41:46.146,0.00012678139319177717,0,0.0006016514904331416,0
2026-02-09 22:41:46.253,0.00017130983178503811,0,0.0017148981532955077,0
2026-02-09 22:41:46.360,0.0005934947985224426,0,0.004329890756343957,0
2026-02-09 22:41:46.466,0.0010216804221272469,0,0.005651203086017631,0
2026-02-09 22:41:46.573,0.0034415919799357653,0,0.00808733778394526,0
2026-02-09 22:41:46.680,0.011163761839270592,0,0.011763869547576179,0
2026-02-09 22:41:46.786,0.026246650144457817,0,0.018622914046864024,0
2026-02-09 22:41:46.893,0.013367155566811562,0,0.028973101306473837,0
2026-02-09 22:41:47.000,0.024601472541689873,0,0.03255657239351421,0
2026-02-09 22:41:47.106,0.036904796957969666,0,0.03411038045305759,0
2026-02-09 22:41:47.213,0.06871722638607025,0,0.03447956340387463,0
2026-02-09 22:41:47.320,0.10367318242788315,0,0.03455712720751762,0
2026-02-09 22:41:47.426,0.03642820566892624,0,0.03287471672520041,0
2026-02-09 22:41:47.533,0.01655976101756096,0,0.0323960498906672,0
2026-02-09 22:41:47.640,0.007133421488106251,0,0.030853688810020687,0
2026-02-09 22:41:47.746,0.011939399875700474,0,0.029269644152373077,0
2026-02-09 22:41:47.853,0.009422545321285725,0,0.02461936613544822,0
2026-02-09 22:41:47.960,0.008580487221479416,0,0.019827554281800986,0
2026-02-09 22:41:48.066,0.009177861735224724,0,0.036111950781196354,0
2026-02-09 22:41:48.173,0.02106435038149357,0,0.05590117601677776,0
2026-02-09 22:41:48.280,0.02221444621682167,0,0.08522661682218313,0
2026-02-09 22:41:48.386,0.05575506389141083,0,0.11510551692917943,0
2026-02-09 22:41:48.493,0.19927217066287994,0,0.14147202745079995,0
2026-02-09 22:41:48.600,0.21445201337337494,0,0.14915110357105732,0
2026-02-09 22:41:48.706,0.30038782954216003,0,0.15903590451925992,0
2026-02-09 22:41:48.813,0.31072840094566345,0,0.16660377867519854,0
2026-02-09 22:41:48.920,0.27308765053749084,0,0.1715802989900112,0
2026-02-09 22:41:49.026,0.08537124842405319,0,0.17434624060988427,0
2026-02-09 22:41:49.133,0.10802587121725082,0,0.18498582318425177,0
2026-02-09 22:41:49.240,0.09674309194087982,0,0.21205126568675042,0
2026-02-09 22:41:49.346,0.07197964936494827,0,0.2579194031655788,0
2026-02-09 22:41:49.453,0.0834144800901413,0,0.2840131990611553,0
2026-02-09 22:41:49.560,0.3056679964065552,0,0.3163188360631466,0
2026-02-09 22:41:49.666,0.4851064383983612,0,0.35196408033370974,0
2026-02-09 22:41:49.773,0.7590692043304443,1,0.3696653671562672,0
2026-02-09 22:41:49.880,0.5716663599014282,1,0.3835502348840237,0
2026-02-09 22:41:49.986,0.5961440205574036,1,0.3928825482726097,0
2026-02-09 22:41:50.093,0.44182369112968445,0,0.41316898465156554,0
2026-02-09 22:41:50.200,0.2850387394428253,0,0.3933561161160469,0
2026-02-09 22:41:50.306,0.23559176921844482,0,0.3550086483359337,0
2026-02-09 22:41:50.413,0.16530278325080872,0,0.2959743469953537,0
2026-02-09 22:41:50.520,0.2862788438796997,0,0.2479941390454769,0
2026-02-09 22:41:50.626,0.10753931105136871,0,0.21775077506899834,0
2026-02-09 22:41:50.733,0.101631760597229,0,0.2041473738849163,0
2026-02-09 22:41:50.840,0.16872619092464447,0,0.203067397326231,0
2026-02-09 22:41:50.946,0.09186428040266037,0,0.2250236116349697,0
2026-02-09 22:41:51.053,0.2937103807926178,0,0.2555730752646923,0
2026-02-09 22:41:51.160,0.30578967928886414,0,0.26787724420428277,0
2026-02-09 22:41:51.266,0.2742389738559723,0,0.2719375483691692,0
2026-02-09 22:41:51.373,0.4551539123058319,0,0.28453987166285516,0
2026-02-09 22:41:51.480,0.47079741954803467,0,0.2816991724073887,0
2026-02-09 22:41:51.586,0.40932053327560425,0,0.28265404850244524,0
2026-02-09 22:41:51.693,0.14814235270023346,0,0.2987943008542061,0
2026-02-09 22:41:51.800,0.22765499353408813,0,0.28825312703847883,0
2026-02-09 22:41:51.906,0.14031919836997986,0,0.298146690428257,0
2026-02-09 22:41:52.013,0.10141304135322571,0,0.2907951071858406,0
2026-02-09 22:41:52.120,0.45511290431022644,0,0.27470659762620925,0
2026-02-09 22:41:52.226,0.2003779411315918,0,0.28305042535066605,0
2026-02-09 22:41:52.333,0.37317460775375366,0,0.3373109698295593,0
2026-02-09 22:41:52.440,0.3816380798816681,0,0.40166521072387695,0
2026-02-09 22:41:52.546,0.3099123239517212,0,0.4804806739091873,0
2026-02-09 22:41:52.653,0.4927588105201721,0,0.5618984878063202,1
2026-02-09 22:41:52.760,0.6907477974891663,1,0.6091813176870347,1
2026-02-09 22:41:52.866,0.8711974024772644,1,0.6766794472932816,1
2026-02-09 22:41:52.973,0.9284738302230835,1,0.733115616440773,1
2026-02-09 22:41:53.080,0.9155911803245544,1,0.7908164203166962,1
2026-02-09 22:41:53.186,0.9279412031173706,1,0.85663942694664,1
2026-02-09 22:41:53.293,0.8753592371940613,1,0.9064024031162262,1
2026-02-09 22:41:53.400,0.9375362992286682,1,0.9368905782699585,1
2026-02-09 22:41:53.506,0.9586461186408997,1,0.9492416322231293,1
2026-02-09 22:41:53.613,0.9681423902511597,1,0.9558381497859955,1
2026-02-09 22:41:53.720,0.9903885722160339,1,0.9636011242866516,1
2026-02-09 22:41:53.826,0.9956295490264893,1,0.9697889864444733,1
2026-02-09 22:41:53.933,0.9947079420089722,1,0.9813950061798096,1
2026-02-09 22:41:54.040,0.9944390058517456,1,0.9866101980209351,1
2026-02-09 22:41:54.146,0.9932209253311157,1,0.9900054514408112,1
2026-02-09 22:41:54.253,0.9898198246955872,1,0.9927352488040924,1
2026-02-09 22:41:54.360,0.9914194345474243,1,0.9931588709354401,1
2026-02-09 22:41:54.466,0.9896882176399231,1,0.9929531037807464,1
2026-02-09 22:41:54.573,0.9925986528396606,1,0.9931110799312591,1
2026-02-09 22:41:54.680,0.9954403638839722,1,0.9933736324310303,1
2026-02-09 22:41:54.786,0.9946247935295105,1,0.9937913537025451,1
2026-02-09 22:41:54.893,0.9935718774795532,1,0.9936143398284912,1
2026-02-09 22:41:55.000,0.9962877035140991,1,0.989799565076828,1
2026-02-09 22:41:55.106,0.9970645308494568,1,0.98316290974617,1
2026-02-09 22:41:55.213,0.9973981380462646,1,0.9569909274578094,1
2026-02-09 22:41:55.320,0.9880496859550476,1,0.9025470525026321,1
2026-02-09 22:41:55.426,0.9532716870307922,1,0.8547965496778488,1
2026-02-09 22:41:55.533,0.9233216643333435,1,0.7727049216628075,1
2026-02-09 22:41:55.640,0.7308788299560547,1,0.6748938843607902,1
2026-02-09 22:41:55.746,0.4510016143321991,0,0.5758426527027041,1
2026-02-09 22:41:55.853,0.5171197652816772,1,0.47636318220756946,0
2026-02-09 22:41:55.960,0.1726555973291397,0,0.37772416858933866,0
2026-02-09 22:41:56.066,0.018177330493927002,0,0.2825438419240527,0
2026-02-09 22:41:56.173,0.00655221426859498,0,0.19036037637852132,0
2026-02-09 22:41:56.280,0.002603433094918728,0,0.11739657439757138,0
2026-02-09 22:41:56.386,0.0016595497727394104,0,0.07235393528826535,0
2026-02-09 22:41:56.493,0.001468420377932489,0,0.02065508761734236,0
2026-02-09 22:41:56.600,0.001487008878029883,0,0.0033945265495276544,0
2026-02-09 22:41:56.706,0.0012408101465553045,0,0.0015839543666515965,0
2026-02-09 22:41:56.813,0.0005752232391387224,0,0.0009341453500383068,0
2026-02-09 22:41:56.920,0.00013128857244737446,0,0.0006940527753613423,0
2026-02-09 22:41:57.026,4.998665099265054e-05,0,0.000577591859473614,0
2026-02-09 22:41:57.133,7.160866516642272e-05,0,0.0004625096007657703,0
2026-02-09 22:41:57.240,5.41241024620831e-05,0,0.00033207469459739514,0
2026-02-09 22:41:57.346,0.00020250734814908355,0,0.000225311941903783,0
2026-02-09 22:41:57.453,0.0004949406138621271,0,0.0001995803577301558,0
2026-02-09 22:41:57.560,0.0003175977908540517,0,0.00019413973932387308,0
2026-02-09 22:41:57.666,0.00018265981634613127,0,0.00019872156917699613,0
2026-02-09 22:41:57.773,0.00017318261961918324,0,0.00020525160289253108,0
2026-02-09 22:41:57.880,0.00031790739740245044,0,0.0002463988486852031,0
2026-02-09 22:41:57.986,7.688238838454708e-05,0,0.00045990733269718476,0
2026-02-09 22:41:58.093,9.580494952388108e-05,0,0.0005134532293595839,0
2026-02-09 22:41:58.200,0.00013690900232177228,0,0.0008613463760411832,0
2026-02-09 22:41:58.306,0.0004655965603888035,0,0.0013537638173147571,0
2026-02-09 22:41:58.413,0.0023375921882689,0,0.0017962882651772817,0
2026-02-09 22:41:58.520,0.0010303995804861188,0,0.00263891442809836,0
2026-02-09 22:41:58.626,0.003796529257670045,0,0.0041797535566729495,0
2026-02-09 22:41:58.733,0.005106834229081869,0,0.0061514919900218954,0
2026-02-09 22:41:58.840,0.004598427098244429,0,0.011500118800904601,0
2026-02-09 22:41:58.946,0.008744169026613235,0,0.020344944938551636,0
2026-02-09 22:41:59.053,0.01548527367413044,0,0.04136410396313295,0
2026-02-09 22:41:59.160,0.019813189283013344,0,0.08586386342067272,0
2026-02-09 22:41:59.266,0.053623177111148834,0,0.12531786346808077,0
2026-02-09 22:41:59.373,0.08891385793685913,0,0.17781456816010177,0
2026-02-09 22:41:59.480,0.21252918243408203,0,0.25246144756674765,0
2026-02-09 22:41:59.586,0.4460279941558838,0,0.34926219917833806,0
2026-02-09 22:41:59.693,0.3983365297317505,0,0.4458942757919431,0
2026-02-09 22:41:59.800,0.530073881149292,1,0.5415003694593906,1
2026-02-09 22:41:59.906,0.7510672211647034,1,0.6331000626087189,1
2026-02-09 22:42:00.013,0.9767516851425171,1,0.7213485181331635,1
2026-02-09 22:42:00.120,0.9818060398101807,1,0.794079726934433,1
2026-02-09 22:42:00.226,0.975874125957489,1,0.8389043867588043,1
2026-02-09 22:42:00.333,0.9696201086044312,1,0.8866363167762756,1
2026-02-09 22:42:00.440,0.9713984131813049,1,0.9248996794223785,1
2026-02-09 22:42:00.546,0.9398412704467773,1,0.9421195030212403,1
2026-02-09 22:42:00.653,0.8942745923995972,1,0.935270881652832,1
2026-02-09 22:42:00.760,0.8756558299064636,1,0.9287492275238037,1
2026-02-09 22:42:00.866,0.912707507610321,1,0.9185185909271241,1
2026-02-09 22:42:00.973,0.9232654571533203,1,0.9135102748870849,1
2026-02-09 22:42:01.080,0.9082654714584351,1,0.9070408284664154,1
2026-02-09 22:42:01.186,0.9165894985198975,1,0.9074165105819703,1
2026-02-09 22:42:01.293,0.8735677599906921,1,0.9015703439712525,1
2026-02-09 22:42:01.400,0.9195369482040405,1,0.8860692203044891,1
2026-02-09 22:42:01.506,0.9067039489746094,1,0.8670170545578003,1
2026-02-09 22:42:01.613,0.9435980916023254,1,0.8275041580200195,1
2026-02-09 22:42:01.720,0.8358129262924194,1,0.8087127208709717,1
2026-02-09 22:42:01.826,0.7206445932388306,1,0.7980208277702332,1
2026-02-09 22:42:01.933,0.7221858501434326,1,0.7953684329986572,1
2026-02-09 22:42:02.040,0.5281364917755127,1,0.7901125311851501,1
2026-02-09 22:42:02.146,0.7203510999679565,1,0.789337420463562,1
2026-02-09 22:42:02.253,0.8096705675125122,1,0.7879309058189392,1
2026-02-09 22:42:02.360,0.8470438122749329,1,0.7958067715167999,1
2026-02-09 22:42:02.466,0.8669779300689697,1,0.8163372814655304,1
2026-02-09 22:42:02.573,0.898952841758728,1,0.8384107768535614,1
2026-02-09 22:42:02.680,0.9295329451560974,1,0.88021479845047,1
2026-02-09 22:42:02.786,0.9145715832710266,1,0.9033155977725983,1
2026-02-09 22:42:02.893,0.9259496927261353,1,0.8973291635513305,1
2026-02-09 22:42:03.000,0.9429208040237427,1,0.8935159564018249,1
2026-02-09 22:42:03.106,0.9461767077445984,1,0.8813307702541351,1
2026-02-09 22:42:03.213,0.9513590931892395,1,0.8564423203468323,1
2026-02-09 22:42:03.320,0.7498062252998352,1,0.8233511865139007,1
2026-02-09 22:42:03.426,0.8089117407798767,1,0.7994897127151489,1
2026-02-09 22:42:03.533,0.7451260685920715,1,0.7681081712245941,1
2026-02-09 22:42:03.640,0.6500683426856995,1,0.7309692859649658,1
2026-02-09 22:42:03.746,0.5986216068267822,1,0.6812678366899491,1
2026-02-09 22:42:03.853,0.6759568452835083,1,0.5897698432207108,1
2026-02-09 22:42:03.960,0.6121342778205872,1,0.5171545587480069,1
2026-02-09 22:42:04.066,0.5715319514274597,1,0.440478827431798,0
2026-02-09 22:42:04.173,0.44916221499443054,0,0.3700998220592737,0
2026-02-09 22:42:04.280,0.03637915849685669,0,0.30682895686477424,0
2026-02-09 22:42:04.386,0.023653380572795868,0,0.2509095912799239,0
2026-02-09 22:42:04.493,0.042154427617788315,0,0.1869442643597722,0
2026-02-09 22:42:04.600,0.04133601486682892,0,0.127890395373106,0
2026-02-09 22:42:04.706,0.017359690740704536,0,0.07228064918890595,0
2026-02-09 22:42:04.813,0.039427950978279114,0,0.028714999184012414,0
2026-02-09 22:42:04.920,0.036303576081991196,0,0.025730380322784185,0
2026-02-09 22:42:05.026,0.021595587953925133,0,0.024130858946591616,0
2026-02-09 22:42:05.133,0.015434489585459232,0,0.02046709544956684,0
2026-02-09 22:42:05.240,0.013505714945495129,0,0.017060314770787954,0
2026-02-09 22:42:05.346,0.006532969884574413,0,0.01611554706469178,0
2026-02-09 22:42:05.453,0.007658166810870171,0,0.013282636646181345,0
2026-02-09 22:42:05.560,0.005516792647540569,0,0.011757135856896639,0
2026-02-09 22:42:05.666,0.0072682080790400505,0,0.016277290787547825,0
2026-02-09 22:42:05.773,0.007912013679742813,0,0.03422930222004652,0
2026-02-09 22:42:05.880,0.011098846793174744,0,0.09141549868509173,0
2026-02-09 22:42:05.986,0.021048568189144135,0,0.17065033093094825,0
2026-02-09 22:42:06.093,0.06679713726043701,0,0.2510961348190904,0
2026-02-09 22:42:06.200,0.19495460391044617,0,0.3262676387093961,0
2026-02-09 22:42:06.306,0.5853676795959473,1,0.398702896758914,0
2026-02-09 22:42:06.413,0.7988812923431396,1,0.4525895155966282,0
2026-02-09 22:42:06.520,0.8121162056922913,1,0.49141508564352987,0
2026-02-09 22:42:06.626,0.7572318315505981,1,0.526058828830719,1
2026-02-09 22:42:06.733,0.7316207885742188,1,0.5226463612169028,1
2026-02-09 22:42:06.840,0.5467782020568848,1,0.5073781628161669,1
2026-02-09 22:42:06.946,0.3993545472621918,0,0.4579234842211008,0
2026-02-09 22:42:07.053,0.36748600006103516,0,0.3923525635153055,0
2026-02-09 22:42:07.160,0.0326724611222744,0,0.32318415232002734,0
2026-02-09 22:42:07.266,0.042272619903087616,0,0.25810491777956485,0
2026-02-09 22:42:07.373,0.09082089364528656,0,0.19472275041043757,0
2026-02-09 22:42:07.480,0.14317208528518677,0,0.15415789745748043,0
2026-02-09 22:42:07.586,0.12043209373950958,0,0.1354119699448347,0
2026-02-09 22:42:07.693,0.1064394861459732,0,0.1205703642219305,0
2026-02-09 22:42:07.800,0.09779911488294601,0,0.15087232291698455,0
2026-02-09 22:42:07.906,0.14112967252731323,0,0.17765021994709967,0
2026-02-09 22:42:08.013,0.21189527213573456,0,0.19224908128380774,0
2026-02-09 22:42:08.120,0.2190699428319931,0,0.19444328621029855,0
2026-02-09 22:42:08.226,0.33569204807281494,0,0.2192829005420208,0
2026-02-09 22:42:08.333,0.3100515902042389,0,0.2840276934206486,0
2026-02-09 22:42:08.440,0.23680950701236725,0,0.33883415907621384,0
2026-02-09 22:42:08.546,0.1651141345500946,0,0.3903673693537712,0
2026-02-09 22:42:08.653,0.3688282370567322,0,0.443701034784317,0
2026-02-09 22:42:08.760,0.753887414932251,1,0.5147760048508644,1
2026-02-09 22:42:08.866,0.6458637714385986,1,0.5759319677948952,1
2026-02-09 22:42:08.973,0.656461775302887,1,0.6397822245955467,1
2026-02-09 22:42:09.080,0.7452319264411926,1,0.7123314410448074,1
2026-02-09 22:42:09.186,0.929819643497467,1,0.7913424491882324,1
2026-02-09 22:42:09.293,0.9472516775131226,1,0.8495223104953766,1
2026-02-09 22:42:09.400,0.9485541582107544,1,0.8679710805416108,1
2026-02-09 22:42:09.506,0.9623016715049744,1,0.8974908530712128,1
2026-02-09 22:42:09.613,0.9552242159843445,1,0.9281452238559723,1
2026-02-09 22:42:09.720,0.9506268501281738,1,0.9500902473926545,1
2026-02-09 22:42:09.826,0.9383751153945923,1,0.9545870125293732,1
2026-02-09 22:42:09.933,0.9410614967346191,1,0.9585117399692535,1
2026-02-09 22:42:10.040,0.9630054831504822,1,0.9623707413673401,1
2026-02-09 22:42:10.146,0.9646821618080139,1,0.9654554605484009,1
2026-02-09 22:42:10.253,0.9747872948646545,1,0.9692242503166199,1
2026-02-09 22:42:10.360,0.9864989519119263,1,0.9738014698028564,1
2026-02-09 22:42:10.466,0.9871441721916199,1,0.9798601269721985,1
2026-02-09 22:42:10.573,0.9931488633155823,1,0.9856827557086945,1
2026-02-09 22:42:10.680,0.9929121136665344,1,0.9892981290817261,1
2026-02-09 22:42:10.786,0.9963990449905396,1,0.9927989184856415,1
2026-02-09 22:42:10.893,0.9989616870880127,1,0.9952782690525055,1
2026-02-09 22:42:11.000,0.9992877840995789,1,0.996569174528122,1
2026-02-09 22:42:11.106,0.9991592168807983,1,0.9977958559989929,1
2026-02-09 22:42:11.213,0.999690055847168,1,0.9984094142913819,1
2026-02-09 22:42:11.320,0.9995808005332947,1,0.9990065574645997,1
2026-02-09 22:42:11.426,0.9994080066680908,1,0.9992737770080566,1
2026-02-09 22:42:11.533,0.9994109869003296,1,0.9992701947689057,1
2026-02-09 22:42:11.640,0.9992844462394714,1,0.9991618037223816,1
2026-02-09 22:42:11.746,0.9988835453987122,1,0.9990407645702362,1
2026-02-09 22:42:11.853,0.9990712404251099,1,0.9988001883029938,1
2026-02-09 22:42:11.960,0.9989258646965027,1,0.99845752120018,1
2026-02-09 22:42:12.066,0.9982038736343384,1,0.9982353448867798,1
2026-02-09 22:42:12.173,0.9979488253593445,1,0.998024183511734,1
2026-02-09 22:42:12.280,0.9972842931747437,1,0.996264374256134,1
2026-02-09 22:42:12.386,0.9961541295051575,1,0.9862783849239349,1
2026-02-09 22:42:12.493,0.9971862435340881,1,0.961243849992752,1
2026-02-09 22:42:12.600,0.9972993731498718,1,0.9430235922336578,1
2026-02-09 22:42:12.706,0.9816863536834717,1,0.9139268636703491,1
2026-02-09 22:42:12.813,0.8990236520767212,1,0.8723195433616638,1
2026-02-09 22:42:12.920,0.7487258911132812,1,0.8393850862979889,1
2026-02-09 22:42:13.026,0.8167232871055603,1,0.8149127244949341,1
2026-02-09 22:42:13.133,0.7072365880012512,1,0.7870500922203064,1
2026-02-09 22:42:13.240,0.5818756222724915,1,0.7504524230957031,1
2026-02-09 22:42:13.346,0.6679397225379944,1,0.6867711782455445,1
2026-02-09 22:42:13.453,0.7514305114746094,1,0.6327696204185486,1
2026-02-09 22:42:13.560,0.7185599207878113,1,0.6077425569295883,1
2026-02-09 22:42:13.666,0.6313226819038391,1,0.5919233292341233,1
2026-02-09 22:42:13.773,0.34487390518188477,0,0.5862656205892562,1
2026-02-09 22:42:13.880,0.3590080738067627,0,0.610438945889473,1
2026-02-09 22:42:13.986,0.4984552562236786,0,0.6147754281759262,1
2026-02-09 22:42:14.093,0.6585310101509094,1,0.6196525782346726,1
2026-02-09 22:42:14.200,0.6506595015525818,1,0.6169608920812607,1
2026-02-09 22:42:14.306,0.8236088752746582,1,0.6037419676780701,1
2026-02-09 22:42:14.413,0.7113045454025269,1,0.6149103581905365,1
2026-02-09 22:42:14.520,0.8002020120620728,1,0.6419090569019318,1
2026-02-09 22:42:14.626,0.6916430592536926,1,0.6841905087232589,1
2026-02-09 22:42:14.733,0.499133437871933,0,0.7135318428277969,1
2026-02-09 22:42:14.840,0.4565578103065491,0,0.74401196539402,1
2026-02-09 22:42:14.946,0.6289950609207153,1,0.7523448199033738,1
2026-02-09 22:42:15.053,0.9212697744369507,1,0.7716513365507126,1
2026-02-09 22:42:15.160,0.9519443511962891,1,0.7861082404851913,1
2026-02-09 22:42:15.266,0.9554607272148132,1,0.8124121814966202,1
2026-02-09 22:42:15.373,0.9069374203681946,1,0.8575038492679596,1
2026-02-09 22:42:15.480,0.9043697118759155,1,0.9100739598274231,1
2026-02-09 22:42:15.586,0.9447710514068604,1,0.9450889945030212,1
2026-02-09 22:42:15.693,0.954682469367981,1,0.9508955538272857,1
2026-02-09 22:42:15.800,0.9500501155853271,1,0.95016028881073,1
2026-02-09 22:42:15.906,0.9822589159011841,1,0.9237113296985626,1
2026-02-09 22:42:16.013,0.9791454076766968,1,0.878354063630104,1
2026-02-09 22:42:16.120,0.979335367679596,1,0.7951196454465389,1
2026-02-09 22:42:16.226,0.9445917010307312,1,0.7150796450674534,1
2026-02-09 22:42:16.333,0.6909711360931396,1,0.6380964569747448,1
2026-02-09 22:42:16.440,0.453364759683609,0,0.5622638188302517,1
2026-02-09 22:42:16.546,0.07202553004026413,0,0.46985226944088937,0
2026-02-09 22:42:16.653,0.14437104761600494,0,0.374898324534297,0
2026-02-09 22:42:16.760,0.18485058844089508,0,0.27959347628057,0
2026-02-09 22:42:16.866,0.19172373414039612,0,0.18751977737993003,0
2026-02-09 22:42:16.973,0.05814342200756073,0,0.12113928459584714,0
2026-02-09 22:42:17.080,0.029605958610773087,0,0.07963650859892368,0
2026-02-09 22:42:17.186,0.026286885142326355,0,0.07591764852404595,0
2026-02-09 22:42:17.293,0.023854712024331093,0,0.06302700135856867,0
2026-02-09 22:42:17.400,0.027166208252310753,0,0.04574910877272487,0
2026-02-09 22:42:17.506,0.03833699971437454,0,0.027631992381066083,0
2026-02-09 22:42:17.613,0.03483692929148674,0,0.022747033927589654,0
2026-02-09 22:42:17.720,0.015464575961232185,0,0.021126107405871154,0
2026-02-09 22:42:17.826,0.012071662582457066,0,0.02068133382126689,0
2026-02-09 22:42:17.933,0.010552570223808289,0,0.028926580492407084,0
2026-02-09 22:42:18.040,0.00929383747279644,0,0.032507126312702896,0
2026-02-09 22:42:18.146,0.013396693393588066,0,0.04638096494600177,0
2026-02-09 22:42:18.253,0.021839149296283722,0,0.0662434889934957,0
2026-02-09 22:42:18.360,0.10630717873573303,0,0.08330894084647297,0
2026-02-09 22:42:18.466,0.06297166645526886,0,0.11123808659613132,0
2026-02-09 22:42:18.573,0.17707538604736328,0,0.14253764934837818,0
2026-02-09 22:42:18.680,0.2334621697664261,0,0.18192583974450827,0
2026-02-09 22:42:18.786,0.18611909449100494,0,0.20308813378214835,0
2026-02-09 22:42:18.893,0.2913631200790405,0,0.22113122045993805,0
2026-02-09 22:42:19.000,0.32354819774627686,0,0.22276517301797866,0
2026-02-09 22:42:19.106,0.4031757414340973,0,0.21953236684203148,0
2026-02-09 22:42:19.213,0.225019633769989,0,0.20314899384975432,0
2026-02-09 22:42:19.320,0.2022700160741806,0,0.18149086125195027,0
2026-02-09 22:42:19.426,0.12264670431613922,0,0.16475850399583578,0
2026-02-09 22:42:19.533,0.030643604695796967,0,0.13632350666448473,0
2026-02-09 22:42:19.640,0.013241656124591827,0,0.10433542937971652,0
2026-02-09 22:42:19.746,0.01688084378838539,0,0.06437839758582413,0
2026-02-09 22:42:19.853,0.018795521929860115,0,0.042340173525735735,0
2026-02-09 22:42:19.960,0.007013146765530109,0,0.022680947696790098,0
2026-02-09 22:42:20.066,0.003667424898594618,0,0.011316530359908938,0
2026-02-09 22:42:20.173,0.0036054234951734543,0,0.009812698932364583,0
2026-02-09 22:42:20.280,0.004637393169105053,0,0.00899691847153008,0
2026-02-09 22:42:20.386,0.0056777577847242355,0,0.007480714295525104,0
2026-02-09 22:42:20.493,0.009002530947327614,0,0.005819334869738668,0
2026-02-09 22:42:20.600,0.015605290420353413,0,0.005318841093685478,0
2026-02-09 22:42:20.706,0.005083851516246796,0,0.0054101915913634,0
2026-02-09 22:42:20.813,0.001718802028335631,0,0.0053498994908295575,0
2026-02-09 22:42:20.920,0.002181727671995759,0,0.004930180960218422,0
2026-02-09 22:42:21.026,0.002008209004998207,0,0.004389946875744499,0
2026-02-09 22:42:21.133,0.00458092987537384,0,0.003539170775911771,0
2026-02-09 22:42:21.240,0.003002502489835024,0,0.0020368969679111617,0
2026-02-09 22:42:21.346,0.0004402078629937023,0,0.0016627014643745496,0
2026-02-09 22:42:21.453,0.00027541693998500705,0,0.0025729039130965247,0
2026-02-09 22:42:21.560,0.0004947699490003288,0,0.0031471109163248912,0
2026-02-09 22:42:21.666,0.0005825523403473198,0,0.0035076411586487666,0
2026-02-09 22:42:21.773,0.0013418964808806777,0,0.004893475412973203,0
2026-02-09 22:42:21.880,0.010820826515555382,0,0.005561366645270027,0
2026-02-09 22:42:21.986,0.007923797704279423,0,0.007547601877013222,0
2026-02-09 22:42:22.093,0.005613511428236961,0,0.010376923845615237,0
2026-02-09 22:42:22.200,0.018439272418618202,0,0.012570021505234763,0
2026-02-09 22:42:22.306,0.009681414812803268,0,0.015057163254823536,0
2026-02-09 22:42:22.413,0.020302560180425644,0,0.020442866254597902,0
2026-02-09 22:42:22.520,0.028568636626005173,0,0.02903963839635253,0
2026-02-09 22:42:22.626,0.02242574654519558,0,0.035972212068736555,0
2026-02-09 22:42:22.733,0.025453969836235046,0,0.04864732101559639,0
2026-02-09 22:42:22.840,0.055198926478624344,0,0.07527756374329328,0
2026-02-09 22:42:22.946,0.09678854793310165,0,0.1255008714273572,0
2026-02-09 22:42:23.053,0.07724953442811966,0,0.18172476198524237,0
2026-02-09 22:42:23.160,0.13236460089683533,0,0.25602902565151453,0
2026-02-09 22:42:23.266,0.28474169969558716,0,0.3248213056474924,0
2026-02-09 22:42:23.373,0.5119144916534424,1,0.40836359448730947,0
2026-02-09 22:42:23.480,0.5825414657592773,1,0.4650102138519287,0
2026-02-09 22:42:23.586,0.7716112732887268,1,0.5211339510977269,1
2026-02-09 22:42:23.693,0.7103485465049744,1,0.5958602279424667,1
2026-02-09 22:42:23.800,0.8608768582344055,1,0.6724732935428619,1
2026-02-09 22:42:23.906,0.6216651201248169,1,0.740048635005951,1
2026-02-09 22:42:24.013,0.6580259203910828,1,0.7878139078617096,1
2026-02-09 22:42:24.120,0.8245123028755188,1,0.8283707320690155,1
2026-02-09 22:42:24.226,0.8984952569007874,1,0.8488746702671051,1
2026-02-09 22:42:24.333,0.960495114326477,1,0.8744966268539429,1
2026-02-09 22:42:24.440,0.989567220211029,1,0.8816165328025818,1
2026-02-09 22:42:24.546,0.9881097078323364,1,0.908081728219986,1
2026-02-09 22:42:24.653,0.9766506552696228,1,0.9265258252620697,1
2026-02-09 22:42:24.760,0.966568112373352,1,0.9228019714355469,1
2026-02-09 22:42:24.866,0.9320759177207947,1,0.9169422924518585,1
2026-02-09 22:42:24.973,0.8863170742988586,1,0.9141563236713409,1
2026-02-09 22:42:25.080,0.8424668908119202,1,0.8920144855976104,1
2026-02-09 22:42:25.186,0.7872737646102905,1,0.8653781294822693,1
2026-02-09 22:42:25.293,0.8398984670639038,1,0.8213976204395295,1
2026-02-09 22:42:25.400,0.9326354265213013,1,0.7531512022018433,1
2026-02-09 22:42:25.506,0.7681488394737244,1,0.6776447832584381,1
2026-02-09 22:42:25.613,0.7217461466789246,1,0.6097793713212013,1
2026-02-09 22:42:25.720,0.5368455648422241,1,0.5539587900042534,1
2026-02-09 22:42:25.826,0.2841039299964905,0,0.5021399036049843,1
2026-02-09 22:42:25.933,0.17701172828674316,0,0.4469067707657814,0
2026-02-09 22:42:26.040,0.20766295492649078,0,0.3891657903790474,0
2026-02-09 22:42:26.146,0.2842610776424408,0,0.36159217208623884,0
2026-02-09 22:42:26.253,0.2690849006175995,0,0.34590839594602585,0
2026-02-09 22:42:26.360,0.287567138671875,0,0.3717446193099022,0
2026-02-09 22:42:26.466,0.3552256226539612,0,0.434458290040493,0
2026-02-09 22:42:26.573,0.49241265654563904,0,0.5156239792704582,1
2026-02-09 22:42:26.680,0.5649083852767944,1,0.5944448083639144,1
2026-02-09 22:42:26.786,0.7952077984809875,1,0.6659079253673553,1
2026-02-09 22:42:26.893,0.9112406373023987,1,0.7389239758253098,1
2026-02-09 22:42:27.000,0.9886686205863953,1,0.8100232511758805,1
2026-02-09 22:42:27.106,0.9958712458610535,1,0.8739016145467758,1
2026-02-09 22:42:27.213,0.9988922476768494,1,0.9230818212032318,1
2026-02-09 22:42:27.320,0.9992454051971436,1,0.9617924749851227,1
2026-02-09 22:42:27.426,0.9985598921775818,1,0.9791470766067505,1
2026-02-09 22:42:27.533,0.994009256362915,1,0.9822504639625549,1
2026-02-09 22:42:27.640,0.984214723110199,1,0.9706673681735992,1
2026-02-09 22:42:27.746,0.9520149230957031,1,0.9637808740139008,1
2026-02-09 22:42:27.853,0.9687538146972656,1,0.9621542453765869,1
2026-02-09 22:42:27.960,0.9422745108604431,1,0.9570317566394806,1
2026-02-09 22:42:28.066,0.8728376626968384,1,0.954742044210434,1
2026-02-09 22:42:28.173,0.9270063042640686,1,0.953858244419098,1
2026-02-09 22:42:28.280,0.9826259613037109,1,0.9480243861675263,1
2026-02-09 22:42:28.386,0.9480205178260803,1,0.9395990788936615,1
2026-02-09 22:42:28.493,0.9756627678871155,1,0.930173397064209,1
2026-02-09 22:42:28.600,0.9851712584495544,1,0.9040281891822814,1
2026-02-09 22:42:28.706,0.9258761405944824,1,0.8910442352294922,1
2026-02-09 22:42:28.813,0.8677618503570557,1,0.8771399915218353,1
2026-02-09 22:42:28.920,0.8744969964027405,1,0.8610564053058625,1
2026-02-09 22:42:29.026,0.6808224320411682,1,0.8242087066173553,1
2026-02-09 22:42:29.133,0.7429981231689453,1,0.7934114456176757,1
2026-02-09 22:42:29.240,0.7879638671875,1,0.7426542103290558,1
2026-02-09 22:42:29.346,0.8217900991439819,1,0.6805228441953659,1
2026-02-09 22:42:29.453,0.5795435309410095,1,0.6121170029044152,1
2026-02-09 22:42:29.560,0.6676901578903198,1,0.5406749829649925,1
2026-02-09 22:42:29.666,0.4775989055633545,0,0.48652453124523165,0
2026-02-09 22:42:29.773,0.3045624792575836,0,0.45257575809955597,0
2026-02-09 22:42:29.880,0.1837034374475479,0,0.3908007010817528,0
2026-02-09 22:42:29.986,0.1600767970085144,0,0.34938627332448957,0
2026-02-09 22:42:30.093,0.13931791484355927,0,0.3127138584852219,0
2026-02-09 22:42:30.200,0.4035103917121887,0,0.2514958567917347,0
2026-02-09 22:42:30.306,0.17021329700946808,0,0.20541799087077378,0
2026-02-09 22:42:30.413,0.4076458215713501,0,0.18817831296473742,0
2026-02-09 22:42:30.520,0.21281938254833221,0,0.1744438076391816,0
2026-02-09 22:42:30.626,0.05551014095544815,0,0.16282648984342812,0
2026-02-09 22:42:30.733,0.01682024635374546,0,0.1512461943551898,0
2026-02-09 22:42:30.840,0.13216570019721985,0,0.11339702568948269,0
2026-02-09 22:42:30.946,0.0463583841919899,0,0.09893380720168352,0
2026-02-09 22:42:31.053,0.043903619050979614,0,0.06115029584616423,0
2026-02-09 22:42:31.160,0.02351495996117592,0,0.04501205924898386,0
2026-02-09 22:42:31.266,0.025018705055117607,0,0.044352531991899015,0
2026-02-09 22:42:31.373,0.025581112131476402,0,0.0444266714155674,0
2026-02-09 22:42:31.480,0.02981070801615715,0,0.03259937660768628,0
2026-02-09 22:42:31.586,0.05143701657652855,0,0.029514629673212767,0
2026-02-09 22:42:31.693,0.048914868384599686,0,0.02612051609903574,0
2026-02-09 22:42:31.800,0.017561640590429306,0,0.024235652200877665,0
2026-02-09 22:42:31.906,0.01389275211840868,0,0.023050742316991092,0
2026-02-09 22:42:32.013,0.015510914847254753,0,0.02167513770982623,0
2026-02-09 22:42:32.120,0.009962483309209347,0,0.02009383924305439,0
2026-02-09 22:42:32.226,0.004666320979595184,0,0.01615327363833785,0
2026-02-09 22:42:32.333,0.01316960621625185,0,0.014803020935505628,0
2026-02-09 22:42:32.440,0.011825066059827805,0,0.018587070982903242,0
2026-02-09 22:42:32.546,0.01399772334843874,0,0.030392835102975368,0
2026-02-09 22:42:32.653,0.012031360529363155,0,0.047072113305330274,0
2026-02-09 22:42:32.760,0.035412341356277466,0,0.07596535617485642,0
2026-02-09 22:42:32.866,0.05540214106440544,0,0.1326993049122393,0
2026-02-09 22:42:32.973,0.13195039331912994,0,0.17145653776824474,0
2026-02-09 22:42:33.080,0.18230369687080383,0,0.23104611039161682,0
2026-02-09 22:42:33.186,0.2988949120044708,0,0.30545402271673083,0
2026-02-09 22:42:33.293,0.5720058083534241,1,0.3827993836253881,0
2026-02-09 22:42:33.400,0.40074193477630615,0,0.4658173616975546,0
2026-02-09 22:42:33.506,0.6077207922935486,1,0.5473625972867012,1
2026-02-09 22:42:33.613,0.7580768465995789,1,0.6275217294692993,1
2026-02-09 22:42:33.720,0.7854849696159363,1,0.7078522473573685,1
2026-02-09 22:42:33.826,0.8655921220779419,1,0.7768863499164581,1
2026-02-09 22:42:33.933,0.8708544969558716,1,0.8183916926383972,1
2026-02-09 22:42:34.040,0.9335417151451111,1,0.8771231174468994,1
2026-02-09 22:42:34.146,0.9856088757514954,1,0.9152174890041351,1
2026-02-09 22:42:34.253,0.9892359375953674,1,0.9386513829231262,1
2026-02-09 22:42:34.360,0.9870592355728149,1,0.9597124814987182,1
2026-02-09 22:42:34.466,0.9880561828613281,1,0.9730217516422272,1
2026-02-09 22:42:34.573,0.9886645078659058,1,0.9857306957244873,1
2026-02-09 22:42:34.680,0.9924157857894897,1,0.9918177008628846,1
2026-02-09 22:42:34.786,0.9960959553718567,1,0.9928163051605224,1
2026-02-09 22:42:34.893,0.998684823513031,1,0.993693470954895,1
2026-02-09 22:42:35.000,0.9979439377784729,1,0.9948038876056671,1
2026-02-09 22:42:35.106,0.9944117665290833,1,0.995864087343216,1
2026-02-09 22:42:35.213,0.9955949187278748,1,0.9967902362346649,1
2026-02-09 22:42:35.320,0.998007595539093,1,0.9972718358039856,1
2026-02-09 22:42:35.426,0.9981634020805359,1,0.9971446216106414,1
2026-02-09 22:42:35.533,0.9986581802368164,1,0.9953937709331513,1
2026-02-09 22:42:35.640,0.9979259967803955,1,0.9929159164428711,1
2026-02-09 22:42:35.746,0.9972317814826965,1,0.9925125062465667,1
2026-02-09 22:42:35.853,0.9948238134384155,1,0.9923112332820893,1
2026-02-09 22:42:35.960,0.9811763167381287,1,0.9921709537506104,1
2026-02-09 22:42:36.066,0.9731653928756714,1,0.9919555842876434,1
2026-02-09 22:42:36.173,0.99037766456604,1,0.9910725891590119,1
2026-02-09 22:42:36.280,0.9935821890830994,1,0.990566349029541,1
2026-02-09 22:42:36.386,0.9966048002243042,1,0.9898110449314117,1
2026-02-09 22:42:36.493,0.9960097074508667,1,0.9893815398216248,1
2026-02-09 22:42:36.600,0.9898282289505005,1,0.9899819612503051,1
2026-02-09 22:42:36.706,0.9928635954856873,1,0.9918078005313873,1
2026-02-09 22:42:36.813,0.9896787405014038,1,0.9915278017520904,1
2026-02-09 22:42:36.920,0.9905287623405457,1,0.9802387475967407,1
2026-02-09 22:42:37.026,0.9871805310249329,1,0.9487172842025757,1
2026-02-09 22:42:37.133,0.9914237856864929,1,0.8919470012187958,1
2026-02-09 22:42:37.240,0.9875776767730713,1,0.8348166942596436,1
2026-02-09 22:42:37.346,0.880691647529602,1,0.7776983976364136,1
2026-02-09 22:42:37.453,0.6813901662826538,1,0.7064186245203018,1
2026-02-09 22:42:37.560,0.4283068776130676,0,0.62023596316576,1
2026-02-09 22:42:37.666,0.41852515935897827,0,0.5336229495704174,1
2026-02-09 22:42:37.773,0.42168062925338745,0,0.4351713014766574,0
2026-02-09 22:42:37.880,0.27688100934028625,0,0.3371045357082039,0
2026-02-09 22:42:37.986,0.12870214879512787,0,0.2492668720893562,0
2026-02-09 22:42:38.093,0.1210503950715065,0,0.18127091322094202,0
2026-02-09 22:42:38.200,0.006907304748892784,0,0.13851047258940524,0
2026-02-09 22:42:38.306,0.006910019088536501,0,0.0967232359747868,0
2026-02-09 22:42:38.413,0.002315011341124773,0,0.0545991808292456,0
2026-02-09 22:42:38.520,0.0014305775985121727,0,0.02693997167807538,0
2026-02-09 22:42:38.626,0.0007024712976999581,0,0.014086650079116225,0
2026-02-09 22:42:38.733,0.0006527932127937675,0,0.0020117860316531734,0
2026-02-09 22:42:38.840,0.00044007779797539115,0,0.0013641617348184808,0
2026-02-09 22:42:38.946,0.0002889178285840899,0,0.0008210361906094476,0
2026-02-09 22:42:39.053,0.00016893280553631485,0,0.0006783446500776335,0
2026-02-09 22:42:39.160,0.0003017545968759805,0,0.0007287505752174184,0
2026-02-09 22:42:39.266,0.00043106178054586053,0,0.0011292372742900624,0
2026-02-09 22:42:39.373,0.0014787636464461684,0,0.0013402113021584229,0
2026-02-09 22:42:39.480,0.000888095935806632,0,0.001457445157575421,0
2026-02-09 22:42:39.586,0.0019346368499100208,0,0.0015606199449393898,0
2026-02-09 22:42:39.693,0.004707338288426399,0,0.0016308900230797008,0
2026-02-09 22:42:39.800,0.0027625334914773703,0,0.0016620747337583452,0
2026-02-09 22:42:39.906,0.0016124163521453738,0,0.0016736218822188675,0
2026-02-09 22:42:40.013,0.0013206657022237778,0,0.0015869481721892953,0
2026-02-09 22:42:40.120,0.0008716335869394243,0,0.0015699972165748477,0
2026-02-09 22:42:40.226,0.0006136017036624253,0,0.0015005419845692813,0
2026-02-09 22:42:40.333,0.0005465332651510835,0,0.0011250172683503479,0
2026-02-09 22:42:40.440,0.0006120265461504459,0,0.0011119085771497338,0
2026-02-09 22:42:40.546,0.0007185863796621561,0,0.0012564575124997645,0
2026-02-09 22:42:40.653,0.0012400845298543572,0,0.0015442637086380273,0
2026-02-09 22:42:40.760,0.0009520911262370646,0,0.00195841247914359,0
2026-02-09 22:42:40.866,0.0026314465794712305,0,0.0024346192891243844,0
2026-02-09 22:42:40.973,0.0030579057056456804,0,0.002572839061031118,0
2026-02-09 22:42:41.080,0.004198727663606405,0,0.0026772536744829266,0
2026-02-09 22:42:41.186,0.0050131212919950485,0,0.0026905456325039268,0
2026-02-09 22:42:41.293,0.005375669803470373,0,0.0025912529934430497,0
2026-02-09 22:42:41.400,0.0019287309842184186,0,0.002515100687742233,0
2026-02-09 22:42:41.506,0.0016561726806685328,0,0.002276997998706065,0
2026-02-09 22:42:41.613,0.0008515059598721564,0,0.0020000049960799517,0
2026-02-09 22:42:41.720,0.0002471581392455846,0,0.0016003215016098693,0
2026-02-09 22:42:41.826,0.00019056806922890246,0,0.0011110274659586138,0
2026-02-09 22:42:41.933,0.0002504196891095489,0,0.0005840936340973712,0
2026-02-09 22:42:42.040,0.0002879756793845445,0,0.0004061364088556729,0
2026-02-09 22:42:42.146,0.00020189271890558302,0,0.0002813192331814207,0
2026-02-09 22:42:42.253,0.00012018093548249453,0,0.00029139179532648994,0
2026-02-09 22:42:42.360,0.00010633148485794663,0,0.00038305924244923516,0
2026-02-09 22:42:42.466,0.00014915873180143535,0,0.0017104112906963565,0
2026-02-09 22:42:42.573,0.00040800092392601073,0,0.0055021356136421675,0
2026-02-09 22:42:42.680,0.0009522315813228488,0,0.01106602845393354,0
2026-02-09 22:42:42.786,0.0011638326104730368,0,0.01851840793242445,0
2026-02-09 22:42:42.893,0.013464088551700115,0,0.025502906722249464,0
2026-02-09 22:42:43.000,0.03816766291856766,0,0.02895821474958211,0
2026-02-09 22:42:43.106,0.05592690408229828,0,0.03293968190264422,0
2026-02-09 22:42:43.213,0.0747256875038147,0,0.03817216992611065,0
2026-02-09 22:42:43.320,0.0699651688337326,0,0.044759002956561746,0
2026-02-09 22:42:43.426,0.03465941175818443,0,0.05267274072393775,0
2026-02-09 22:42:43.533,0.03996383026242256,0,0.055045117437839505,0
2026-02-09 22:42:43.640,0.05273288115859032,0,0.05894910395145416,0
2026-02-09 22:42:43.746,0.06682056188583374,0,0.06357532367110252,0
2026-02-09 22:42:43.853,0.0803012102842331,0,0.06139518581330776,0
2026-02-09 22:42:43.960,0.0371878556907177,0,0.05993970111012459,0
2026-02-09 22:42:44.066,0.0772075280547142,0,0.060774849727749825,0
2026-02-09 22:42:44.173,0.10218910127878189,0,0.06397953331470489,0
2026-02-09 22:42:44.280,0.05292430892586708,0,0.06681971289217473,0
2026-02-09 22:42:44.386,0.055410321801900864,0,0.06217917334288359,0
2026-02-09 22:42:44.493,0.0430108979344368,0,0.05528636742383242,0
2026-02-09 22:42:44.600,0.07201066613197327,0,0.053253480792045595,0
2026-02-09 22:42:44.706,0.08113467693328857,0,0.04713848363608122,0
2026-02-09 22:42:44.813,0.0204151663929224,0,0.037056548113469034,0
2026-02-09 22:42:44.920,0.01137315109372139,0,0.031819434557110074,0
2026-02-09 22:42:45.026,0.016858989372849464,0,0.02632528702088166,0
2026-02-09 22:42:45.133,0.016057556495070457,0,0.022101268256665207,0
2026-02-09 22:42:45.240,0.001369746052660048,0,0.015014411011361518,0
2026-02-09 22:42:45.346,0.0005531733622774482,0,0.006982100525056012,0
2026-02-09 22:42:45.453,0.00046884643961675465,0,0.005030742866802029,0
2026-02-09 22:42:45.560,0.0007707102922722697,0,0.004051433419226669,0
2026-02-09 22:42:45.666,0.0011420936789363623,0,0.002464231415069662,0
2026-02-09 22:42:45.773,0.0008115720702335238,0,0.002315138033009134,0
2026-02-09 22:42:45.880,0.0009015898103825748,0,0.004231609750422649,0
2026-02-09 22:42:45.986,0.0015800566179677844,0,0.005917707490152679,0
2026-02-09 22:42:46.093,0.000986969331279397,0,0.00652754197944887,0
2026-02-09 22:42:46.200,0.01456662267446518,0,0.006705860811052844,0
2026-02-09 22:42:46.306,0.020534463226795197,0,0.006661553907906637,0
2026-02-09 22:42:46.413,0.01741415075957775,0,0.006600384644116275,0
2026-02-09 22:42:46.520,0.006567191332578659,0,0.0065174265888344966,0
2026-02-09 22:42:46.626,0.0025538986083120108,0,0.006367431438411586,0
2026-02-09 22:42:46.733,0.0006990246474742889,0,0.0062825861197779885,0
2026-02-09 22:42:46.840,0.000199879432329908,0,0.004852728631522041,0
2026-02-09 22:42:46.946,7.200925756478682e-05,0,0.00283128561131889,0
2026-02-09 22:42:47.053,8.010511373868212e-05,0,0.001114210594096221,0
2026-02-09 22:42:47.160,0.00013851614494342357,0,0.0005445564485853538,0
2026-02-09 22:42:47.266,0.00026804779190570116,0,0.00030210049444576723,0
2026-02-09 22:42:47.373,0.00032003302476368845,0,0.00024394201318500564,0
2026-02-09 22:42:47.480,0.0002434005873510614,0,0.00024108978977892547,0
2026-02-09 22:42:47.586,0.0008706498774699867,0,0.0002483110401954036,0
2026-02-09 22:42:47.693,0.00012933906691614538,0,0.0002476752582879271,0
2026-02-09 22:42:47.800,0.00011743983486667275,0,0.00024939848590292967,0
2026-02-09 22:42:47.906,0.00017135719826910645,0,0.0003822643288003746,0
2026-02-09 22:42:48.013,0.00014422176172956824,0,0.001388522994966479,0
2026-02-09 22:42:48.120,7.374729466391727e-05,0,0.0035783049410383684,0
2026-02-09 22:42:48.226,0.000155748421093449,0,0.005779046896350337,0
2026-02-09 22:42:48.333,0.0015967062208801508,0,0.009827069080347427,0
2026-02-09 22:42:48.440,0.010382619686424732,0,0.01320449847044074,0
2026-02-09 22:42:48.546,0.022141220048069954,0,0.01567539473398938,0
2026-02-09 22:42:48.653,0.022878069430589676,0,0.0176068142427539,0
2026-02-09 22:42:48.760,0.040609560906887054,0,0.03346297432144638,0
2026-02-09 22:42:48.866,0.03389173373579979,0,0.04233434472698718,0
2026-02-09 22:42:48.973,0.024880319833755493,0,0.051774779241532086,0
2026-02-09 22:42:49.080,0.01945841684937477,0,0.05467516202479601,0
2026-02-09 22:42:49.186,0.15863534808158875,0,0.05570831708610058,0
2026-02-09 22:42:49.293,0.08886945247650146,0,0.05470662331208587,0
2026-02-09 22:42:49.400,0.0960010513663292,0,0.05091102060396224,0
2026-02-09 22:42:49.506,0.03938644751906395,0,0.04754962415026966,0
2026-02-09 22:42:49.613,0.032472770661115646,0,0.04511840601044241,0
2026-02-09 22:42:49.720,0.012861131690442562,0,0.04327566466818098,0
2026-02-09 22:42:49.826,0.002653533825650811,0,0.027749708472401834,0
2026-02-09 22:42:49.933,0.00027776919887401164,0,0.019796093078912235,0
2026-02-09 22:42:50.040,0.0005681384354829788,0,0.01204443619644735,0
2026-02-09 22:42:50.146,0.001031003426760435,0,0.010835132646025158,0
2026-02-09 22:42:50.253,0.0033757861237972975,0,0.0096645762125263,0
2026-02-09 22:42:50.360,0.009333298541605473,0,0.009805372069240547,0
2026-02-09 22:42:50.466,0.018484482541680336,0,0.009654098880128003,0
2026-02-09 22:42:50.573,0.027293412014842033,0,0.00963757943463861,0
2026-02-09 22:42:50.680,0.020767206326127052,0,0.009589501634036424,0
2026-02-09 22:42:50.786,0.014269090257585049,0,0.009490616269613384,0
2026-02-09 22:42:50.893,0.0011408019345253706,0,0.009155979971728812,0
2026-02-09 22:42:51.000,0.00011257474398007616,0,0.008226256416128308,0
2026-02-09 22:42:51.106,8.736042946111411e-05,0,0.006382621441116498,0
2026-02-09 22:42:51.213,4.21497825300321e-05,0,0.003657280542211083,0
2026-02-09 22:42:51.320,2.942314495157916e-05,0,0.0015850599769692054,0
2026-02-09 22:42:51.426,3.606298560043797e-05,0,0.0001656907190408674,0
2026-02-09 22:42:51.533,4.813279156223871e-05,0,9.932595003192546e-05,0
2026-02-09 22:42:51.640,4.000302578788251e-05,0,0.00011229938336327905,0
2026-02-09 22:42:51.746,4.50006737082731e-05,0,0.0001406288263751776,0
2026-02-09 22:42:51.853,7.539767830166966e-05,0,0.00017312172949459636,0
2026-02-09 22:42:51.960,0.0004771542444359511,0,0.00025024166607181544,0
2026-02-09 22:42:52.066,0.00024230907729361206,0,0.0002824994007823989,0
2026-02-09 22:42:52.173,0.0003706548595800996,0,0.0002889522289478919,0
2026-02-09 22:42:52.280,0.0003670788137242198,0,0.0002889096700528171,0
2026-02-09 22:42:52.386,0.0008006225107237697,0,0.0002867915045499103,0
2026-02-09 22:42:52.493,0.0003586403327062726,0,0.0002814887620843365,0
2026-02-09 22:42:52.600,0.00011266107321716845,0,0.00026943743923766304,0
2026-02-09 22:42:52.706,3.957743683713488e-05,0,0.0004504671631366364,0
2026-02-09 22:42:52.813,2.3819018679205328e-05,0,0.0006740631264619878,0
2026-02-09 22:42:52.920,2.237025364593137e-05,0,0.0010081982085466735,0
2026-02-09 22:42:53.026,0.0003566410159692168,0,0.0014465108475633314,0
2026-02-09 22:42:53.133,0.0020526063162833452,0,0.0018359212981522433,0
2026-02-09 22:42:53.240,0.0026066144928336143,0,0.0022248242448767996,0
2026-02-09 22:42:53.346,0.0037084296345710754,0,0.0023529611857156852,0
2026-02-09 22:42:53.453,0.00518374890089035,0,0.0025646253607192193,0
2026-02-09 22:42:53.560,0.00425274483859539,0,0.0032249029027298093,0
2026-02-09 22:42:53.666,0.004001690540462732,0,0.007013120397459716,0
2026-02-09 22:42:53.773,0.0013209468452259898,0,0.008775551768485457,0
2026-02-09 22:42:53.880,0.002140460768714547,0,0.009173556661698968,0
2026-02-09 22:42:53.986,0.006625145673751831,0,0.008921169105451553,0
2026-02-09 22:42:54.093,0.03823881596326828,0,0.008411329947557533,0
2026-02-09 22:42:54.200,0.019676920026540756,0,0.007987435104223551,0
2026-02-09 22:42:54.306,0.0065866634249687195,0,0.007587504767479913,0
2026-02-09 22:42:54.413,0.0011845540720969439,0,0.007455473162463022,0
2026-02-09 22:42:54.520,8.535732195014134e-05,0,0.007241454828104565,0
2026-02-09 22:42:54.626,1.3796405255561695e-05,0,0.00657904654378001,0
2026-02-09 22:42:54.733,2.387173026363598e-06,0,0.0027568150233179267,0
2026-02-09 22:42:54.840,6.307950570771936e-07,0,0.0008043521936684783,0
2026-02-09 22:42:54.946,2.77425129979747e-07,0,0.0001662792661278445,0
2026-02-09 22:42:55.053,1.0628305062709842e-06,0,6.374987803212662e-05,0
2026-02-09 22:42:55.160,1.650075864745304e-05,0,0.00014862831464199645,0
2026-02-09 22:42:55.266,0.00015229173004627228,0,0.00018209305177663282,0
2026-02-09 22:42:55.373,0.0002059341495623812,0,0.00019276715403577783,0
2026-02-09 22:42:55.480,0.00015926019113976508,0,0.00019433775802610854,0
2026-02-09 22:42:55.586,0.0009341416880488396,0,0.00019582887630349434,0
2026-02-09 22:42:55.693,0.0003484437766019255,0,0.00019712755929504055,0
2026-02-09 22:42:55.800,0.00010912819561781362,0,0.00019836246901832054,0
2026-02-09 22:42:55.906,1.6336834960384294e-05,0,0.0001877623795735417,0
2026-02-09 22:42:56.013,1.5188607903837692e-05,0,0.000173140324477572,0
2026-02-09 22:42:56.120,1.4049660421733279e-05,0,0.0001612144744285615,0
2026-02-09 22:42:56.226,2.8849855880253017e-05,0,7.85632542829262e-05,0
2026-02-09 22:42:56.333,4.629083559848368e-05,0,0.00012274691725906451,0
2026-02-09 22:42:56.440,5.9713598602684215e-05,0,0.0012380819283862366,0
2026-02-09 22:42:56.546,4.0001690649660304e-05,0,0.0025230839790310712,0
2026-02-09 22:42:56.653,0.0001076294865924865,0,0.015721518853115412,0
2026-02-09 22:42:56.760,0.0007902804063633084,0,0.023874301983596524,0
2026-02-09 22:42:56.866,0.011262478306889534,0,0.030487968427041778,0
2026-02-09 22:42:56.973,0.01286635734140873,0,0.03377969748180476,0
2026-02-09 22:42:57.080,0.13199953734874725,0,0.034961076257241076,0
2026-02-09 22:42:57.186,0.08154188096523285,0,0.03533784299215768,0
2026-02-09 22:42:57.293,0.0661655142903328,0,0.035692547250073405,0
2026-02-09 22:42:57.400,0.0329635813832283,0,0.03670335251372307,0
2026-02-09 22:42:57.506,0.011873501352965832,0,0.04051838486921042,0
2026-02-09 22:42:57.613,0.0038076690398156643,0,0.046029576915316284,0
2026-02-09 22:42:57.720,0.0036546720657497644,0,0.0374267804203555,0
2026-02-09 22:42:57.826,0.010898333042860031,0,0.03755548025947064,0
2026-02-09 22:42:57.933,0.049412801861763,0,0.04727381716948002,0
2026-02-09 22:42:58.040,0.06797827780246735,0,0.05779110814910382,0
2026-02-09 22:42:58.146,0.045971572399139404,0,0.06854707968886942,0
2026-02-09 22:42:58.253,0.08282887935638428,0,0.07021175476256758,0
2026-02-09 22:42:58.360,0.16334888339042664,0,0.07139096762984991,0
2026-02-09 22:42:58.466,0.13813649117946625,0,0.07239109110087157,0
2026-02-09 22:42:58.573,0.1194332167506218,0,0.06999395471066236,0
2026-02-09 22:42:58.680,0.020454419776797295,0,0.06386319478042424,0
2026-02-09 22:42:58.786,0.015446800738573074,0,0.05951344291679561,0
2026-02-09 22:42:58.893,0.020899567753076553,0,0.05132728283060715,0
2026-02-09 22:42:59.000,0.02544143795967102,0,0.03505203066742979,0
2026-02-09 22:42:59.106,0.006670678500086069,0,0.021272262919228523,0
2026-02-09 22:42:59.213,0.0024740537628531456,0,0.00935554442985449,0
2026-02-09 22:42:59.320,0.0009672784944996238,0,0.007322670180292335,0
2026-02-09 22:42:59.426,0.0005963617586530745,0,0.005793503526365385,0
2026-02-09 22:42:59.533,0.00033881369745358825,0,0.003735572213190608,0
2026-02-09 22:42:59.640,0.0002660318568814546,0,0.0014570792875019834,0
2026-02-09 22:42:59.746,0.00012567728117574006,0,0.0016529496031580492,0
2026-02-09 22:42:59.853,0.00015513419930357486,0,0.004641971757519059,0
2026-02-09 22:42:59.960,0.000320254621328786,0,0.036017828513286075,0
2026-02-09 22:43:00.066,0.0026565087027847767,0,0.05612595288839657,0
2026-02-09 22:43:00.173,0.008629381656646729,0,0.07430648951267357,0
2026-02-09 22:43:00.280,0.03236427530646324,0,0.08367791309137829,0
2026-02-09 22:43:00.386,0.3147258460521698,0,0.09444195007527015,0
2026-02-09 22:43:00.493,0.201677605509758,0,0.10178741955023725,0
2026-02-09 22:43:00.600,0.1821441799402237,0,0.10315655232407153,0
2026-02-09 22:43:00.706,0.09398026764392853,0,0.10327981358859688,0
2026-02-09 22:43:00.813,0.1077660471200943,0,0.1027984372107312,0
2026-02-09 22:43:00.920,0.07360982894897461,0,0.09997740399558097,0
2026-02-09 22:43:01.026,0.014011582359671593,0,0.06870707378257065,0
2026-02-09 22:43:01.133,0.0038891213480383158,0,0.04897704932373017,0
2026-02-09 22:43:01.240,0.0038156178779900074,0,0.03102564108557999,0
2026-02-09 22:43:01.346,0.004153943154960871,0,0.022009621281176804,0
2026-02-09 22:43:01.453,0.0020225439220666885,0,0.0119594297837466,0
2026-02-09 22:43:01.560,0.004377360921353102,0,0.005387837952002883,0
2026-02-09 22:43:01.666,0.0026300975587219,0,0.005242667114362121,0
2026-02-09 22:43:01.773,0.0038200695998966694,0,0.009446569276042283,0
2026-02-09 22:43:01.880,0.007264132145792246,0,0.012759755994193257,0
2026-02-09 22:43:01.986,0.007893910631537437,0,0.028776250616647302,0
2026-02-09 22:43:02.093,0.01255987398326397,0,0.1063906435156241,0
2026-02-09 22:43:02.200,0.045928142964839935,0,0.19224578223656863,0
2026-02-09 22:43:02.306,0.03694748505949974,0,0.2795167530886829,0
2026-02-09 22:43:02.413,0.16431888937950134,0,0.37158928089775145,0
2026-02-09 22:43:02.520,0.7781664729118347,1,0.4638174198567867,0
2026-02-09 22:43:02.626,0.8629287481307983,1,0.5607198031619192,1
2026-02-09 22:43:02.733,0.8753398060798645,1,0.6461305249482393,1
2026-02-09 22:43:02.840,0.9245453476905823,1,0.7320678915828467,1
2026-02-09 22:43:02.946,0.929545521736145,1,0.8205477803945541,1
2026-02-09 22:43:03.053,0.9769177436828613,1,0.9009569525718689,1
2026-02-09 22:43:03.160,0.8666670918464661,1,0.9010524570941925,1
2026-02-09 22:43:03.266,0.9053018093109131,1,0.8969159662723541,1
2026-02-09 22:43:03.373,0.9217463731765747,1,0.8919246733188629,1
2026-02-09 22:43:03.480,0.9684106111526489,1,0.8858687698841095,1
2026-02-09 22:43:03.586,0.7791215181350708,1,0.8780296862125396,1
2026-02-09 22:43:03.693,0.8215638399124146,1,0.8717790305614471,1
2026-02-09 22:43:03.800,0.8254268765449524,1,0.8785436451435089,1
2026-02-09 22:43:03.906,0.8639863133430481,1,0.8826926290988922,1
2026-02-09 22:43:04.013,0.8511546850204468,1,0.8866713762283325,1
2026-02-09 22:43:04.120,0.914411187171936,1,0.8856910467147827,1
2026-02-09 22:43:04.226,0.9343132376670837,1,0.9036519348621368,1
2026-02-09 22:43:04.333,0.9467916488647461,1,0.9185105800628662,1
2026-02-09 22:43:04.440,0.9615338444709778,1,0.9333380579948425,1
2026-02-09 22:43:04.546,0.9586073160171509,1,0.9438627362251282,1
2026-02-09 22:43:04.653,0.9587303996086121,1,0.9583077311515809,1
2026-02-09 22:43:04.760,0.9701502919197083,1,0.9664689540863037,1
2026-02-09 22:43:04.866,0.9737016558647156,1,0.9726326644420624,1
2026-02-09 22:43:04.973,0.9692330956459045,1,0.9776248395442962,1
2026-02-09 22:43:05.080,0.9956046342849731,1,0.9808659970760345,1
2026-02-09 22:43:05.186,0.996023416519165,1,0.9840253114700317,1
2026-02-09 22:43:05.293,0.9959503412246704,1,0.9830351531505584,1
2026-02-09 22:43:05.400,0.996713399887085,1,0.9487335860729218,1
2026-02-09 22:43:05.506,0.9939454197883606,1,0.8985656023025512,1
2026-02-09 22:43:05.613,0.9902004599571228,1,0.8325685977935791,1
2026-02-09 22:43:05.720,0.9488288164138794,1,0.754663547873497,1
2026-02-09 22:43:05.826,0.6271346211433411,1,0.6698854014277458,1
2026-02-09 22:43:05.933,0.47202181816101074,0,0.5840577512979508,1
2026-02-09 22:43:06.040,0.30926305055618286,0,0.49658598378300667,0
2026-02-09 22:43:06.146,0.21655413508415222,0,0.40330053456127646,0
2026-02-09 22:43:06.253,0.14824195206165314,0,0.31487073861062526,0
2026-02-09 22:43:06.360,0.13767383992671967,0,0.23569572977721692,0
2026-02-09 22:43:06.466,0.1219957247376442,0,0.18649515174329281,0
2026-02-09 22:43:06.573,0.06109092757105827,0,0.152248240634799,0
2026-02-09 22:43:06.680,0.10590250045061111,0,0.12582528479397298,0
2026-02-09 22:43:06.786,0.15707872807979584,0,0.1090837474912405,0
2026-02-09 22:43:06.893,0.13512884080410004,0,0.09918196201324463,0
2026-02-09 22:43:07.000,0.1295527070760727,0,0.096107267588377,0
2026-02-09 22:43:07.106,0.045033492147922516,0,0.10090734958648681,0
2026-02-09 22:43:07.213,0.049138762056827545,0,0.11870333589613438,0
2026-02-09 22:43:07.320,0.04922409728169441,0,0.14723671041429043,0
2026-02-09 22:43:07.426,0.10692689567804337,0,0.1967434000223875,0
2026-02-09 22:43:07.533,0.16999654471874237,0,0.26688857935369015,0
2026-02-09 22:43:07.640,0.23905079066753387,0,0.34485707692801953,0
2026-02-09 22:43:07.746,0.39123624563217163,0,0.4365220729261637,0
2026-02-09 22:43:07.853,0.6521456241607666,1,0.5304195072501898,1
2026-02-09 22:43:07.960,0.8365806341171265,1,0.6250646956264972,1
2026-02-09 22:43:08.066,0.9092376828193665,1,0.7139144748449325,1
2026-02-09 22:43:08.173,0.961683452129364,1,0.7966017946600914,1
2026-02-09 22:43:08.280,0.9881131052970886,1,0.8722828030586243,1
2026-02-09 22:43:08.386,0.9956759810447693,1,0.9327568888664246,1
2026-02-09 22:43:08.493,0.9954246878623962,1,0.967345517873764,1
2026-02-09 22:43:08.600,0.9968697428703308,1,0.9833020865917206,1
2026-02-09 22:43:08.706,0.9958608746528625,1,0.9917958736419678,1
2026-02-09 22:43:08.813,0.9959771037101746,1,0.9951038897037506,1
2026-02-09 22:43:08.920,0.9980319142341614,1,0.9957784533500671,1
2026-02-09 22:43:09.026,0.9961463212966919,1,0.9959222137928009,1
2026-02-09 22:43:09.133,0.9941755533218384,1,0.9962321102619172,1
2026-02-09 22:43:09.240,0.9947636127471924,1,0.996338152885437,1
2026-02-09 22:43:09.346,0.9948587417602539,1,0.9966180980205536,1
2026-02-09 22:43:09.453,0.9971135854721069,1,0.996485686302185,1
2026-02-09 22:43:09.560,0.9985236525535583,1,0.996067863702774,1
2026-02-09 22:43:09.666,0.9979301691055298,1,0.9962764024734497,1
2026-02-09 22:43:09.773,0.9986603260040283,1,0.9967593252658844,1
2026-02-09 22:43:09.880,0.9946529865264893,1,0.9972037076950073,1
2026-02-09 22:43:09.986,0.9938536882400513,1,0.9976638376712799,1
2026-02-09 22:43:10.093,0.9982317090034485,1,0.9978980660438538,1
2026-02-09 22:43:10.200,0.9990047812461853,1,0.9979458808898926,1
2026-02-09 22:43:10.306,0.9992074370384216,1,0.9979664921760559,1
2026-02-09 22:43:10.413,0.9994600415229797,1,0.997038733959198,1
2026-02-09 22:43:10.520,0.9994558691978455,1,0.9958957731723785,1
2026-02-09 22:43:10.626,0.9990018010139465,1,0.994573450088501,1
2026-02-09 22:43:10.733,0.9981362819671631,1,0.9918901443481445,1
2026-02-09 22:43:10.840,0.9893827438354492,1,0.990901631116867,1
2026-02-09 22:43:10.946,0.9832233786582947,1,0.9907138705253601,1
2026-02-09 22:43:11.053,0.9806304574012756,1,0.9884690046310425,1
2026-02-09 22:43:11.160,0.971398651599884,1,0.9857122242450714,1
2026-02-09 22:43:11.266,0.9891196489334106,1,0.9813761651515961,1
2026-02-09 22:43:11.373,0.997329831123352,1,0.9754824697971344,1
2026-02-09 22:43:11.480,0.9770113825798035,1,0.969236958026886,1
2026-02-09 22:43:11.586,0.9718880653381348,1,0.9653315484523773,1
2026-02-09 22:43:11.693,0.9556412100791931,1,0.9579540312290191,1
2026-02-09 22:43:11.800,0.9391993284225464,1,0.9482593894004822,1
2026-02-09 22:43:11.906,0.9269276261329651,1,0.9383814692497253,1
2026-02-09 22:43:12.013,0.944169282913208,1,0.920530378818512,1
2026-02-09 22:43:12.120,0.9068552851676941,1,0.8905143201351166,1
2026-02-09 22:43:12.226,0.8744522333145142,1,0.865707403421402,1
2026-02-09 22:43:12.333,0.8903404474258423,1,0.8421160280704498,1
2026-02-09 22:43:12.440,0.8188189268112183,1,0.8173053860664368,1
2026-02-09 22:43:12.546,0.6768507957458496,1,0.8094581723213196,1
2026-02-09 22:43:12.653,0.7238188982009888,1,0.7938585340976715,1
2026-02-09 22:43:12.760,0.7197274565696716,1,0.7837406635284424,1
2026-02-09 22:43:12.866,0.6910929083824158,1,0.7797963738441467,1
2026-02-09 22:43:12.973,0.8484554886817932,1,0.7714104115962982,1
2026-02-09 22:43:13.080,0.7881729006767273,1,0.7758125722408294,1
2026-02-09 22:43:13.186,0.8056765794754028,1,0.7933999001979828,1
2026-02-09 22:43:13.293,0.8350093364715576,1,0.7998329341411591,1
2026-02-09 22:43:13.400,0.8064808249473572,1,0.8135363698005676,1
2026-02-09 22:43:13.506,0.8628405332565308,1,0.8327515125274658,1
2026-02-09 22:43:13.613,0.8527240753173828,1,0.8396730244159698,1
2026-02-09 22:43:13.720,0.7881492376327515,1,0.8497341215610504,1
2026-02-09 22:43:13.826,0.8567618131637573,1,0.861526370048523,1
2026-02-09 22:43:13.933,0.8832443356513977,1,0.8756351470947266,1
2026-02-09 22:43:14.040,0.9176706075668335,1,0.8923782110214233,1
2026-02-09 22:43:14.146,0.888783872127533,1,0.9057539284229279,1
2026-02-09 22:43:14.253,0.9235990643501282,1,0.9197976171970368,1
2026-02-09 22:43:14.360,0.9760971069335938,1,0.94071044921875,1
2026-02-09 22:43:14.466,0.973911464214325,1,0.9547059118747712,1
2026-02-09 22:43:14.573,0.9965977072715759,1,0.9658357739448548,1
2026-02-09 22:43:14.680,0.9931609630584717,1,0.9737176716327667,1
2026-02-09 22:43:14.786,0.997277557849884,1,0.9845369100570679,1
2026-02-09 22:43:14.893,0.9967164397239685,1,0.9918785393238068,1
2026-02-09 22:43:15.000,0.9945429563522339,1,0.9936277329921722,1
2026-02-09 22:43:15.106,0.9964895844459534,1,0.9954786837100983,1
2026-02-09 22:43:15.213,0.9969762563705444,1,0.994107437133789,1
2026-02-09 22:43:15.320,0.9970153570175171,1,0.9925483942031861,1
2026-02-09 22:43:15.426,0.9935890436172485,1,0.9897425532341003,1
2026-02-09 22:43:15.533,0.9924209713935852,1,0.9886204838752747,1
2026-02-09 22:43:15.640,0.9828852415084839,1,0.9880781173706055,1
2026-02-09 22:43:15.746,0.9775705337524414,1,0.987872737646103,1
2026-02-09 22:43:15.853,0.9692191481590271,1,0.9854427456855774,1
2026-02-09 22:43:15.960,0.9854957461357117,1,0.9820502519607544,1
2026-02-09 22:43:16.066,0.989119291305542,1,0.974038589000702,1
2026-02-09 22:43:16.173,0.9944357872009277,1,0.9690053761005402,1
2026-02-09 22:43:16.280,0.9726763367652893,1,0.9627493619918823,1
2026-02-09 22:43:16.386,0.9630904197692871,1,0.9593294858932495,1
2026-02-09 22:43:16.493,0.9134724140167236,1,0.9583148837089539,1
2026-02-09 22:43:16.600,0.9420888423919678,1,0.9524283587932587,1
2026-02-09 22:43:16.706,0.9203251004219055,1,0.9483726739883422,1
2026-02-09 22:43:16.813,0.9433717727661133,1,0.9435083210468292,1
2026-02-09 22:43:16.920,0.9590731263160706,1,0.9414395868778229,1
2026-02-09 22:43:17.026,0.9266304969787598,1,0.9415328323841095,1
2026-02-09 22:43:17.133,0.9485624432563782,1,0.9462555408477783,1
2026-02-09 22:43:17.240,0.9457922577857971,1,0.9486337780952454,1
2026-02-09 22:43:17.346,0.9519889950752258,1,0.9555589377880096,1
2026-02-09 22:43:17.453,0.9640228748321533,1,0.9585356056690216,1
2026-02-09 22:43:17.560,0.9606994986534119,1,0.9594493567943573,1
2026-02-09 22:43:17.666,0.9658712148666382,1,0.9617256879806518,1
2026-02-09 22:43:17.773,0.9895766973495483,1,0.9574521124362946,1
2026-02-09 22:43:17.880,0.9731384515762329,1,0.9555711925029755,1
2026-02-09 22:43:17.986,0.9682106375694275,1,0.9533824682235718,1
2026-02-09 22:43:18.093,0.9493938088417053,1,0.9479968011379242,1
2026-02-09 22:43:18.200,0.9058266878128052,1,0.9427443861961364,1
2026-02-09 22:43:18.306,0.9269830584526062,1,0.9287495374679565,1
2026-02-09 22:43:18.413,0.930101752281189,1,0.9012972474098205,1
2026-02-09 22:43:18.520,0.9101662039756775,1,0.8704280436038971,1
2026-02-09 22:43:18.626,0.9081753492355347,1,0.8438438355922699,1
2026-02-09 22:43:18.733,0.8259227275848389,1,0.819423770904541,1
2026-02-09 22:43:18.840,0.7150537967681885,1,0.7947409331798554,1
2026-02-09 22:43:18.946,0.6644464135169983,1,0.7775788724422454,1
2026-02-09 22:43:19.053,0.7023685574531555,1,0.7561066210269928,1
2026-02-09 22:43:19.160,0.7051931619644165,1,0.739149522781372,1
2026-02-09 22:43:19.266,0.6589983105659485,1,0.7196802496910095,1
2026-02-09 22:43:19.373,0.7553624510765076,1,0.70093994140625,1
2026-02-09 22:43:19.480,0.7153792381286621,1,0.6909950256347657,1
2026-02-09 22:43:19.586,0.7405952215194702,1,0.6827593505382538,1
2026-02-09 22:43:19.693,0.7134826183319092,1,0.6758085250854492,1
2026-02-09 22:43:19.800,0.6385196447372437,1,0.6609480857849122,1
2026-02-09 22:43:19.906,0.6156046390533447,1,0.6537589251995086,1
2026-02-09 22:43:20.013,0.5820896625518799,1,0.6270756751298905,1
2026-02-09 22:43:20.120,0.6328603029251099,1,0.6212430149316788,1
2026-02-09 22:43:20.226,0.5565887689590454,1,0.6257213860750198,1
2026-02-09 22:43:20.333,0.5871067047119141,1,0.6388920158147812,1
2026-02-09 22:43:20.440,0.4885299503803253,0,0.6612164586782455,1
2026-02-09 22:43:20.546,0.6570526361465454,1,0.6916462928056717,1
2026-02-09 22:43:20.653,0.7853789329528809,1,0.7224403709173203,1
2026-02-09 22:43:20.760,0.8451889157295227,1,0.7431460589170455,1
2026-02-09 22:43:20.866,0.8617640733718872,1,0.7607569128274918,1
2026-02-09 22:43:20.973,0.9199029803276062,1,0.7716363221406937,1
2026-02-09 22:43:21.080,0.8900304436683655,1,0.8050530791282654,1
2026-02-09 22:43:21.186,0.8399171829223633,1,0.8273223340511322,1
2026-02-09 22:43:21.293,0.7326973080635071,1,0.8384272277355194,1
2026-02-09 22:43:21.400,0.6959007978439331,1,0.848154217004776,1
2026-02-09 22:43:21.506,0.8226975202560425,1,0.858395767211914,1
2026-02-09 22:43:21.613,0.8797451853752136,1,0.862128472328186,1
2026-02-09 22:43:21.720,0.8964278697967529,1,0.8698598742485046,1
2026-02-09 22:43:21.826,0.9424588084220886,1,0.883738899230957,1
2026-02-09 22:43:21.933,0.9641795754432678,1,0.9079953253269195,1
2026-02-09 22:43:22.040,0.9572300314903259,1,0.9367680013179779,1
2026-02-09 22:43:22.146,0.9673444628715515,1,0.9508140921592713,1
2026-02-09 22:43:22.253,0.9787074327468872,1,0.9563749492168426,1
2026-02-09 22:43:22.360,0.9752615690231323,1,0.9522141814231873,1
2026-02-09 22:43:22.466,0.9836275577545166,1,0.933842146396637,1
2026-02-09 22:43:22.573,0.9631584286689758,1,0.9088474631309509,1
2026-02-09 22:43:22.680,0.9353537559509277,1,0.8926458597183228,1
2026-02-09 22:43:22.786,0.854820191860199,1,0.8716944634914399,1
2026-02-09 22:43:22.893,0.7587384581565857,1,0.8509822130203247,1
2026-02-09 22:43:23.000,0.7142327427864075,1,0.8218323945999145,1
2026-02-09 22:43:23.106,0.7952139973640442,1,0.8031419336795806,1
2026-02-09 22:43:23.213,0.7578305006027222,1,0.7932058870792389,1
2026-02-09 22:43:23.320,0.7715849280357361,1,0.7804334700107575,1
2026-02-09 22:43:23.426,0.6837633848190308,1,0.7740455985069274,1
2026-02-09 22:43:23.533,0.796722948551178,1,0.7794068574905395,1
2026-02-09 22:43:23.640,0.8637979626655579,1,0.7960025489330291,1
2026-02-09 22:43:23.746,0.8076295852661133,1,0.7970780670642853,1
2026-02-09 22:43:23.853,0.7909414768218994,1,0.8045409679412842,1
2026-02-09 22:43:23.960,0.8123510479927063,1,0.8136596918106079,1
2026-02-09 22:43:24.066,0.8801896572113037,1,0.8305003345012665,1
2026-02-09 22:43:24.173,0.8059691786766052,1,0.8277981877326965,1
2026-02-09 22:43:24.280,0.8324595093727112,1,0.8194904327392578,1
2026-02-09 22:43:24.386,0.8627721667289734,1,0.8155734598636627,1
2026-02-09 22:43:24.493,0.8521698117256165,1,0.8216780841350555,1
2026-02-09 22:43:24.600,0.7697014808654785,1,0.8297166228294373,1
2026-02-09 22:43:24.706,0.7807204127311707,1,0.8230522811412812,1
2026-02-09 22:43:24.813,0.7684598565101624,1,0.8283946692943573,1
2026-02-09 22:43:24.920,0.8519877195358276,1,0.8372204840183258,1
2026-02-09 22:43:25.026,0.8927364349365234,1,0.84356569647789,1
2026-02-09 22:43:25.133,0.8135462403297424,1,0.8511120796203613,1
2026-02-09 22:43:25.240,0.8593930602073669,1,0.8708192527294158,1
2026-02-09 22:43:25.346,0.9207176566123962,1,0.8851953685283661,1
2026-02-09 22:43:25.453,0.9262242913246155,1,0.9021566689014435,1
2026-02-09 22:43:25.560,0.9276336431503296,1,0.9119490921497345,1
2026-02-09 22:43:25.666,0.9667732119560242,1,0.9159720599651336,1
2026-02-09 22:43:25.773,0.9244815707206726,1,0.9287923276424408,1
2026-02-09 22:43:25.880,0.9380728602409363,1,0.9386564314365387,1
2026-02-09 22:43:25.986,0.9499119520187378,1,0.9433184087276458,1
2026-02-09 22:43:26.093,0.9329661130905151,1,0.9443291604518891,1
2026-02-09 22:43:26.200,0.9417489171028137,1,0.9474456310272217,1
2026-02-09 22:43:26.306,0.958034098148346,1,0.9482754230499267,1
2026-02-09 22:43:26.413,0.967337429523468,1,0.9546454668045044,1
2026-02-09 22:43:26.520,0.9363318085670471,1,0.9596475601196289,1
2026-02-09 22:43:26.626,0.958798348903656,1,0.9635593593120575,1
2026-02-09 22:43:26.733,0.975071132183075,1,0.9686914086341858,1
2026-02-09 22:43:26.840,0.988182008266449,1,0.9735117673873901,1
2026-02-09 22:43:26.946,0.9880937933921814,1,0.9749869704246521,1
2026-02-09 22:43:27.053,0.9890299439430237,1,0.9760973274707794,1
2026-02-09 22:43:27.160,0.9842866063117981,1,0.9789198398590088,1
2026-02-09 22:43:27.266,0.9899525046348572,1,0.9804599106311798,1
2026-02-09 22:43:27.373,0.9727861285209656,1,0.9816518127918243,1
2026-02-09 22:43:27.480,0.9784409999847412,1,0.9817591428756713,1
2026-02-09 22:43:27.586,0.9645569324493408,1,0.9819642722606658,1
2026-02-09 22:43:27.693,0.9741990566253662,1,0.9809959173202515,1
2026-02-09 22:43:27.800,0.9869901537895203,1,0.9798941969871521,1
2026-02-09 22:43:27.906,0.9892553091049194,1,0.9751963436603546,1
2026-02-09 22:43:28.013,0.9901450872421265,1,0.9733930885791778,1
2026-02-09 22:43:28.120,0.9793463945388794,1,0.9724947929382324,1
2026-02-09 22:43:28.226,0.9732694029808044,1,0.974206519126892,1
2026-02-09 22:43:28.333,0.9429739713668823,1,0.9748174905776977,1
2026-02-09 22:43:28.440,0.954753577709198,1,0.9755262672901154,1
2026-02-09 22:43:28.546,0.9694580435752869,1,0.9719969868659973,1
2026-02-09 22:43:28.653,0.9816741943359375,1,0.9640869975090027,1
2026-02-09 22:43:28.760,0.9803087711334229,1,0.9586980104446411,1
2026-02-09 22:43:28.866,0.9940779209136963,1,0.9553888738155365,1
2026-02-09 22:43:28.973,0.953962504863739,1,0.9557005047798157,1
2026-02-09 22:43:29.080,0.9110451936721802,1,0.9540346801280976,1
2026-02-09 22:43:29.186,0.9254565238952637,1,0.9513544559478759,1
2026-02-09 22:43:29.293,0.9401780366897583,1,0.948071151971817,1
2026-02-09 22:43:29.400,0.9460902810096741,1,0.9452981889247895,1
2026-02-09 22:43:29.506,0.9380953311920166,1,0.93971146941185,1
2026-02-09 22:43:29.613,0.9426558017730713,1,0.9383060991764068,1
2026-02-09 22:43:29.720,0.9488411545753479,1,0.9423397660255433,1
2026-02-09 22:43:29.826,0.952579140663147,1,0.9477305829524993,1
2026-02-09 22:43:29.933,0.9382107257843018,1,0.951524531841278,1
2026-02-09 22:43:30.040,0.9399088025093079,1,0.9553129076957703,1
2026-02-09 22:43:30.146,0.9513818621635437,1,0.9565684199333191,1
2026-02-09 22:43:30.253,0.9793646931648254,1,0.957596504688263,1
2026-02-09 22:43:30.360,0.9781175255775452,1,0.9575004816055298,1
2026-02-09 22:43:30.466,0.983974039554596,1,0.9570636928081513,1
2026-02-09 22:43:30.573,0.9506504535675049,1,0.9540324568748474,1
2026-02-09 22:43:30.680,0.9529366493225098,1,0.9531269609928131,1
2026-02-09 22:43:30.786,0.9478809237480164,1,0.9522191345691681,1
2026-02-09 22:43:30.893,0.9482112526893616,1,0.9521178841590882,1
2026-02-09 22:43:31.000,0.9078983664512634,1,0.9517624378204346,1
2026-02-09 22:43:31.106,0.9308538436889648,1,0.9473697662353515,1
2026-02-09 22:43:31.213,0.9423035979270935,1,0.9449702799320221,1
2026-02-09 22:43:31.320,0.9783521890640259,1,0.9440720617771149,1
2026-02-09 22:43:31.426,0.9745630621910095,1,0.9455041706562042,1
2026-02-09 22:43:31.533,0.9400473237037659,1,0.9478445887565613,1
2026-02-09 22:43:31.640,0.9266555905342102,1,0.9560427248477936,1
2026-02-09 22:43:31.746,0.9439544677734375,1,0.9605405032634735,1
2026-02-09 22:43:31.853,0.9622020125389099,1,0.9641255915164948,1
2026-02-09 22:43:31.960,0.9716154336929321,1,0.9631257772445678,1
2026-02-09 22:43:32.066,0.9898797273635864,1,0.9593979299068451,1
2026-02-09 22:43:32.173,0.9758316278457642,1,0.9570783078670502,1
2026-02-09 22:43:32.280,0.9781544804573059,1,0.956443452835083,1
2026-02-09 22:43:32.386,0.9683540463447571,1,0.9550007939338684,1
2026-02-09 22:43:32.493,0.9372845888137817,1,0.949232542514801,1
2026-02-09 22:43:32.600,0.9168511033058167,1,0.9461973369121551,1
2026-02-09 22:43:32.706,0.9203070402145386,1,0.9408216059207917,1
2026-02-09 22:43:32.813,0.9295278787612915,1,0.9343435287475585,1
2026-02-09 22:43:32.920,0.9045194983482361,1,0.9288339138031005,1
2026-02-09 22:43:33.026,0.9412633776664734,1,0.9285577595233917,1
2026-02-09 22:43:33.133,0.9361224174499512,1,0.9322612226009369,1
2026-02-09 22:43:33.240,0.9110508561134338,1,0.9392865240573883,1
2026-02-09 22:43:33.346,0.9230583310127258,1,0.9450218141078949,1
2026-02-09 22:43:33.453,0.9655925035476685,1,0.948967695236206,1
2026-02-09 22:43:33.560,0.9743192195892334,1,0.9536138415336609,1
2026-02-09 22:43:33.666,0.9871041178703308,1,0.9546170473098755,1
2026-02-09 22:43:33.773,0.9776599407196045,1,0.9542450428009033,1
2026-02-09 22:43:33.880,0.9689866900444031,1,0.9562128841876983,1
2026-02-09 22:43:33.986,0.9509809613227844,1,0.9563654065132141,1
2026-02-09 22:43:34.093,0.9512954354286194,1,0.9530413806438446,1
2026-02-09 22:43:34.200,0.9324023723602295,1,0.9411580562591553,1
2026-02-09 22:43:34.306,0.9307292699813843,1,0.9117412269115448,1
2026-02-09 22:43:34.413,0.9245835542678833,1,0.8822878301143646,1
2026-02-09 22:43:34.520,0.9323522448539734,1,0.8552010118961334,1
2026-02-09 22:43:34.626,0.8554859757423401,1,0.8571149706840515,1
2026-02-09 22:43:34.733,0.6929358243942261,1,0.8610842108726502,1
2026-02-09 22:43:34.840,0.6831259727478027,1,0.8675508797168732,1
2026-02-09 22:43:34.946,0.6981185078620911,1,0.874034196138382,1
2026-02-09 22:43:35.053,0.9701205492019653,1,0.8808643817901611,1
2026-02-09 22:43:35.160,0.9909878373146057,1,0.8863858640193939,1
2026-02-09 22:43:35.266,0.9970690608024597,1,0.8948989272117615,1
2026-02-09 22:43:35.373,0.9955624341964722,1,0.8965601921081543,1
2026-02-09 22:43:35.480,0.992885410785675,1,0.8986164152622222,1
2026-02-09 22:43:35.586,0.9875670671463013,1,0.9173687994480133,1
2026-02-09 22:43:35.693,0.9406166076660156,1,0.9160212934017181,1
2026-02-09 22:43:35.800,0.7095484733581543,1,0.9127188324928284,1
2026-02-09 22:43:35.906,0.7036882042884827,1,0.9097263872623443,1
2026-02-09 22:43:36.013,0.8856423497200012,1,0.9070521175861359,1
2026-02-09 22:43:36.120,0.9566454887390137,1,0.9026324570178985,1
2026-02-09 22:43:36.226,0.957963228225708,1,0.9014722466468811,1
2026-02-09 22:43:36.333,0.9671446084976196,1,0.9068015456199646,1
2026-02-09 22:43:36.440,0.9688197374343872,1,0.935606986284256,1
2026-02-09 22:43:36.546,0.948688805103302,1,0.9650113165378571,1
2026-02-09 22:43:36.653,0.9759649634361267,1,0.9762073576450347,1
2026-02-09 22:43:36.760,0.9939095973968506,1,0.9793674111366272,1
2026-02-09 22:43:36.866,0.9976028800010681,1,0.9809344828128814,1
2026-02-09 22:43:36.973,0.9977315068244934,1,0.983099889755249,1
2026-02-09 22:43:37.080,0.9976027607917786,1,0.9860402047634125,1
2026-02-09 22:43:37.186,0.9882460236549377,1,0.9910532176494599,1
2026-02-09 22:43:37.293,0.9736339449882507,1,0.9931573331356048,1
2026-02-09 22:43:37.400,0.9887986779212952,1,0.9931326568126678,1
2026-02-09 22:43:37.506,0.9982228875160217,1,0.9932337880134583,1
2026-02-09 22:43:37.613,0.9988189339637756,1,0.9933939099311828,1
2026-02-09 22:43:37.720,0.9970061182975769,1,0.9933142483234405,1
2026-02-09 22:43:37.826,0.9936628341674805,1,0.9846562564373016,1
2026-02-09 22:43:37.933,0.9986141920089722,1,0.9596809446811676,1
2026-02-09 22:43:38.040,0.9993327260017395,1,0.8990924626588821,1
2026-02-09 22:43:38.146,0.9968061447143555,1,0.8267158418893814,1
2026-02-09 22:43:38.253,0.9016661047935486,1,0.7512278780341148,1
2026-02-09 22:43:38.360,0.7238808274269104,1,0.6718170091509819,1
2026-02-09 22:43:38.466,0.38291385769844055,0,0.6121972277760506,1
2026-02-09 22:43:38.573,0.2744566798210144,0,0.554764623939991,1
2026-02-09 22:43:38.680,0.24393929541110992,0,0.5111133232712746,1
2026-02-09 22:43:38.786,0.20289742946624756,0,0.4908069744706154,0
2026-02-09 22:43:38.893,0.3974650204181671,0,0.4909240260720253,0
2026-02-09 22:43:39.000,0.42428815364837646,0,0.500807024538517,1
2026-02-09 22:43:39.106,0.5628197193145752,1,0.5115508750081063,1
2026-02-09 22:43:39.213,0.7937426567077637,1,0.5271826431155204,1
2026-02-09 22:43:39.320,0.9028366208076477,1,0.5386284351348877,1
2026-02-09 22:43:39.426,0.8227108120918274,1,0.5650618076324463,1
2026-02-09 22:43:39.533,0.4903523623943329,0,0.6038632065057754,1
2026-02-09 22:43:39.640,0.43077436089515686,0,0.6336131125688553,1
2026-02-09 22:43:39.746,0.3583972156047821,0,0.6508228093385696,1
2026-02-09 22:43:39.853,0.4672311544418335,0,0.6437813490629196,1
2026-02-09 22:43:39.960,0.7854790091514587,1,0.6260092049837113,1
2026-02-09 22:43:40.066,0.7217872142791748,1,0.5999967187643052,1
2026-02-09 22:43:40.173,0.7349166870117188,1,0.5842931538820266,1
2026-02-09 22:43:40.280,0.7233280539512634,1,0.5461326751857996,1
2026-02-09 22:43:40.386,0.725115180015564,1,0.512494808062911,1
2026-02-09 22:43:40.493,0.5625859498977661,1,0.4664642912801355,0
2026-02-09 22:43:40.600,0.33331671357154846,0,0.3884904635604471,0
2026-02-09 22:43:40.706,0.049169573932886124,0,0.3169187297578901,0
2026-02-09 22:43:40.813,0.022018544375896454,0,0.24509611274115742,0
2026-02-09 22:43:40.920,0.006925986614078283,0,0.17437309860251843,0
2026-02-09 22:43:41.026,0.005740731954574585,0,0.104038438340649,0
2026-02-09 22:43:41.133,0.006069876253604889,0,0.05206576152704656,0
2026-02-09 22:43:41.240,0.016690516844391823,0,0.023526747664436697,0
2026-02-09 22:43:41.346,0.016097912564873695,0,0.019922523805871607,0
2026-02-09 22:43:41.453,0.02176857739686966,0,0.019797456124797462,0
2026-02-09 22:43:41.560,0.04285918176174164,0,0.02000229703262448,0
2026-02-09 22:43:41.666,0.04792657494544983,0,0.019770713546313344,0
2026-02-09 22:43:41.773,0.013127335347235203,0,0.019315853156149386,0
2026-02-09 22:43:41.880,0.02076786756515503,0,0.01778557541547343,0
2026-02-09 22:43:41.986,0.00897439569234848,0,0.016285583598073573,0
2026-02-09 22:43:42.093,0.003424897091463208,0,0.014211648376658559,0
2026-02-09 22:43:42.200,0.0015212723519653082,0,0.010113207099493593,0
2026-02-09 22:43:42.306,0.0013877394376322627,0,0.0065196616924367845,0
2026-02-09 22:43:42.413,0.001097994390875101,0,0.008633909130003304,0
2026-02-09 22:43:42.520,0.0010292251827195287,0,0.009965688118245452,0
2026-02-09 22:43:42.626,0.0018747689900919795,0,0.011343907692935317,0
2026-02-09 22:43:42.733,0.011991120874881744,0,0.013070676301140338,0
2026-02-09 22:43:42.840,0.03426980972290039,0,0.013293363281991332,0
2026-02-09 22:43:42.946,0.03408565744757652,0,0.013436837564222514,0
2026-02-09 22:43:43.053,0.02275659143924713,0,0.013513292849529535,0
2026-02-09 22:43:43.160,0.020692583173513412,0,0.013513101486023516,0
2026-02-09 22:43:43.266,0.003748142160475254,0,0.01336321783310268,0
2026-02-09 22:43:43.373,0.0028224822599440813,0,0.012188602605601773,0
2026-02-09 22:43:43.480,0.0018625472439453006,0,0.008785415314196143,0
2026-02-09 22:43:43.586,0.0010273115476593375,0,0.005399563668470364,0
2026-02-09 22:43:43.693,0.0003759324608836323,0,0.0031371855482575485,0
2026-02-09 22:43:43.800,0.0002449685998726636,0,0.0010824941971804946,0
2026-02-09 22:43:43.906,0.00023793680884409696,0,0.0007127704349841224,0
2026-02-09 22:43:44.013,0.00022714099031873047,0,0.0004360611466836417,0
2026-02-09 22:43:44.120,0.00013281023711897433,0,0.00025537104265822564,0
2026-02-09 22:43:44.226,0.00014566966274287552,0,0.0001600001869519474,0
2026-02-09 22:43:44.333,5.090453851153143e-05,0,0.00013480297093337867,0
2026-02-09 22:43:44.440,5.538937693927437e-05,0,0.00011479071727080737,0
2026-02-09 22:43:44.546,5.564620369113982e-05,0,9.365877267555333e-05,0
2026-02-09 22:43:44.653,7.360299059655517e-05,0,7.250192975334357e-05,0
2026-02-09 22:43:44.760,0.00012396030069794506,0,6.026539622325799e-05,0
2026-02-09 22:43:44.866,4.484606324695051e-05,0,4.7478836950176626e-05,0
2026-02-09 22:43:44.973,2.6617362891556695e-05,0,4.755158997795661e-05,0
2026-02-09 22:43:45.080,1.5572561096632853e-05,0,5.3160662810114444e-05,0
2026-02-09 22:43:45.186,1.0444901818118524e-05,0,8.137060112858307e-05,0
2026-02-09 22:43:45.293,1.7804070012061857e-05,0,0.00014857947289783623,0
2026-02-09 22:43:45.400,5.163206878933124e-05,0,0.0002365708777688269,0
2026-02-09 22:43:45.506,0.00011148010526085272,0,0.0007362231020124454,0
2026-02-09 22:43:45.613,0.0003377455868758261,0,0.0023782356817719117,0
2026-02-09 22:43:45.720,0.0007456917082890868,0,0.00486171434431526,0
2026-02-09 22:43:45.826,0.0010038743494078517,0,0.009859691667406878,0
2026-02-09 22:43:45.933,0.005041368305683136,0,0.025898546369353424,0
2026-02-09 22:43:46.040,0.01644674316048622,0,0.045520417826628544,0
2026-02-09 22:43:46.146,0.024850359186530113,0,0.07652790246647782,0
2026-02-09 22:43:46.253,0.0499902181327343,0,0.097613749303855,0
2026-02-09 22:43:46.360,0.16040635108947754,0,0.11911294570891187,0
2026-02-09 22:43:46.466,0.19627034664154053,0,0.15400942843407392,0
2026-02-09 22:43:46.573,0.31018632650375366,0,0.21623710002750157,0
2026-02-09 22:43:46.680,0.21119621396064758,0,0.29896654952317475,0
2026-02-09 22:43:46.786,0.21573765575885773,0,0.3855697806924582,0
2026-02-09 22:43:46.893,0.34996870160102844,0,0.4744278207421303,0
2026-02-09 22:43:47.000,0.6273180842399597,1,0.554672671854496,1
2026-02-09 22:43:47.106,0.843741238117218,1,0.6281622782349586,1
2026-02-09 22:43:47.213,0.890882670879364,1,0.6869837716221809,1
2026-02-09 22:43:47.320,0.9385706186294556,1,0.7596496984362602,1
2026-02-09 22:43:47.426,0.9628548622131348,1,0.8360278695821762,1
2026-02-09 22:43:47.533,0.931166410446167,1,0.8959919452667237,1
2026-02-09 22:43:47.640,0.8984012603759766,1,0.9215994000434875,1
2026-02-09 22:43:47.746,0.9378554821014404,1,0.903800767660141,1
2026-02-09 22:43:47.853,0.9795193672180176,1,0.8674917221069336,1
2026-02-09 22:43:47.960,0.9496094584465027,1,0.8276485502719879,1
2026-02-09 22:43:48.066,0.8833926320075989,1,0.7829283654689789,1
2026-02-09 22:43:48.173,0.6657549142837524,1,0.7397194981575013,1
2026-02-09 22:43:48.280,0.52779221534729,1,0.6771340936422348,1
2026-02-09 22:43:48.386,0.5401389002799988,1,0.6338902324438095,1
2026-02-09 22:43:48.493,0.5156530141830444,1,0.5948158413171768,1
2026-02-09 22:43:48.600,0.4990777373313904,0,0.5655324429273605,1
2026-02-09 22:43:48.706,0.2725472152233124,0,0.5550796777009964,1
2026-02-09 22:43:48.813,0.5054168701171875,1,0.579130408167839,1
2026-02-09 22:43:48.920,0.5887754559516907,1,0.6194435209035873,1
2026-02-09 22:43:49.026,0.6567754745483398,1,0.6638564318418503,1
2026-02-09 22:43:49.133,0.7788649797439575,1,0.706375440955162,1
2026-02-09 22:43:49.240,0.906262218952179,1,0.7509309619665145,1
2026-02-09 22:43:49.346,0.930923342704773,1,0.8108800232410431,1
2026-02-09 22:43:49.453,0.9842680096626282,1,0.8392130136489868,1
2026-02-09 22:43:49.560,0.9408431053161621,1,0.8474082291126251,1
2026-02-09 22:43:49.666,0.9446329474449158,1,0.8332026064395904,1
2026-02-09 22:43:49.773,0.8720378279685974,1,0.793297079205513,1
2026-02-09 22:43:49.880,0.7887467741966248,1,0.7533888906240463,1
2026-02-09 22:43:49.986,0.6707276105880737,1,0.7254624217748642,1
2026-02-09 22:43:50.093,0.5147192478179932,1,0.6934302359819412,1
2026-02-09 22:43:50.200,0.379809707403183,0,0.66927510201931,1
2026-02-09 22:43:50.306,0.5071803331375122,1,0.6562992244958877,1
2026-02-09 22:43:50.413,0.6516586542129517,1,0.6624971777200699,1
2026-02-09 22:43:50.520,0.6639461517333984,1,0.6779918521642685,1
2026-02-09 22:43:50.626,0.6992917656898499,1,0.7079538911581039,1
2026-02-09 22:43:50.733,0.8148741722106934,1,0.749875184893608,1
2026-02-09 22:43:50.840,0.9340173602104187,1,0.808606231212616,1
2026-02-09 22:43:50.946,0.9436935186386108,1,0.851632809638977,1
2026-02-09 22:43:51.053,0.9703480005264282,1,0.8719821393489837,1
2026-02-09 22:43:51.160,0.9339321851730347,1,0.8854213118553161,1
2026-02-09 22:43:51.266,0.9671201705932617,1,0.884819096326828,1
2026-02-09 22:43:51.373,0.937446117401123,1,0.8643917381763458,1
2026-02-09 22:43:51.480,0.8551519513130188,1,0.8422884047031403,1
2026-02-09 22:43:51.586,0.7983378767967224,1,0.8205037295818329,1
2026-02-09 22:43:51.693,0.6932696104049683,1,0.7904409825801849,1
2026-02-09 22:43:51.800,0.6106005907058716,1,0.7703668594360351,1
2026-02-09 22:43:51.906,0.712984025478363,1,0.7474353671073913,1
2026-02-09 22:43:52.013,0.7258467674255371,1,0.7298335254192352,1
2026-02-09 22:43:52.120,0.6697205305099487,1,0.7154352724552154,1
2026-02-09 22:43:52.226,0.7331909537315369,1,0.7267332315444947,1
2026-02-09 22:43:52.333,0.7378052473068237,1,0.7336023330688477,1
2026-02-09 22:43:52.440,0.7614277005195618,1,0.7522536396980286,1
2026-02-09 22:43:52.546,0.711169421672821,1,0.7611725389957428,1
2026-02-09 22:43:52.653,0.9113174676895142,1,0.7639519155025483,1
2026-02-09 22:43:52.760,0.7619606256484985,1,0.7718416929244996,1
2026-02-09 22:43:52.866,0.7971136569976807,1,0.7848142445087433,1
2026-02-09 22:43:52.973,0.8021730184555054,1,0.8020866096019745,1
2026-02-09 22:43:53.080,0.7536405324935913,1,0.8194001674652099,1
2026-02-09 22:43:53.186,0.7486183047294617,1,0.8430135071277618,1
2026-02-09 22:43:53.293,0.8629164695739746,1,0.8458439946174622,1
2026-02-09 22:43:53.400,0.9105288982391357,1,0.8662367999553681,1
2026-02-09 22:43:53.506,0.9345632791519165,1,0.8850566983222962,1
2026-02-09 22:43:53.613,0.9473028182983398,1,0.9034224689006806,1
2026-02-09 22:43:53.720,0.9396223425865173,1,0.9266754925251007,1
2026-02-09 22:43:53.826,0.9658886790275574,1,0.9512904524803162,1
2026-02-09 22:43:53.933,0.9853126406669617,1,0.9638951659202576,1
2026-02-09 22:43:54.040,0.9858307242393494,1,0.9708359122276307,1
2026-02-09 22:43:54.146,0.986170768737793,1,0.9725019991397857,1
2026-02-09 22:43:54.253,0.9947679042816162,1,0.9735571205615997,1
2026-02-09 22:43:54.360,0.9889636039733887,1,0.9752160549163819,1
2026-02-09 22:43:54.466,0.9799363613128662,1,0.9751726686954498,1
2026-02-09 22:43:54.573,0.951224148273468,1,0.9717653512954711,1
2026-02-09 22:43:54.680,0.9578540325164795,1,0.9683126986026764,1
2026-02-09 22:43:54.786,0.9562116861343384,1,0.9586819052696228,1
2026-02-09 22:43:54.893,0.9654548168182373,1,0.9359951734542846,1
2026-02-09 22:43:55.000,0.9512394666671753,1,0.912193900346756,1
2026-02-09 22:43:55.106,0.9513041973114014,1,0.8943442225456237,1
2026-02-09 22:43:55.213,0.8898628354072571,1,0.8715085029602051,1
2026-02-09 22:43:55.320,0.7679005861282349,1,0.830437159538269,1
2026-02-09 22:43:55.426,0.7509508728981018,1,0.8000651001930237,1
2026-02-09 22:43:55.533,0.8014395833015442,1,0.7696018934249877,1
2026-02-09 22:43:55.640,0.722866952419281,1,0.7284306883811951,1
2026-02-09 22:43:55.746,0.5471405982971191,1,0.6873519897460938,1
2026-02-09 22:43:55.853,0.6524910926818848,1,0.6479234755039215,1
2026-02-09 22:43:55.960,0.6608227491378784,1,0.6274727344512939,1
2026-02-09 22:43:56.066,0.539527416229248,1,0.601448330283165,1
2026-02-09 22:43:56.173,0.5405172109603882,1,0.5718476504087449,1
2026-02-09 22:43:56.280,0.49557769298553467,0,0.5545617192983627,1
2026-02-09 22:43:56.386,0.5633931756019592,1,0.5588674277067185,1
2026-02-09 22:43:56.493,0.49070683121681213,0,0.5361030369997024,1
2026-02-09 22:43:56.600,0.5054327845573425,1,0.5081732273101807,1
2026-02-09 22:43:56.706,0.5500076413154602,1,0.5179823338985443,1
2026-02-09 22:43:56.813,0.5901976823806763,1,0.5216488122940064,1
2026-02-09 22:43:56.920,0.42484718561172485,0,0.5593212842941284,1
2026-02-09 22:43:57.026,0.3815246522426605,0,0.600071132183075,1
2026-02-09 22:43:57.133,0.6376184821128845,1,0.6479978531599044,1
2026-02-09 22:43:57.240,0.5771819949150085,1,0.6949542969465256,1
2026-02-09 22:43:57.346,0.8723024129867554,1,0.7383514314889907,1
2026-02-09 22:43:57.453,0.9708916544914246,1,0.7778579622507096,1
2026-02-09 22:43:57.560,0.9699740409851074,1,0.8336161822080612,1
2026-02-09 22:43:57.666,0.9749972224235535,1,0.8939919948577881,1
2026-02-09 22:43:57.773,0.9839789867401123,1,0.9285009503364563,1
2026-02-09 22:43:57.880,0.9852629899978638,1,0.968239814043045,1
2026-02-09 22:43:57.986,0.9824293851852417,1,0.9792706131935119,1
2026-02-09 22:43:58.093,0.9852827787399292,1,0.9789497375488281,1
2026-02-09 22:43:58.200,0.9827080368995667,1,0.9804193258285523,1
2026-02-09 22:43:58.306,0.974570631980896,1,0.9812422275543213,1
2026-02-09 22:43:58.413,0.9826104044914246,1,0.9810602843761445,1
2026-02-09 22:43:58.520,0.9676828980445862,1,0.980487984418869,1
2026-02-09 22:43:58.626,0.9846699237823486,1,0.9779484570026398,1
2026-02-09 22:43:58.733,0.9832262396812439,1,0.9766340017318725,1
2026-02-09 22:43:58.840,0.9821595549583435,1,0.9718063950538636,1
2026-02-09 22:43:58.946,0.9795399904251099,1,0.969897449016571,1
2026-02-09 22:43:59.053,0.9570341110229492,1,0.9552997410297394,1
2026-02-09 22:43:59.160,0.9721382260322571,1,0.9333225011825561,1
2026-02-09 22:43:59.266,0.9344319701194763,1,0.9119119584560395,1
2026-02-09 22:43:59.373,0.9554811716079712,1,0.8772852122783661,1
2026-02-09 22:43:59.480,0.8366333246231079,1,0.833209365606308,1
2026-02-09 22:43:59.586,0.7479104995727539,1,0.7657154500484467,1
2026-02-09 22:43:59.693,0.7705644965171814,1,0.6886552974581719,1
2026-02-09 22:43:59.800,0.6369587779045105,1,0.5990020759403706,1
2026-02-09 22:43:59.906,0.5414010882377625,1,0.5079069815576076,1
2026-02-09 22:44:00.013,0.3046008348464966,0,0.4134874009527266,0
2026-02-09 22:44:00.120,0.1864325851202011,0,0.3388569281436503,0
2026-02-09 22:44:00.226,0.07560601085424423,0,0.26807252066209913,0
2026-02-09 22:44:00.333,0.02348102629184723,0,0.19244439462199808,0
2026-02-09 22:44:00.440,0.01128536555916071,0,0.12964293798431753,0
2026-02-09 22:44:00.546,0.09032859653234482,0,0.07574977788608521,0
2026-02-09 22:44:00.653,0.0400664247572422,0,0.04544199457159266,0
2026-02-09 22:44:00.760,0.014283236116170883,0,0.026834637927822768,0
2026-02-09 22:44:00.866,0.008944211527705193,0,0.019306248662178404,0
2026-02-09 22:44:00.973,0.0024694872554391623,0,0.017019638276542536,0
2026-02-09 22:44:01.080,0.0015230017015710473,0,0.01594024803780485,0
2026-02-09 22:44:01.186,0.00035901868250221014,0,0.006967213281313889,0
2026-02-09 22:44:01.293,0.0003221181978005916,0,0.002983271308767144,0
2026-02-09 22:44:01.400,0.0006149224354885519,0,0.0015805719522177242,0
2026-02-09 22:44:01.506,0.0004914631717838347,0,0.0007427062300848775,0
2026-02-09 22:44:01.613,0.0005982489674352109,0,0.0006646190464380197,0
2026-02-09 22:44:01.720,0.00022700503177475184,0,0.0008159076605807059,0
2026-02-09 22:44:01.826,0.00025624255067668855,0,0.0011491201046737842,0
2026-02-09 22:44:01.933,0.0005655543063767254,0,0.0013985057259560563,0
2026-02-09 22:44:02.040,0.0016886154189705849,0,0.001632088674523402,0
2026-02-09 22:44:02.146,0.0030358878429979086,0,0.0019287934424937702,0
2026-02-09 22:44:02.253,0.003691143123432994,0,0.0023497550704632887,0
2026-02-09 22:44:02.360,0.002815974410623312,0,0.0024362914176890627,0
2026-02-09 22:44:02.466,0.0029507519211620092,0,0.002602297015255317,0
2026-02-09 22:44:02.573,0.0034585108514875174,0,0.003025890199933201,0
2026-02-09 22:44:02.680,0.004807865247130394,0,0.005989281053189188,0
2026-02-09 22:44:02.786,0.0010923685040324926,0,0.014134978491347283,0
2026-02-09 22:44:02.893,0.001916298526339233,0,0.029691766307223588,0
2026-02-09 22:44:03.000,0.004801486153155565,0,0.05723133120918646,0
2026-02-09 22:44:03.106,0.03132252395153046,0,0.0974047729629092,0
2026-02-09 22:44:03.213,0.08449286222457886,0,0.13670429569901899,0
2026-02-09 22:44:03.320,0.15925902128219604,0,0.18869766817661002,0
2026-02-09 22:44:03.426,0.2782116234302521,0,0.21385407730704173,0
2026-02-09 22:44:03.533,0.4046851694583893,0,0.24214686644263567,0
2026-02-09 22:44:03.640,0.39645373821258545,0,0.2641732692718506,0
2026-02-09 22:44:03.746,0.5247415900230408,1,0.33030471950769424,0
2026-02-09 22:44:03.853,0.2526564598083496,0,0.39311798959970473,0
2026-02-09 22:44:03.960,0.28484418988227844,0,0.4535402670502663,0
2026-02-09 22:44:04.066,0.22506551444530487,0,0.4705155357718468,0
2026-02-09 22:44:04.173,0.692637026309967,1,0.46108715385198595,0
2026-02-09 22:44:04.280,0.7126255631446838,1,0.4576179936528206,0
2026-02-09 22:44:04.386,0.7634817957878113,1,0.43606440871953966,0
2026-02-09 22:44:04.493,0.44796431064605713,0,0.4469496265053749,0
2026-02-09 22:44:04.600,0.3104013502597809,0,0.4570522353053093,0
2026-02-09 22:44:04.706,0.361762136220932,0,0.4957147240638733,0
2026-02-09 22:44:04.813,0.3092057406902313,0,0.49182199835777285,0
2026-02-09 22:44:04.920,0.36150863766670227,0,0.4974647343158722,0
2026-02-09 22:44:05.026,0.3858702778816223,0,0.47694182991981504,0
2026-02-09 22:44:05.133,0.6116904020309448,1,0.4859772503376007,0
2026-02-09 22:44:05.240,0.6537097692489624,1,0.5008066952228546,1
2026-02-09 22:44:05.346,0.7690529227256775,1,0.4846618488430977,0
2026-02-09 22:44:05.453,0.55825275182724,1,0.46986249536275865,0
2026-02-09 22:44:05.560,0.5383185148239136,1,0.46243400126695633,0
2026-02-09 22:44:05.666,0.45869579911231995,0,0.45234353095293045,0
2026-02-09 22:44:05.773,0.20031367242336273,0,0.4518119528889656,0
2026-02-09 22:44:05.880,0.16121220588684082,0,0.4656572714447975,0
2026-02-09 22:44:05.986,0.2872236967086792,0,0.4775537922978401,0
2026-02-09 22:44:06.093,0.2849655747413635,0,0.5112955644726753,1
2026-02-09 22:44:06.200,0.6063746213912964,1,0.554503645002842,1
2026-02-09 22:44:06.306,0.7921629548072815,1,0.5984854385256767,1
2026-02-09 22:44:06.413,0.8880181312561035,1,0.6738323926925659,1
2026-02-09 22:44:06.520,0.895670473575592,1,0.7567962229251861,1
2026-02-09 22:44:06.626,0.9703993201255798,1,0.8261451780796051,1
2026-02-09 22:44:06.733,0.8985137343406677,1,0.8957976281642914,1
2026-02-09 22:44:06.840,0.9537832140922546,1,0.933793693780899,1
2026-02-09 22:44:06.946,0.9908505082130432,1,0.9529208302497864,1
2026-02-09 22:44:07.053,0.9807132482528687,1,0.9624042809009552,1
2026-02-09 22:44:07.160,0.9814900755882263,1,0.9717446506023407,1
2026-02-09 22:44:07.266,0.986335277557373,1,0.9734705090522766,1
2026-02-09 22:44:07.373,0.9834343194961548,1,0.9809572696685791,1
2026-02-09 22:44:07.480,0.9828526377677917,1,0.9836386561393737,1
2026-02-09 22:44:07.586,0.989074170589447,1,0.9828581869602203,1
2026-02-09 22:44:07.693,0.987657904624939,1,0.983732545375824,1
2026-02-09 22:44:07.800,0.9733813405036926,1,0.9845002949237823,1
2026-02-09 22:44:07.906,0.9805970788002014,1,0.9847182154655456,1
2026-02-09 22:44:08.013,0.9830458164215088,1,0.9851830005645752,1
2026-02-09 22:44:08.120,0.989456832408905,1,0.9863037168979645,1
2026-02-09 22:44:08.226,0.9891675710678101,1,0.9864216268062591,1
2026-02-09 22:44:08.333,0.9885144829750061,1,0.9868013322353363,1
2026-02-09 22:44:08.440,0.9880821704864502,1,0.9881167471408844,1
2026-02-09 22:44:08.546,0.9940598011016846,1,0.9887292385101318,1
2026-02-09 22:44:08.653,0.9902532696723938,1,0.9883557975292205,1
2026-02-09 22:44:08.760,0.9914549589157104,1,0.9866084516048431,1
2026-02-09 22:44:08.866,0.9865354895591736,1,0.984767884016037,1
2026-02-09 22:44:08.973,0.9867219924926758,1,0.9808950603008271,1
2026-02-09 22:44:09.080,0.9793114066123962,1,0.9778782308101654,1
2026-02-09 22:44:09.186,0.9719833731651306,1,0.9708832442760468,1
2026-02-09 22:44:09.293,0.9707618951797485,1,0.9648694634437561,1
2026-02-09 22:44:09.400,0.9497862458229065,1,0.9615506231784821,1
2026-02-09 22:44:09.506,0.957913875579834,1,0.9587460994720459,1
2026-02-09 22:44:09.613,0.924109935760498,1,0.9577931225299835,1
2026-02-09 22:44:09.720,0.9301154613494873,1,0.9586483895778656,1
2026-02-09 22:44:09.826,0.95826655626297,1,0.9597211420536041,1
2026-02-09 22:44:09.933,0.958490252494812,1,0.9604678392410279,1
2026-02-09 22:44:10.040,0.977192223072052,1,0.9632218062877655,1
2026-02-09 22:44:10.146,0.987864077091217,1,0.9632425427436828,1
2026-02-09 22:44:10.253,0.9827108979225159,1,0.9632248818874359,1
2026-02-09 22:44:10.360,0.9782288670539856,1,0.956192922592163,1
2026-02-09 22:44:10.466,0.9773259162902832,1,0.9490318953990936,1
2026-02-09 22:44:10.573,0.9581212401390076,1,0.9425315022468567,1
2026-02-09 22:44:10.680,0.9239333271980286,1,0.9380804479122162,1
2026-02-09 22:44:10.786,0.859795868396759,1,0.9339123547077179,1
2026-02-09 22:44:10.893,0.8866562843322754,1,0.932937103509903,1
2026-02-09 22:44:11.000,0.8934863209724426,1,0.9339084327220917,1
2026-02-09 22:44:11.106,0.932681679725647,1,0.9351315498352051,1
2026-02-09 22:44:11.213,0.9461831450462341,1,0.9386709868907929,1
2026-02-09 22:44:11.320,0.9729583859443665,1,0.9454743146896363,1
2026-02-09 22:44:11.426,0.9879421591758728,1,0.9585375130176544,1
2026-02-09 22:44:11.533,0.9895570874214172,1,0.9691084384918213,1
2026-02-09 22:44:11.640,0.9935156106948853,1,0.9790902495384216,1
2026-02-09 22:44:11.746,0.9919666051864624,1,0.9850194096565247,1
2026-02-09 22:44:11.853,0.9904278516769409,1,0.990022212266922,1
2026-02-09 22:44:11.960,0.9923655390739441,1,0.9924752235412597,1
2026-02-09 22:44:12.066,0.993304431438446,1,0.9934528052806855,1
2026-02-09 22:44:12.173,0.9919732809066772,1,0.9942415952682495,1
2026-02-09 22:44:12.280,0.9962111711502075,1,0.9947055757045746,1
2026-02-09 22:44:12.386,0.9974884986877441,1,0.995406550168991,1
2026-02-09 22:44:12.493,0.9977179765701294,1,0.9962548434734344,1
2026-02-09 22:44:12.600,0.9974449872970581,1,0.9968682885169983,1
2026-02-09 22:44:12.706,0.998155415058136,1,0.9972450435161591,1
2026-02-09 22:44:12.813,0.9989763498306274,1,0.9977541089057922,1
2026-02-09 22:44:12.920,0.9989107847213745,1,0.9973592638969422,1
2026-02-09 22:44:13.026,0.9984999895095825,1,0.9964990139007568,1
2026-02-09 22:44:13.133,0.9970719814300537,1,0.9937488317489624,1
2026-02-09 22:44:13.240,0.997063934803009,1,0.9895407676696777,1
2026-02-09 22:44:13.346,0.9922627210617065,1,0.9853509604930878,1
2026-02-09 22:44:13.453,0.9888859987258911,1,0.9820988118648529,1
2026-02-09 22:44:13.560,0.9702161550521851,1,0.9715250074863434,1
2026-02-09 22:44:13.666,0.9553643465042114,1,0.9640533864498139,1
2026-02-09 22:44:13.773,0.9562573432922363,1,0.9587890088558197,1
2026-02-09 22:44:13.880,0.9664548635482788,1,0.9505123615264892,1
2026-02-09 22:44:13.986,0.8931727409362793,1,0.9387403190135956,1
2026-02-09 22:44:14.093,0.9237837791442871,1,0.9287192404270173,1
2026-02-09 22:44:14.200,0.9444282054901123,1,0.9232056260108947,1
2026-02-09 22:44:14.306,0.9142974615097046,1,0.9163245737552643,1
2026-02-09 22:44:14.413,0.8745422959327698,1,0.9157199501991272,1
2026-02-09 22:44:14.520,0.8886752128601074,1,0.9127430975437164,1
2026-02-09 22:44:14.626,0.9150800108909607,1,0.9164086163043976,1
2026-02-09 22:44:14.733,0.8865538239479065,1,0.9097299635410309,1
2026-02-09 22:44:14.840,0.9502111077308655,1,0.9052236258983613,1
2026-02-09 22:44:14.946,0.9366863369941711,1,0.9010432183742523,1
2026-02-09 22:44:15.053,0.9298279285430908,1,0.9021525740623474,1
2026-02-09 22:44:15.160,0.8569972515106201,1,0.9036024630069732,1
2026-02-09 22:44:15.266,0.8993648290634155,1,0.9033137917518616,1
2026-02-09 22:44:15.373,0.8724933862686157,1,0.9087683379650116,1
2026-02-09 22:44:15.480,0.8856358528137207,1,0.9084008872509003,1
2026-02-09 22:44:15.586,0.903174102306366,1,0.9107172548770904,1
2026-02-09 22:44:15.693,0.9121932983398438,1,0.916365510225296,1
2026-02-09 22:44:15.800,0.9410992860794067,1,0.9298736333847046,1
2026-02-09 22:44:15.906,0.9465366005897522,1,0.9393787622451782,1
2026-02-09 22:44:16.013,0.959850013256073,1,0.9518261611461639,1
2026-02-09 22:44:16.120,0.9863104820251465,1,0.9624809503555298,1
2026-02-09 22:44:16.226,0.9920784831047058,1,0.9708954095840454,1
2026-02-09 22:44:16.333,0.9944161176681519,1,0.9776650249958039,1
2026-02-09 22:44:16.440,0.9969673752784729,1,0.9794787704944611,1
2026-02-09 22:44:16.546,0.9921837449073792,1,0.9815078556537629,1
2026-02-09 22:44:16.653,0.9873186945915222,1,0.9843274056911469,1
2026-02-09 22:44:16.760,0.979889452457428,1,0.9850081264972687,1
2026-02-09 22:44:16.866,0.959236741065979,1,0.984841650724411,1
2026-02-09 22:44:16.973,0.9668274521827698,1,0.9843216478824616,1
2026-02-09 22:44:17.080,0.9880455136299133,1,0.98369060754776,1
2026-02-09 22:44:17.186,0.9931176900863647,1,0.9833459794521332,1
2026-02-09 22:44:17.293,0.9904137253761292,1,0.9836721956729889,1
2026-02-09 22:44:17.400,0.9892160892486572,1,0.984492689371109,1
2026-02-09 22:44:17.506,0.9906569719314575,1,0.9872061252593994,1
2026-02-09 22:44:17.613,0.9887374639511108,1,0.9887285828590393,1
2026-02-09 22:44:17.720,0.9905808568000793,1,0.9835772216320038,1
2026-02-09 22:44:17.826,0.9880943894386292,1,0.9783891618251801,1
2026-02-09 22:44:17.933,0.9863710999488831,1,0.9709492504596711,1
2026-02-09 22:44:18.040,0.9820520281791687,1,0.9546088218688965,1
2026-02-09 22:44:18.146,0.9365319013595581,1,0.921019446849823,1
2026-02-09 22:44:18.253,0.9412370920181274,1,0.8935023546218872,1
2026-02-09 22:44:18.360,0.9160146117210388,1,0.8615070343017578,1
2026-02-09 22:44:18.466,0.8258118033409119,1,0.8266136050224304,1
2026-02-09 22:44:18.573,0.6547632217407227,1,0.7882506728172303,1
2026-02-09 22:44:18.680,0.7135665416717529,1,0.7303402155637742,1
2026-02-09 22:44:18.786,0.6706276535987854,1,0.6789015352725982,1
2026-02-09 22:44:18.893,0.6391600966453552,1,0.6358814299106598,1
2026-02-09 22:44:19.000,0.6027417778968811,1,0.6006037473678589,1
2026-02-09 22:44:19.106,0.40294745564460754,0,0.5751788556575775,1
2026-02-09 22:44:19.213,0.4221450984477997,0,0.5949337244033813,1
2026-02-09 22:44:19.320,0.5110360383987427,1,0.5961786329746246,1
2026-02-09 22:44:19.426,0.5632377862930298,1,0.5978783905506134,1
2026-02-09 22:44:19.533,0.5715628862380981,1,0.5910941302776337,1
2026-02-09 22:44:19.640,0.852311909198761,1,0.5593796461820603,1
2026-02-09 22:44:19.746,0.7260156273841858,1,0.5452250272035599,1
2026-02-09 22:44:19.853,0.6876252293586731,1,0.5366715878248215,1
2026-02-09 22:44:19.960,0.5713174939155579,1,0.5274933457374573,1
2026-02-09 22:44:20.066,0.28559693694114685,0,0.5482555806636811,1
2026-02-09 22:44:20.173,0.2614012658596039,0,0.5757117629051208,1
2026-02-09 22:44:20.280,0.33661070466041565,0,0.5777702867984772,1
2026-02-09 22:44:20.386,0.4192536175251007,0,0.595346313714981,1
2026-02-09 22:44:20.493,0.7708601355552673,1,0.6212459862232208,1
2026-02-09 22:44:20.600,0.8461247086524963,1,0.661736273765564,1
2026-02-09 22:44:20.706,0.8728971481323242,1,0.72988261282444,1
2026-02-09 22:44:20.813,0.9017758965492249,1,0.8031089007854462,1
2026-02-09 22:44:20.920,0.9466219544410706,1,0.8680829256772995,1
2026-02-09 22:44:21.026,0.9762203693389893,1,0.9235599040985107,1
2026-02-09 22:44:21.133,0.9670603275299072,1,0.94262193441391,1
2026-02-09 22:44:21.240,0.9936641454696655,1,0.9528561055660247,1
2026-02-09 22:44:21.346,0.986350953578949,1,0.960072374343872,1
2026-02-09 22:44:21.453,0.9740234017372131,1,0.9636348247528076,1
2026-02-09 22:44:21.560,0.961480438709259,1,0.9644928395748138,1
2026-02-09 22:44:21.666,0.948466420173645,1,0.9638962507247925,1
2026-02-09 22:44:21.773,0.9450598359107971,1,0.964066082239151,1
2026-02-09 22:44:21.880,0.9374004006385803,1,0.9612475514411927,1
2026-02-09 22:44:21.986,0.9552021026611328,1,0.9603373169898987,1
2026-02-09 22:44:22.093,0.9702544808387756,1,0.9615161955356598,1
2026-02-09 22:44:22.200,0.9687586426734924,1,0.9634644150733948,1
2026-02-09 22:44:22.306,0.9654788374900818,1,0.966620534658432,1
2026-02-09 22:44:22.413,0.9772486090660095,1,0.971699345111847,1
2026-02-09 22:44:22.520,0.9858121871948242,1,0.9775975048542023,1
2026-02-09 22:44:22.626,0.9809626340866089,1,0.9815551459789276,1
2026-02-09 22:44:22.733,0.9800276160240173,1,0.9840721189975739,1
2026-02-09 22:44:22.840,0.9958479404449463,1,0.986594420671463,1
2026-02-09 22:44:22.946,0.9963819980621338,1,0.9893715620040894,1
2026-02-09 22:44:23.053,0.9947785139083862,1,0.9911687850952149,1
2026-02-09 22:44:23.160,0.995424211025238,1,0.992230623960495,1
2026-02-09 22:44:23.266,0.993981659412384,1,0.9938352942466736,1
2026-02-09 22:44:23.373,0.9932502508163452,1,0.9956523180007935,1
2026-02-09 22:44:23.480,0.9952208399772644,1,0.9957715451717377,1
2026-02-09 22:44:23.586,0.9964305758476257,1,0.9957572042942047,1
2026-02-09 22:44:23.693,0.9970093369483948,1,0.9961328089237214,1
2026-02-09 22:44:23.800,0.9981978535652161,1,0.996405303478241,1
2026-02-09 22:44:23.906,0.9970402121543884,1,0.9967863857746124,1
2026-02-09 22:44:24.013,0.9962385892868042,1,0.9969489097595214,1
2026-02-09 22:44:24.120,0.9985345602035522,1,0.9961042463779449,1
2026-02-09 22:44:24.226,0.9981491565704346,1,0.9946405291557312,1
2026-02-09 22:44:24.333,0.9977924823760986,1,0.9908786296844483,1
2026-02-09 22:44:24.440,0.9948754906654358,1,0.9885822772979737,1
2026-02-09 22:44:24.546,0.986774206161499,1,0.987445467710495,1
2026-02-09 22:44:24.653,0.9817934036254883,1,0.9858899474143982,1
2026-02-09 22:44:24.760,0.9593903422355652,1,0.9826318562030792,1
2026-02-09 22:44:24.866,0.97523432970047,1,0.9779353737831116,1
2026-02-09 22:44:24.973,0.985672116279602,1,0.9737351417541504,1
2026-02-09 22:44:25.080,0.9806833863258362,1,0.966646420955658,1
2026-02-09 22:44:25.186,0.9659536480903625,1,0.9591796815395355,1
2026-02-09 22:44:25.293,0.9511843323707581,1,0.9557769477367402,1
2026-02-09 22:44:25.400,0.9557901620864868,1,0.957284277677536,1
2026-02-09 22:44:25.506,0.9239882826805115,1,0.9577745079994202,1
2026-02-09 22:44:25.613,0.9121068120002747,1,0.9515708565711976,1
2026-02-09 22:44:25.720,0.9477660655975342,1,0.9414493560791015,1
2026-02-09 22:44:25.826,0.9744636416435242,1,0.9265188574790955,1
2026-02-09 22:44:25.933,0.9801366329193115,1,0.9041845500469208,1
2026-02-09 22:44:26.040,0.9236356019973755,1,0.8874978840351104,1
2026-02-09 22:44:26.146,0.8794683814048767,1,0.8852437555789947,1
2026-02-09 22:44:26.253,0.8166486620903015,1,0.8846463978290557,1
2026-02-09 22:44:26.360,0.7278412580490112,1,0.8786100804805755,1
2026-02-09 22:44:26.466,0.7889235019683838,1,0.8734077095985413,1
2026-02-09 22:44:26.573,0.9014469981193542,1,0.8681684553623199,1
2026-02-09 22:44:26.680,0.906133234500885,1,0.8652738630771637,1
2026-02-09 22:44:26.786,0.8874028921127319,1,0.8705634474754333,1
2026-02-09 22:44:26.893,0.9224399328231812,1,0.8831016898155213,1
2026-02-09 22:44:27.000,0.9277440905570984,1,0.8994495868682861,1
2026-02-09 22:44:27.106,0.894689679145813,1,0.9156989872455596,1
2026-02-09 22:44:27.213,0.9323642253875732,1,0.9018078207969665,1
2026-02-09 22:44:27.320,0.9420310854911804,1,0.8871190845966339,1
2026-02-09 22:44:27.426,0.8913202285766602,1,0.859500128030777,1
2026-02-09 22:44:27.533,0.9514175057411194,1,0.8225388526916504,1
2026-02-09 22:44:27.640,0.7625353336334229,1,0.761617124080658,1
2026-02-09 22:44:27.746,0.7592458724975586,1,0.7244223833084107,1
2026-02-09 22:44:27.853,0.6112133264541626,1,0.6787669479846954,1
2026-02-09 22:44:27.960,0.5528271794319153,1,0.6222874015569687,1
2026-02-09 22:44:28.066,0.3185268044471741,0,0.5667230933904648,1
2026-02-09 22:44:28.173,0.5227422714233398,1,0.491547504067421,0
2026-02-09 22:44:28.280,0.47580987215042114,0,0.4323133647441864,0
2026-02-09 22:44:28.386,0.37723562121391296,0,0.3744159162044525,0
2026-02-09 22:44:28.493,0.3356771469116211,0,0.33579005748033525,0
2026-02-09 22:44:28.600,0.19966161251068115,0,0.30869603902101517,0
2026-02-09 22:44:28.706,0.17019394040107727,0,0.3356312945485115,0
2026-02-09 22:44:28.813,0.18027138710021973,0,0.35771552473306656,0
2026-02-09 22:44:28.920,0.2249547392129898,0,0.3893386021256447,0
2026-02-09 22:44:29.026,0.2818869948387146,0,0.42749010771512985,0
2026-02-09 22:44:29.133,0.5878793597221375,1,0.46678255051374434,0
2026-02-09 22:44:29.240,0.7435845732688904,1,0.5030152305960656,1
2026-02-09 22:44:29.346,0.7920406460762024,1,0.5458335474133491,1
2026-02-09 22:44:29.453,0.7587506771087646,1,0.5929537668824196,1
2026-02-09 22:44:29.560,0.7286015748977661,1,0.6339340209960938,1
2026-02-09 22:44:29.666,0.5619884133338928,1,0.6614973068237304,1
2026-02-09 22:44:29.773,0.5983771085739136,1,0.6405588030815125,1
2026-02-09 22:44:29.880,0.6514735817909241,1,0.6014541447162628,1
2026-02-09 22:44:29.986,0.6347572803497314,1,0.5742724061012268,1
2026-02-09 22:44:30.093,0.5575198531150818,1,0.5618083477020264,1
2026-02-09 22:44:30.200,0.3784943222999573,0,0.5587134838104248,1
2026-02-09 22:44:30.306,0.35253798961639404,0,0.5889348864555359,1
2026-02-09 22:44:30.413,0.5202232599258423,1,0.6163901448249817,1
2026-02-09 22:44:30.520,0.6341100931167603,1,0.6389012694358825,1
2026-02-09 22:44:30.626,0.6976529359817505,1,0.6679106771945953,1
2026-02-09 22:44:30.733,0.8642024397850037,1,0.7018687784671783,1
2026-02-09 22:44:30.840,0.8729296922683716,1,0.7509129345417023,1
2026-02-09 22:44:30.946,0.8765848278999329,1,0.7965254306793212,1
2026-02-09 22:44:31.053,0.9248513579368591,1,0.8278747498989105,1
2026-02-09 22:44:31.160,0.8971008658409119,1,0.8499300420284271,1
2026-02-09 22:44:31.266,0.8689358830451965,1,0.8668403267860413,1
2026-02-09 22:44:31.373,0.8086629509925842,1,0.8560724139213562,1
2026-02-09 22:44:31.480,0.8337164521217346,1,0.8524384379386902,1
2026-02-09 22:44:31.586,0.8546630144119263,1,0.8524938523769379,1
2026-02-09 22:44:31.693,0.8667557835578918,1,0.8468043625354766,1
2026-02-09 22:44:31.800,0.7565233111381531,1,0.8438266515731812,1
2026-02-09 22:44:31.906,0.8365899324417114,1,0.8541037142276764,1
2026-02-09 22:44:32.013,0.8771389722824097,1,0.8694503128528595,1
2026-02-09 22:44:32.120,0.8679564595222473,1,0.8763999700546264,1
2026-02-09 22:44:32.226,0.8673237562179565,1,0.884876948595047,1
2026-02-09 22:44:32.333,0.9717065095901489,1,0.8800525903701782,1
2026-02-09 22:44:32.440,0.9621289372444153,1,0.8685296535491943,1
2026-02-09 22:44:32.546,0.9032130241394043,1,0.8642446994781494,1
2026-02-09 22:44:32.653,0.9394327998161316,1,0.8660852372646332,1
2026-02-09 22:44:32.760,0.8185122013092041,1,0.8503171622753143,1
2026-02-09 22:44:32.866,0.6412939429283142,1,0.8287024557590484,1
2026-02-09 22:44:32.973,0.7937403917312622,1,0.8202028751373291,1
2026-02-09 22:44:33.080,0.8955443501472473,1,0.8175310015678405,1
2026-02-09 22:44:33.186,0.7102757096290588,1,0.8178499579429627,1
2026-02-09 22:44:33.293,0.6511766910552979,1,0.8143329560756684,1
2026-02-09 22:44:33.400,0.8867107033729553,1,0.8212850153446197,1
2026-02-09 22:44:33.506,0.93541020154953,1,0.845740020275116,1
2026-02-09 22:44:33.613,0.906402587890625,1,0.8532770454883576,1
2026-02-09 22:44:33.720,0.9042627811431885,1,0.8484956443309783,1
2026-02-09 22:44:33.826,0.8880327939987183,1,0.8549349308013916,1
2026-02-09 22:44:33.933,0.8858439922332764,1,0.8600425481796264,1
2026-02-09 22:44:34.040,0.869110643863678,1,0.8498632490634919,1
2026-02-09 22:44:34.146,0.8477303385734558,1,0.8384910941123962,1
2026-02-09 22:44:34.253,0.7746685743331909,1,0.8379901885986328,1
2026-02-09 22:44:34.360,0.7022528648376465,1,0.8397872090339661,1
2026-02-09 22:44:34.466,0.7849177122116089,1,0.8450747072696686,1
2026-02-09 22:44:34.573,0.8216886520385742,1,0.8383228123188019,1
2026-02-09 22:44:34.680,0.9013935327529907,1,0.8022603273391724,1
2026-02-09 22:44:34.786,0.922232985496521,1,0.7671693682670593,1
2026-02-09 22:44:34.893,0.9409077763557434,1,0.7255838185548782,1
2026-02-09 22:44:35.000,0.8183250427246094,1,0.708482638001442,1
2026-02-09 22:44:35.106,0.5084857940673828,1,0.7139828413724899,1
2026-02-09 22:44:35.213,0.49682074785232544,0,0.7133545905351639,1
2026-02-09 22:44:35.320,0.35881307721138,0,0.7041854053735733,1
2026-02-09 22:44:35.426,0.5312410593032837,1,0.6772364169359207,1
2026-02-09 22:44:35.533,0.8399197459220886,1,0.6587041586637497,1
2026-02-09 22:44:35.640,0.8154061436653137,1,0.6623689383268356,1
2026-02-09 22:44:35.746,0.809701681137085,1,0.7020704478025437,1
2026-02-09 22:44:35.853,0.6527431011199951,1,0.7442437320947647,1
2026-02-09 22:44:35.960,0.7555851936340332,1,0.8040454149246216,1
2026-02-09 22:44:36.066,0.8549728393554688,1,0.8453611135482788,1
2026-02-09 22:44:36.173,0.9055008888244629,1,0.8544091641902923,1
2026-02-09 22:44:36.280,0.9185535907745361,1,0.8678763270378113,1
2026-02-09 22:44:36.386,0.9568299055099487,1,0.8828423619270325,1
2026-02-09 22:44:36.493,0.944398045539856,1,0.9076967716217041,1
2026-02-09 22:44:36.600,0.9304002523422241,1,0.9265219330787658,1
2026-02-09 22:44:36.706,0.9500777721405029,1,0.9325198829174042,1
2026-02-09 22:44:36.813,0.9593620300292969,1,0.929066789150238,1
2026-02-09 22:44:36.920,0.9012871980667114,1,0.901310533285141,1
2026-02-09 22:44:37.026,0.9438368082046509,1,0.8565125823020935,1
2026-02-09 22:44:37.133,0.9149523377418518,1,0.7797594293951988,1
2026-02-09 22:44:37.240,0.8709699511528015,1,0.6932087525725364,1
2026-02-09 22:44:37.346,0.6409910321235657,1,0.6235853716731071,1
2026-02-09 22:44:37.453,0.5088503956794739,1,0.5406103953719139,1
2026-02-09 22:44:37.560,0.17686651647090912,0,0.45795656442642213,0
2026-02-09 22:44:37.666,0.06489348411560059,0,0.3677867315709591,0
2026-02-09 22:44:37.773,0.2538439631462097,0,0.2771607721224427,0
2026-02-09 22:44:37.880,0.1296122670173645,0,0.19039700117427855,0
2026-02-09 22:44:37.986,0.07474888861179352,0,0.12642566359136254,0
2026-02-09 22:44:38.093,0.0421384796500206,0,0.07555585561931366,0
2026-02-09 22:44:38.200,0.008692743256688118,0,0.05787858835610678,0
2026-02-09 22:44:38.306,0.0033322416711598635,0,0.05139364886235853,0
2026-02-09 22:44:38.413,0.0012776562944054604,0,0.02601689981711388,0
2026-02-09 22:44:38.520,0.0001523159589851275,0,0.013061522488715126,0
2026-02-09 22:44:38.626,9.384383884025738e-05,0,0.005601448914967477,0
2026-02-09 22:44:38.733,4.408917811815627e-05,0,0.0014411788491997869,0
2026-02-09 22:44:38.840,7.647269376320764e-05,0,0.0006099625199567527,0
2026-02-09 22:44:38.946,5.8493733376963064e-05,0,0.00030737156921532003,0
2026-02-09 22:44:39.053,0.00014815287431702018,0,0.00019212337501812727,0
2026-02-09 22:44:39.160,0.000535778992343694,0,0.00019047730311285704,0
2026-02-09 22:44:39.266,0.00038057996425777674,0,0.00019203012707293964,0
2026-02-09 22:44:39.373,0.0003063321637455374,0,0.00033920433088496793,0
2026-02-09 22:44:39.480,0.00012517435243353248,0,0.0010323941092792665,0
2026-02-09 22:44:39.586,0.00013585523993242532,0,0.00323434697202174,0
2026-02-09 22:44:39.693,0.00010937207844108343,0,0.010531155228090939,0
2026-02-09 22:44:39.800,0.001515831216238439,0,0.019950772255833728,0
2026-02-09 22:44:39.906,0.007008370477706194,0,0.02300483019062085,0
2026-02-09 22:44:40.013,0.022078022360801697,0,0.02472600747278193,0
2026-02-09 22:44:40.120,0.073116235435009,0,0.024818401115771847,0
2026-02-09 22:44:40.226,0.09473194926977158,0,0.0248879260267131,0
2026-02-09 22:44:40.333,0.03092115931212902,0,0.024962275638245046,0
2026-02-09 22:44:40.440,0.01751810498535633,0,0.024879292194964365,0
2026-02-09 22:44:40.546,0.0010491107823327184,0,0.024259618693031372,0
2026-02-09 22:44:40.653,0.0008311043493449688,0,0.022107958956621588,0
2026-02-09 22:44:40.760,0.0008528681937605143,0,0.014859436935512348,0
2026-02-09 22:44:40.866,0.0006859967834316194,0,0.005411515076411888,0
2026-02-09 22:44:40.973,0.0008116354583762586,0,0.0023651142371818425,0
2026-02-09 22:44:41.080,0.0005614249967038631,0,0.0007125268923118711,0
2026-02-09 22:44:41.186,0.00063101522391662,0,0.001684490602929145,0
2026-02-09 22:44:41.293,0.00025273067876696587,0,0.0051326715038158,0
2026-02-09 22:44:41.400,0.00045715091982856393,0,0.02934242266928777,0
2026-02-09 22:44:41.506,0.0009922315366566181,0,0.05184745052247308,0
2026-02-09 22:44:41.613,0.010768747888505459,0,0.07696763146668673,0
2026-02-09 22:44:41.720,0.03531291335821152,0,0.0960874639917165,0
2026-02-09 22:44:41.826,0.24295037984848022,0,0.11763219657004811,0
2026-02-09 22:44:41.933,0.22573627531528473,0,0.16103204242535868,0
2026-02-09 22:44:42.040,0.2520134449005127,0,0.22563117067329586,0
2026-02-09 22:44:42.146,0.19175975024700165,0,0.2983090101741254,0
2026-02-09 22:44:42.253,0.21607834100723267,0,0.37407212480902674,0
2026-02-09 22:44:42.360,0.43425118923187256,0,0.4490060806274414,0
2026-02-09 22:44:42.466,0.6464484333992004,1,0.5050666451454162,1
2026-02-09 22:44:42.573,0.7277706265449524,1,0.5704675301909446,1
2026-02-09 22:44:42.680,0.7683998942375183,1,0.6383670553565025,1
2026-02-09 22:44:42.786,0.7846524715423584,1,0.7175822496414185,1
2026-02-09 22:44:42.893,0.8035560250282288,1,0.7957305133342742,1
2026-02-09 22:44:43.000,0.8797451257705688,1,0.8522020757198334,1
2026-02-09 22:44:43.106,0.9310086965560913,1,0.886012601852417,1
2026-02-09 22:44:43.213,0.9839116930961609,1,0.9015689313411712,1
2026-02-09 22:44:43.320,0.997560977935791,1,0.9036163091659546,1
2026-02-09 22:44:43.426,0.9989668130874634,1,0.887175053358078,1
2026-02-09 22:44:43.533,0.9845536947250366,1,0.8615618407726288,1
2026-02-09 22:44:43.640,0.8833339214324951,1,0.8338599920272827,1
2026-02-09 22:44:43.746,0.7888736724853516,1,0.8079262793064117,1
2026-02-09 22:44:43.853,0.6202399134635925,1,0.7892212450504303,1
2026-02-09 22:44:43.960,0.5474238991737366,1,0.7775821447372436,1
2026-02-09 22:44:44.066,0.6027266383171082,1,0.7691345095634461,1
2026-02-09 22:44:44.173,0.6716715693473816,1,0.7667116165161133,1
2026-02-09 22:44:44.280,0.7968613505363464,1,0.7676565468311309,1
2026-02-09 22:44:44.386,0.8811699748039246,1,0.7748313426971436,1
2026-02-09 22:44:44.493,0.9144904613494873,1,0.7810227513313294,1
2026-02-09 22:44:44.600,0.960324764251709,1,0.805003434419632,1
2026-02-09 22:44:44.706,0.8927832245826721,1,0.7816737800836563,1
2026-02-09 22:44:44.813,0.8606216311454773,1,0.7236891537904739,1
2026-02-09 22:44:44.920,0.6821539998054504,1,0.6470486866310239,1
2026-02-09 22:44:45.026,0.7872307300567627,1,0.5600361580960452,1
2026-02-09 22:44:45.133,0.3694300949573517,0,0.4692228666041046,0
2026-02-09 22:44:45.240,0.09182530641555786,0,0.3734626290155575,0
2026-02-09 22:44:45.346,0.030456678941845894,0,0.28459982222411784,0
2026-02-09 22:44:45.453,0.011044689454138279,0,0.1990777420112863,0
2026-02-09 22:44:45.560,0.006357546430081129,0,0.131297351536341,0
2026-02-09 22:44:45.666,0.0027223883662372828,0,0.05267637172946706,0
2026-02-09 22:44:45.773,0.004155156668275595,0,0.015826062916312368,0
2026-02-09 22:44:45.880,0.005400829017162323,0,0.006741622684057802,0
2026-02-09 22:44:45.986,0.004350095055997372,0,0.00392269940348342,0
2026-02-09 22:44:46.093,0.0010209319880232215,0,0.0031641020788811145,0
2026-02-09 22:44:46.200,0.0009270068258047104,0,0.0040258218417875465,0
2026-02-09 22:44:46.306,0.0009809040930122137,0,0.004006924654822797,0
2026-02-09 22:44:46.413,0.0022674461361020803,0,0.003748269099742174,0
2026-02-09 22:44:46.520,0.00345871620811522,0,0.003248612835886888,0
2026-02-09 22:44:46.626,0.01497474405914545,0,0.002884122179239057,0
2026-02-09 22:44:46.733,0.00253341649658978,0,0.0028607419721083716,0
2026-02-09 22:44:46.840,0.0015686011174693704,0,0.0028189153148559854,0
2026-02-09 22:44:46.946,0.00040426637860946357,0,0.0028342745936242864,0
2026-02-09 22:44:47.053,0.0007051884895190597,0,0.0027762547571910543,0
2026-02-09 22:44:47.160,0.000787129916716367,0,0.0025706160784466194,0
2026-02-09 22:44:47.266,0.0005087402532808483,0,0.0011849793692817912,0
2026-02-09 22:44:47.373,0.0011344968806952238,0,0.0014059019595151767,0
2026-02-09 22:44:47.480,0.001687247771769762,0,0.003515799596789293,0
2026-02-09 22:44:47.586,0.001402329420670867,0,0.008678527269512414,0
2026-02-09 22:44:47.693,0.00111837696749717,0,0.01950326362857595,0
2026-02-09 22:44:47.800,0.0047426423989236355,0,0.05092374573578127,0
2026-02-09 22:44:47.906,0.022667577490210533,0,0.07409394277492538,0
2026-02-09 22:44:48.013,0.05203154310584068,0,0.09503489955095575,0
2026-02-09 22:44:48.120,0.10895255208015442,0,0.10668827326735482,0
2026-02-09 22:44:48.226,0.31499195098876953,0,0.1099564414122142,0
2026-02-09 22:44:48.333,0.23221071064472198,0,0.11200569435022771,0
2026-02-09 22:44:48.440,0.21054406464099884,0,0.11318048276007175,0
2026-02-09 22:44:48.546,0.1182209849357605,0,0.11227107448503375,0
2026-02-09 22:44:48.653,0.0340840108692646,0,0.10763796414248646,0
2026-02-09 22:44:48.760,0.021610906347632408,0,0.09697984619997442,0
2026-02-09 22:44:48.866,0.016490526497364044,0,0.06554655290092341,0
2026-02-09 22:44:48.973,0.013573494739830494,0,0.042355631417012776,0
2026-02-09 22:44:49.080,0.005700439680367708,0,0.02133610276505351,0
2026-02-09 22:44:49.186,0.0023713726550340652,0,0.009548403462395072,0
2026-02-09 22:44:49.293,0.0006590179982595146,0,0.006194778415374458,0
2026-02-09 22:44:49.400,0.0003014958056155592,0,0.004068368839216419,0
2026-02-09 22:44:49.506,0.00034877812140621245,0,0.0024458200350636616,0
2026-02-09 22:44:49.613,0.0003439919091761112,0,0.0011174695566296578,0
2026-02-09 22:44:49.720,0.0005477603990584612,0,0.0005792069336166605,0
2026-02-09 22:44:49.826,0.0003468105860520154,0,0.0003841485042357817,0
2026-02-09 22:44:49.933,0.0002650384558364749,0,0.00037616372283082454,0
2026-02-09 22:44:50.040,0.00028998995549045503,0,0.0003629278755397536,0
2026-02-09 22:44:50.146,0.0003178134502377361,0,0.0003429621676332317,0
2026-02-09 22:44:50.253,0.0004207883612252772,0,0.000321002937562298,0
2026-02-09 22:44:50.360,0.0005791701842099428,0,0.00027366644790163266,0
2026-02-09 22:44:50.466,0.00016913733270484954,0,0.0002520940179238096,0
2026-02-09 22:44:50.573,0.00014912104234099388,0,0.00026136166707146913,0
2026-02-09 22:44:50.680,0.00012439960846677423,0,0.0003489510912913829,0
2026-02-09 22:44:50.786,7.439550245180726e-05,0,0.0006508154066978023,0
2026-02-09 22:44:50.893,0.00013108628627378494,0,0.0019490767415845766,0
2026-02-09 22:44:51.000,0.0003577149473130703,0,0.004517304422915913,0
2026-02-09 22:44:51.106,0.0011658841976895928,0,0.007667330380354542,0
2026-02-09 22:44:51.213,0.0033364566043019295,0,0.01424712981824996,0
2026-02-09 22:44:51.320,0.013403401710093021,0,0.018989535282889845,0
2026-02-09 22:44:51.426,0.026261446997523308,0,0.02914184527035104,0
2026-02-09 22:44:51.533,0.03166939690709114,0,0.03745154702337459,0
2026-02-09 22:44:51.640,0.06594711542129517,0,0.046366739145014435,0
2026-02-09 22:44:51.746,0.047548454254865646,0,0.05348933078348637,0
2026-02-09 22:44:51.853,0.10159749537706375,0,0.05712808845564723,0
2026-02-09 22:44:51.960,0.08322810381650925,0,0.06288585234433412,0
2026-02-09 22:44:52.066,0.08950963616371155,0,0.06737198270857334,0
2026-02-09 22:44:52.173,0.0723918005824089,0,0.06989435777068138,0
2026-02-09 22:44:52.280,0.03972403332591057,0,0.0661067433655262,0
2026-02-09 22:44:52.386,0.07098104059696198,0,0.06441024709492922,0
2026-02-09 22:44:52.493,0.07112275063991547,0,0.059597391076385973,0
2026-02-09 22:44:52.600,0.05689314752817154,0,0.05314277168363333,0
2026-02-09 22:44:52.706,0.028070971369743347,0,0.04543690895661712,0
2026-02-09 22:44:52.813,0.030583491548895836,0,0.03912043580785394,0
2026-02-09 22:44:52.920,0.05346893519163132,0,0.03541256873868406,0
2026-02-09 22:44:53.026,0.018681909888982773,0,0.028465152764692903,0
2026-02-09 22:44:53.133,0.012451008893549442,0,0.02147312053712085,0
2026-02-09 22:44:53.240,0.009227069094777107,0,0.015958845952991397,0
2026-02-09 22:44:53.346,0.0026453626342117786,0,0.013224103540414945,0
2026-02-09 22:44:53.453,0.0015068808570504189,0,0.010243334283586591,0
2026-02-09 22:44:53.560,0.0012024283641949296,0,0.005007503321394324,0
2026-02-09 22:44:53.666,0.0017504016868770123,0,0.003267470409628004,0
2026-02-09 22:44:53.773,0.0007235472439788282,0,0.0023207901627756654,0
2026-02-09 22:44:53.880,0.0007757989806123078,0,0.0017260649357922376,0
2026-02-09 22:44:53.986,0.0011106255697086453,0,0.002070764929521829,0
2026-02-09 22:44:54.093,0.0012815807713195682,0,0.003593472775537521,0
2026-02-09 22:44:54.200,0.002984206425026059,0,0.003993100533261895,0
2026-02-09 22:44:54.306,0.0032798168249428272,0,0.004099211748689413,0
2026-02-09 22:44:54.413,0.006092362571507692,0,0.004278045456157997,0
2026-02-09 22:44:54.520,0.016733959317207336,0,0.004337825870607048,0
2026-02-09 22:44:54.626,0.005198705941438675,0,0.004348051093984395,0
2026-02-09 22:44:54.733,0.002811513841152191,0,0.004553275881335139,0
2026-02-09 22:44:54.840,0.00251188431866467,0,0.004598822654224932,0
2026-02-09 22:44:54.946,0.001373603125102818,0,0.004506507073529065,0
2026-02-09 22:44:55.053,0.0012128778034821153,0,0.004093331238254905,0
2026-02-09 22:44:55.160,0.0033338286448270082,0,0.002516349410871044,0
2026-02-09 22:44:55.266,0.0034396741539239883,0,0.0020142366774962284,0
2026-02-09 22:44:55.373,0.002356661017984152,0,0.0017478230307460762,0
2026-02-09 22:44:55.480,0.0019606042187660933,0,0.0015092312169144861,0
2026-02-09 22:44:55.586,0.000964141043368727,0,0.0013841920314007438,0
2026-02-09 22:44:55.693,0.00017757860769052058,0,0.0013812217526719905,0
2026-02-09 22:44:55.800,0.00014737737365067005,0,0.0011443305949796923,0
2026-02-09 22:44:55.906,0.00012596618034876883,0,0.0010074767938931472,0
2026-02-09 22:44:56.013,0.00012321126996539533,0,0.0010006052631069905,0
2026-02-09 22:44:56.120,0.001183175016194582,0,0.0009302150298026391,0
2026-02-09 22:44:56.226,0.0009649170679040253,0,0.0009268113484722562,0
2026-02-09 22:44:56.333,0.0020711361430585384,0,0.001010509952902794,0
2026-02-09 22:44:56.440,0.0022879457101225853,0,0.0011509987292811275,0
2026-02-09 22:44:56.546,0.0012567018857225776,0,0.001395910358405672,0
2026-02-09 22:44:56.653,0.0009301042300648987,0,0.0020879532443359495,0
2026-02-09 22:44:56.760,0.0010145646519958973,0,0.002683127881027758,0
2026-02-09 22:44:56.866,0.0015522651374340057,0,0.004148111905669794,0
2026-02-09 22:44:56.973,0.0025750824715942144,0,0.006967962806811556,0
2026-02-09 22:44:57.080,0.007043640129268169,0,0.013478813687106595,0
2026-02-09 22:44:57.186,0.007134921383112669,0,0.028058798477286474,0
2026-02-09 22:44:57.293,0.015614757314324379,0,0.07241382102947683,0
2026-02-09 22:44:57.400,0.030269645154476166,0,0.09082737176213414,0
2026-02-09 22:44:57.506,0.06739645451307297,0,0.10214547461364418,0
2026-02-09 22:44:57.613,0.14705654978752136,0,0.10873792958445846,0
2026-02-09 22:44:57.720,0.4444803297519684,0,0.11072733826003969,0
2026-02-09 22:44:57.826,0.18515007197856903,0,0.11171449534595013,0
2026-02-09 22:44:57.933,0.11473329365253448,0,0.11095823626965284,0
2026-02-09 22:44:58.040,0.06849963217973709,0,0.10818361898418516,0
2026-02-09 22:44:58.146,0.026937726885080338,0,0.10162611925043166,0
2026-02-09 22:44:58.253,0.017006492242217064,0,0.08702424666844308,0
2026-02-09 22:44:58.360,0.008052166551351547,0,0.0426437511050608,0
2026-02-09 22:44:58.466,0.002523472299799323,0,0.024196624872274697,0
2026-02-09 22:44:58.573,0.0018214571755379438,0,0.012895477365236729,0
2026-02-09 22:44:58.680,0.0010378239676356316,0,0.006230515264905989,0
2026-02-09 22:44:58.786,0.0006753741181455553,0,0.0036722026648931204,0
2026-02-09 22:44:58.893,0.0006788096507079899,0,0.0021413871785625816,0
2026-02-09 22:44:59.000,0.0017218185821548104,0,0.001369011914357543,0
2026-02-09 22:44:59.106,0.001850011176429689,0,0.0011408908758312464,0
2026-02-09 22:44:59.213,0.001354600884951651,0,0.0009755126855452545,0
2026-02-09 22:44:59.320,0.001698337378911674,0,0.0008913559257052838,0
2026-02-09 22:44:59.426,0.00032841390930116177,0,0.0008510737563483417,0
2026-02-09 22:44:59.533,0.00024226191453635693,0,0.0008311870944453404,0
2026-02-09 22:44:59.640,0.00016767527267802507,0,0.0007284821855137125,0
2026-02-09 22:44:59.746,0.00019625636923592538,0,0.0006171993009047583,0
2026-02-09 22:44:59.853,0.0002725524245761335,0,0.0005655783257680014,0
2026-02-09 22:44:59.960,0.00047994303167797625,0,0.0004727214836748317,0
2026-02-09 22:45:00.066,0.0006947694928385317,0,0.000550903080147691,0
2026-02-09 22:45:00.173,0.000737182330340147,0,0.0006875843304442242,0
2026-02-09 22:45:00.280,0.0008383911335840821,0,0.0007678542009671218,0
2026-02-09 22:45:00.386,0.0007697689579799771,0,0.0008212529675802216,0
2026-02-09 22:45:00.493,0.0011102298740297556,0,0.000852120402851142,0
2026-02-09 22:45:00.600,0.001609074417501688,0,0.0008477992174448446,0
2026-02-09 22:45:00.706,0.000970373977907002,0,0.0008111289556836709,0
2026-02-09 22:45:00.813,0.0007302440353669226,0,0.0007680959097342566,0
2026-02-09 22:45:00.920,0.0005812267772853374,0,0.0007011413312284276,0
2026-02-09 22:45:01.026,0.0004367311776150018,0,0.0006476921698777005,0
2026-02-09 22:45:01.133,0.0003280668752267957,0,0.0005507209731149487,0
2026-02-09 22:45:01.240,0.0003068518708460033,0,0.0004008749332570005,0
2026-02-09 22:45:01.346,0.00016884534852579236,0,0.00031033928607939745,0
2026-02-09 22:45:01.453,0.00023527734447270632,0,0.00024561636746511795,0
2026-02-09 22:45:01.560,0.0001405179064022377,0,0.00019466339144855738,0
2026-02-09 22:45:01.666,0.00011061401892220601,0,0.00016348900826415047,0
2026-02-09 22:45:01.773,6.501750613097101e-05,0,0.00015917124546831473,0
2026-02-09 22:45:01.880,8.301484922412783e-05,0,0.00016163372929440812,0
2026-02-09 22:45:01.986,7.169701711973175e-05,0,0.0002377494776737876,0
2026-02-09 22:45:02.093,0.00012498734577093273,0,0.00036881570267723875,0
2026-02-09 22:45:02.200,0.00028488924726843834,0,0.0005990586709231138,0
2026-02-09 22:45:02.306,0.00033147670910693705,0,0.0012139438280428295,0
2026-02-09 22:45:02.413,0.0009300028323195875,0,0.0021945786276774014,0
2026-02-09 22:45:02.520,0.0015459395945072174,0,0.0032933401940681505,0
2026-02-09 22:45:02.626,0.0024429475888609886,0,0.005211299563234207,0
2026-02-09 22:45:02.733,0.006259465590119362,0,0.006527949575684033,0
2026-02-09 22:45:02.840,0.009871365502476692,0,0.008480030237114989,0
2026-02-09 22:45:02.946,0.011070630513131618,0,0.011003149760654196,0
2026-02-09 22:45:03.053,0.01925129070878029,0,0.012280125264078378,0
2026-02-09 22:45:03.160,0.013291487470269203,0,0.027176735270768405,0
2026-02-09 22:45:03.266,0.019805695861577988,0,0.0854565305635333,0
2026-02-09 22:45:03.373,0.025562671944499016,0,0.13051424808800222,0
2026-02-09 22:45:03.480,0.013699757866561413,0,0.17655805815011263,0
2026-02-09 22:45:03.586,0.15051203966140747,0,0.2604511882178485,0
2026-02-09 22:45:03.693,0.58524090051651,1,0.31978684877976776,0
2026-02-09 22:45:03.800,0.45683664083480835,0,0.3590587359853089,0
2026-02-09 22:45:03.906,0.47030946612358093,0,0.38265044847503304,0
2026-02-09 22:45:04.013,0.8500019311904907,1,0.3982940333895385,0
2026-02-09 22:45:04.120,0.6126078963279724,1,0.4036651164293289,0
2026-02-09 22:45:04.226,0.40601035952568054,0,0.40395757406949995,0
2026-02-09 22:45:04.333,0.2557228207588196,0,0.3643846496939659,0
2026-02-09 22:45:04.440,0.18199852108955383,0,0.3306880809366703,0
2026-02-09 22:45:04.546,0.06741058826446533,0,0.2893273841589689,0
2026-02-09 22:45:04.653,0.15343661606311798,0,0.20701033137738706,0
2026-02-09 22:45:04.760,0.18951165676116943,0,0.1460343472659588,0
2026-02-09 22:45:04.866,0.11987095326185226,0,0.10550342254573479,0
2026-02-09 22:45:04.973,0.056702498346567154,0,0.08000975728500634,0
2026-02-09 22:45:05.080,0.026831403374671936,0,0.06194332181476057,0
2026-02-09 22:45:05.186,0.002848055213689804,0,0.055750224739313126,0
2026-02-09 22:45:05.293,0.0007011123234406114,0,0.04114638678729534,0
2026-02-09 22:45:05.400,0.0007861681515350938,0,0.024291370436549185,0
2026-02-09 22:45:05.506,0.0013341663870960474,0,0.012556405551731587,0
2026-02-09 22:45:05.613,0.0054796175099909306,0,0.007135553727857768,0
2026-02-09 22:45:05.720,0.00739823654294014,0,0.004706878052093089,0
2026-02-09 22:45:05.826,0.020961493253707886,0,0.004697537398897111,0
2026-02-09 22:45:05.933,0.002521304413676262,0,0.004966899717692286,0
2026-02-09 22:45:06.040,0.0024939801078289747,0,0.005421936372295022,0
2026-02-09 22:45:06.146,0.002544646617025137,0,0.0070756972068920735,0
2026-02-09 22:45:06.253,0.002754648681730032,0,0.008257726370356978,0
2026-02-09 22:45:06.360,0.003394735511392355,0,0.00965323073323816,0
2026-02-09 22:45:06.466,0.005336534697562456,0,0.009367083176039159,0
2026-02-09 22:45:06.573,0.01787177473306656,0,0.012280108383856713,0
2026-02-09 22:45:06.680,0.01729990914463997,0,0.0176367805339396,0
2026-02-09 22:45:06.786,0.021353280171751976,0,0.035775962052866817,0
2026-02-09 22:45:06.893,0.018100017681717873,0,0.041157305054366586,0
2026-02-09 22:45:07.000,0.03165155649185181,0,0.04325139955617487,0
2026-02-09 22:45:07.106,0.05606070160865784,0,0.04348365333862603,0
2026-02-09 22:45:07.213,0.1839364618062973,0,0.04182172361761331,0
2026-02-09 22:45:07.320,0.05656807869672775,0,0.0401423099974636,0
2026-02-09 22:45:07.426,0.024335680529475212,0,0.0380441785993753,0
2026-02-09 22:45:07.533,0.007659072522073984,0,0.036257016740273686,0
2026-02-09 22:45:07.640,0.0012524775229394436,0,0.0331120412403834,0
2026-02-09 22:45:07.746,0.0005057729431428015,0,0.02751430495773093,0
2026-02-09 22:45:07.853,0.00037196619086898863,0,0.009123711403663037,0
2026-02-09 22:45:07.960,0.00022839909070171416,0,0.0034736923313175793,0
2026-02-09 22:45:08.066,0.0002018014929490164,0,0.0010493813591892832,0
2026-02-09 22:45:08.173,8.333878213306889e-05,0,0.0003096169311902486,0
2026-02-09 22:45:08.280,3.0526265618391335e-05,0,0.00023044289991958067,0
2026-02-09 22:45:08.386,6.788797327317297e-05,0,0.0004816644111997448,0
2026-02-09 22:45:08.493,9.257080819224939e-05,0,0.0005208147063967772,0
2026-02-09 22:45:08.600,0.0002614282420836389,0,0.00052404710004339,0
2026-02-09 22:45:08.706,0.0004607372102327645,0,0.0005493555043358355,0
2026-02-09 22:45:08.813,0.0030179880559444427,0,0.0005614957488432992,0
2026-02-09 22:45:08.920,0.0007634691428393126,0,0.0005693158593203407,0
2026-02-09 22:45:09.026,0.0002607230271678418,0,0.0005685508855094668,0
2026-02-09 22:45:09.133,0.0004548855358734727,0,0.0005660105191054754,0
2026-02-09 22:45:09.240,0.00020474122720770538,0,0.0005497958540217951,0
2026-02-09 22:45:09.346,0.00010872737038880587,0,0.0005092411091027315,0
2026-02-09 22:45:09.453,6.023823516443372e-05,0,0.00021231365499261302,0
2026-02-09 22:45:09.560,6.716714415233582e-05,0,0.0001431064560165396,0
2026-02-09 22:45:09.666,9.928159124683589e-05,0,0.0001414286463841563,0
2026-02-09 22:45:09.773,5.518976104212925e-05,0,0.0002924235213868087,0
2026-02-09 22:45:09.880,4.8713514843257144e-05,0,0.000618761096484377,0
2026-02-09 22:45:09.986,7.139715307857841e-05,0,0.0026027760988654334,0
2026-02-09 22:45:10.093,0.00024394493084400892,0,0.003249989193500369,0
2026-02-09 22:45:10.200,0.0019648342858999968,0,0.003941827134622144,0
2026-02-09 22:45:10.306,0.0034681169781833887,0,0.004510948553433991,0
2026-02-09 22:45:10.413,0.01994887739419937,0,0.004803143345998251,0
2026-02-09 22:45:10.520,0.006532369181513786,0,0.0050223110461956825,0
2026-02-09 22:45:10.626,0.006985546555370092,0,0.006757335376460105,0
2026-02-09 22:45:10.733,0.005790495779365301,0,0.007441505300812423,0
2026-02-09 22:45:10.840,0.0029771376866847277,0,0.007794658048078417,0
2026-02-09 22:45:10.946,0.0022403905168175697,0,0.0076741321012377735,0
2026-02-09 22:45:11.053,0.01742164045572281,0,0.005929437256418169,0
2026-02-09 22:45:11.160,0.007085644174367189,0,0.005619001714512706,0
2026-02-09 22:45:11.266,0.005496361758559942,0,0.0057288769632577894,0
2026-02-09 22:45:11.373,0.00226285750977695,0,0.005819220282137394,0
2026-02-09 22:45:11.480,0.002501928946003318,0,0.005904356180690229,0
2026-02-09 22:45:11.586,0.003428013762459159,0,0.005893458286300302,0
2026-02-09 22:45:11.693,0.00808429904282093,0,0.004196107620373368,0
2026-02-09 22:45:11.800,0.0066939289681613445,0,0.0035569656756706536,0
2026-02-09 22:45:11.906,0.0038284966722130775,0,0.003039083132171072,0
2026-02-09 22:45:12.013,0.002131411572918296,0,0.002845799218630418,0
2026-02-09 22:45:12.120,0.00044813379645347595,0,0.0026271488430211322,0
2026-02-09 22:45:12.226,0.0006942247273400426,0,0.0023023542831651866,0
2026-02-09 22:45:12.333,0.0003175363235641271,0,0.0015136835892917589,0
2026-02-09 22:45:12.440,0.00033001837437041104,0,0.0009140751528320834,0
2026-02-09 22:45:12.546,0.00031542518991045654,0,0.0005803486186778173,0
2026-02-09 22:45:12.653,0.00018006816389970481,0,0.0004030978336231783,0
2026-02-09 22:45:12.760,0.0001975921040866524,0,0.0006688951776595786,0
2026-02-09 22:45:12.866,0.0006978446035645902,0,0.0011454711348051205,0
2026-02-09 22:45:12.973,0.0004912313306704164,0,0.001549119793344289,0
2026-02-09 22:45:13.080,0.00035890372237190604,0,0.001581174085731618,0
2026-02-09 22:45:13.186,0.003106107236817479,0,0.0016447578032966702,0
2026-02-09 22:45:13.293,0.005459984298795462,0,0.001726902087102644,0
2026-02-09 22:45:13.400,0.0043540229089558125,0,0.001789039804134518,0
2026-02-09 22:45:13.506,0.0006505612982437015,0,0.0017893190146423877,0
2026-02-09 22:45:13.613,0.0009512623655609787,0,0.0017901185143273323,0
2026-02-09 22:45:13.720,0.001001511001959443,0,0.0018557655508629977,0
2026-02-09 22:45:13.826,0.00081896927440539,0,0.0016906075179576874,0
2026-02-09 22:45:13.933,0.0007006367086432874,0,0.0013528837589547038,0
2026-02-09 22:45:14.040,0.0004992263275198638,0,0.0012017436325550078,0
2026-02-09 22:45:14.146,0.00101537408772856,0,0.0031140362028963865,0
2026-02-09 22:45:14.253,0.0014545269077643752,0,0.0041996794694568965,0
2026-02-09 22:45:14.360,0.002082746708765626,0,0.005703518044902012,0
2026-02-09 22:45:14.466,0.0028426216449588537,0,0.008562398434150964,0
2026-02-09 22:45:14.573,0.019773487001657486,0,0.008642806770512833,0
2026-02-09 22:45:14.680,0.011807695031166077,0,0.008824094093870371,0
2026-02-09 22:45:14.786,0.0160398967564106,0,0.008895418513566256,0
2026-02-09 22:45:14.893,0.029407773166894913,0,0.009246666647959501,0
2026-02-09 22:45:15.000,0.0015047200722619891,0,0.009425289940554648,0
2026-02-09 22:45:15.106,0.0023120995610952377,0,0.009592580038588493,0
2026-02-09 22:45:15.213,0.0017286182846873999,0,0.00793299312936142,0
2026-02-09 22:45:15.320,0.004967008251696825,0,0.007170614844653755,0
2026-02-09 22:45:15.426,0.003868979634717107,0,0.005976252036634833,0
2026-02-09 22:45:15.533,0.004515522625297308,0,0.0038627016940154133,0
2026-02-09 22:45:15.640,0.003177617909386754,0,0.0048705576686188575,0
2026-02-09 22:45:15.746,0.004183912184089422,0,0.007293861056677997,0
2026-02-09 22:45:15.853,0.004096268676221371,0,0.015191477816551923,0
2026-02-09 22:45:15.960,0.008272269740700722,0,0.040621360996738076,0
2026-02-09 22:45:16.066,0.011583279818296432,0,0.09868381482083351,0
2026-02-09 22:45:16.173,0.02654513344168663,0,0.17616598529275507,0
2026-02-09 22:45:16.280,0.08070478588342667,0,0.2635528700891882,0
2026-02-09 22:45:16.386,0.25926584005355835,0,0.30293770963326094,0
2026-02-09 22:45:16.493,0.5844935178756714,1,0.371874719299376,0
2026-02-09 22:45:16.600,0.7793372273445129,1,0.4610830083489418,0
2026-02-09 22:45:16.706,0.8770464658737183,1,0.5447808090597391,1
2026-02-09 22:45:16.813,0.3980323076248169,0,0.6312867976725102,1
2026-02-09 22:45:16.920,0.6934663653373718,1,0.7077653884887696,1
2026-02-09 22:45:17.026,0.9003551602363586,1,0.7618828058242798,1
2026-02-09 22:45:17.133,0.8485612869262695,1,0.7872755646705627,1
2026-02-09 22:45:17.240,0.891605019569397,1,0.7940578997135163,1
2026-02-09 22:45:17.346,0.8454906940460205,1,0.797715175151825,1
2026-02-09 22:45:17.453,0.8004400134086609,1,0.8507216393947601,1
2026-02-09 22:45:17.560,0.838421106338501,1,0.8758828997611999,1
2026-02-09 22:45:17.666,0.8471605777740479,1,0.8766312181949616,1
2026-02-09 22:45:17.773,0.9136192202568054,1,0.872280353307724,1
2026-02-09 22:45:17.880,0.9280969500541687,1,0.8762904644012451,1
2026-02-09 22:45:17.986,0.94507896900177,1,0.8790948271751404,1
2026-02-09 22:45:18.093,0.9078383445739746,1,0.8938012242317199,1
2026-02-09 22:45:18.200,0.805052638053894,1,0.9006483674049377,1
2026-02-09 22:45:18.306,0.9317061305046082,1,0.9073275327682495,1
2026-02-09 22:45:18.413,0.8735343217849731,1,0.9054186105728149,1
2026-02-09 22:45:18.520,0.9475039839744568,1,0.9034281075000763,1
2026-02-09 22:45:18.626,0.9068925380706787,1,0.9020917236804962,1
2026-02-09 22:45:18.733,0.9139522314071655,1,0.905334198474884,1
2026-02-09 22:45:18.840,0.8945299983024597,1,0.9208435952663422,1
2026-02-09 22:45:18.946,0.9081919193267822,1,0.9207493901252747,1
2026-02-09 22:45:19.053,0.9317151308059692,1,0.9235649883747101,1
2026-02-09 22:45:19.160,0.9402630925178528,1,0.9222941160202026,1
2026-02-09 22:45:19.266,0.9601466059684753,1,0.9283652186393738,1
2026-02-09 22:45:19.373,0.9307640790939331,1,0.9339051485061646,1
2026-02-09 22:45:19.480,0.9016903042793274,1,0.9439032852649689,1
2026-02-09 22:45:19.586,0.9347952604293823,1,0.9514842450618743,1
2026-02-09 22:45:19.693,0.9676035642623901,1,0.9565414309501648,1
2026-02-09 22:45:19.800,0.9693515300750732,1,0.9614663243293762,1
2026-02-09 22:45:19.906,0.9945113658905029,1,0.9646827518939972,1
2026-02-09 22:45:20.013,0.9840015172958374,1,0.970841008424759,1
2026-02-09 22:45:20.120,0.9822869896888733,1,0.980146712064743,1
2026-02-09 22:45:20.226,0.989512026309967,1,0.9860781729221344,1
2026-02-09 22:45:20.333,0.9923108816146851,1,0.9889304518699646,1
2026-02-09 22:45:20.440,0.9923466444015503,1,0.991011768579483,1
2026-02-09 22:45:20.546,0.9947473406791687,1,0.9872338891029357,1
2026-02-09 22:45:20.653,0.9941098690032959,1,0.983609527349472,1
2026-02-09 22:45:20.760,0.9961263537406921,1,0.9815662682056427,1
2026-02-09 22:45:20.866,0.9901646971702576,1,0.9811959445476532,1
2026-02-09 22:45:20.973,0.9567325711250305,1,0.9803564190864563,1
2026-02-09 22:45:21.080,0.9477578997612,1,0.980793696641922,1
2026-02-09 22:45:21.186,0.9618543982505798,1,0.9805115401744843,1
2026-02-09 22:45:21.293,0.985808789730072,1,0.9802637457847595,1
2026-02-09 22:45:21.400,0.9839156270027161,1,0.9791515290737152,1
2026-02-09 22:45:21.506,0.9967194199562073,1,0.9752088725566864,1
2026-02-09 22:45:21.613,0.9919257760047913,1,0.9738803446292877,1
2026-02-09 22:45:21.720,0.9916319251060486,1,0.9733209431171417,1
2026-02-09 22:45:21.826,0.985004186630249,1,0.9737995803356171,1
2026-02-09 22:45:21.933,0.9507381319999695,1,0.9691608965396881,1
2026-02-09 22:45:22.040,0.9434472918510437,1,0.963098531961441,1
2026-02-09 22:45:22.146,0.94216388463974,1,0.9551664769649506,1
2026-02-09 22:45:22.253,0.9666407704353333,1,0.9495094120502472,1
2026-02-09 22:45:22.360,0.9394219517707825,1,0.9458036899566651,1
2026-02-09 22:45:22.466,0.9232919812202454,1,0.944493442773819,1
2026-02-09 22:45:22.573,0.9173988699913025,1,0.9470155894756317,1
2026-02-09 22:45:22.680,0.9353551268577576,1,0.9506715834140778,1
2026-02-09 22:45:22.786,0.954574704170227,1,0.9542146861553192,1
2026-02-09 22:45:22.893,0.9719017148017883,1,0.9541194617748261,1
2026-02-09 22:45:23.000,0.9759595990180969,1,0.9488413035869598,1
2026-02-09 22:45:23.106,0.9800072312355042,1,0.9249492764472962,1
2026-02-09 22:45:23.213,0.9775949120521545,1,0.8831492125988006,1
2026-02-09 22:45:23.320,0.9656885266304016,1,0.8416910886764526,1
2026-02-09 22:45:23.426,0.8866403698921204,1,0.7853342652320862,1
2026-02-09 22:45:23.533,0.6843717098236084,1,0.7204344004392624,1
2026-02-09 22:45:23.640,0.49939823150634766,0,0.6519311159849167,1
2026-02-09 22:45:23.746,0.5207738876342773,1,0.5938926607370376,1
2026-02-09 22:45:23.853,0.3910064697265625,0,0.533663535118103,1
2026-02-09 22:45:23.960,0.3229030668735504,0,0.500447541475296,1
2026-02-09 22:45:24.066,0.2909267544746399,0,0.4929418683052063,0
2026-02-09 22:45:24.173,0.39962267875671387,0,0.4969001471996307,0
2026-02-09 22:45:24.280,0.3753036558628082,0,0.518414044380188,1
2026-02-09 22:45:24.386,0.6335285902023315,1,0.5203116655349731,1
2026-02-09 22:45:24.493,0.8115836381912231,1,0.5526176214218139,1
2026-02-09 22:45:24.600,0.7239544987678528,1,0.5771955579519272,1
2026-02-09 22:45:24.706,0.7145372033119202,1,0.5704610779881477,1
2026-02-09 22:45:24.813,0.5397500991821289,1,0.5512774184346199,1
2026-02-09 22:45:24.920,0.7140660285949707,1,0.5296727240085601,1
2026-02-09 22:45:25.026,0.5686824321746826,1,0.47628829479217527,0
2026-02-09 22:45:25.133,0.2235819548368454,0,0.4048370599746704,0
2026-02-09 22:45:25.240,0.20778608322143555,0,0.33674664944410326,0
2026-02-09 22:45:25.346,0.159256711602211,0,0.27287591323256494,0
2026-02-09 22:45:25.453,0.09968429803848267,0,0.2272571176290512,0
2026-02-09 22:45:25.560,0.09707129001617432,0,0.16821128875017166,0
2026-02-09 22:45:25.666,0.04305039346218109,0,0.1204070158302784,0
2026-02-09 22:45:25.773,0.07582984119653702,0,0.11438844427466392,0
2026-02-09 22:45:25.880,0.08356214314699173,0,0.17161728963255882,0
2026-02-09 22:45:25.986,0.12360773980617523,0,0.21767284944653512,0
2026-02-09 22:45:26.093,0.09063970297574997,0,0.23078268849187428,0
2026-02-09 22:45:26.200,0.16339623928070068,0,0.24749661330133677,0
2026-02-09 22:45:26.306,0.7800745368003845,1,0.27670321613550186,0
2026-02-09 22:45:26.413,0.6198123097419739,1,0.3101821119586627,0
